2020-02-01 19:55:27,0.636,0.016,0.115,0.195,0.036,0.86,0.72,0.104,0.213,0.79,0.553,0.9,0.268,0.138,0.609,0.962,0.45,0.341,0.453,0.807,0.484,0.337,0.605,0.77,0.798,0.649,0.404,0.963,0.064,0.628,0.988,0.3,0.736,0.813,0.78,0.422,0.604,0.516,0.551,0.302,0.113,0.882,0.727,0.953,0.946,0.568,0.126,0.917,0.853,0.672,0.311,0.497,0.968,0.53,0.245,0.805,0.786,0.78,0.669,0.917,0.729,0.151,0.929,0.849,0.88,0.898,0.758,0.566,0.438,0.945,0.903,0.77,0.249,0.154,0.759,0.265,0.445,0.533,0.119,0.018,0.725,0.97,0.936,0.004,0.878,0.951,0.59,0.211,0.09,0.491,0.501,0.739,0.081,0.302,0.186,0.101,0.788,0.698,0.667,0.525,0.7,0.393,0.938,0.506,0.005,0.952,0.133,0.842,0.11,0.873,0.707,0.39,0.424,0.297,0.182,0.892,0.003,0.966,0.485,0.734,0.316,0.077,0.398,0.487,0.24,0.41,0.619,0.184,0.765,0.342,0.052,0.843,0.364,0.698,0.669,0.07,0.975,0.784,0.694,0.796,0.702,0.653,0.217,0.509,0.77,0.864,0.39,0.085,0.041,0.296,0.03,0.149,0.5,0.247,0.116,0.792,0.296,0.993,0.476,0.432,0.873,0.382,0.462,0.141,0.809,0.43,0.242,0.055,0.415,0.032,0.363,0.27,0.564,0.056,0.6,0.042,0.532,0.97,0.681,0.323,0.482,0.256,0.828,0.656,0.274,0.121,0.535,0.203,0.176,0.437,0.497,0.01,0.92,0.881,0.701,0.176,0.007,0.442,0.486,0.018,0.553,0.502,0.368,0.96,0.522,0.752,0.252,0.994,0.286,0.5,0.206,0.08,0.923,0.11,0.482,0.448,0.398,0.36,0.36,0.618,0.174,0.901,0.29,0.833,0.649,0.381,0.637,0.861,0.124,0.789,0.296,0.334,0.595,0.18,0.935,0.379,0.457,0.994,0.345,0.818,0.572,0.909,0.525,0.558,0.017,0.273,0.299,0.623,0.227,0.046,0.852,0.852,0.482,0.34,0.479,0.085,0.988,0.318,0.037,0.872,0.808,0.918,0.015,0.523,0.632,0.211,0.486,0.064,0.982,0.389,0.417,0.31,0.148,0.601,0.506,0.586,0.25,0.762,0.398,0.222,0.895,0.516,0.926,0.118,0.189,0.986,0.693,0.928,0.576,0.1,0.439,0.74,0.889,0.112,0.445,0.051,0.385,0.224,0.565,0.641,0.493,0.268,0.001,0.602,0.635,0.829,0.681,0.281,0.859,0.714,0.773,0.625,0.469,0.885,0.234,0.233,0.659,0.198,0.79,0.877,0.993,0.54,0.57,0.337,0.703,0.92,0.455,0.92,0.504,0.11,0.726,0.885,0.082,0.043,0.48,0.125,0.867,0.563,0.349,0.107,0.574,0.9,0.967,0.587,0.211,0.23,0.537,0.694,0.649,0.732,0.148,0.74,0.578,0.858,0.631,0.314,0.409,0.254,0.238,0.473,0.937,0.351,0.443,0.899,0.729,0.561,0.865,0.285,0.397,0.307,0.93,0.359,0.797,0.718,0.344,0.441,0.265,0.584,0.245,0.454,0.439,0.475,0.923,0.072,0.554,0.221,0.931,0.869,0.799,0.743,0.42,0.151,0.677,0.061,0.15,0.015,0.667,0.51,0.42,0.273,0.538,0.925,0.779,0.547,0.419,0.003,0.065,0.38,0.321,0.894,0.678,0.355,0.267,0.865,0.317,0.634,0.283,0.534,0.939,0.844,0.041,0.099,0.925,0.796,0.626,0.715,0.15,0.351,0.877,0.876,0.656,0.348,0.765,0.821,0.247,0.502,0.743,0.509,0.088,0.658,0.164,0.045,0.79,0.117,0.853,0.042,0.523,0.196,0.586,0.725,0.534,0.271,0.384,0.844,0.47,0.802,0.968,0.671,0.977,0.182,0.563,0.218,0.32,0.506,0.958,0.7,0.362,0.416,0.793,0.332,0.505,0.275,0.312,0.222,0.806,0.503,0.806,0.354,0.203,0.789,0.807,0.053,0.868,0.623,0.041,0.778,0.093,0.856,0.417,0.808,0.502,0.634,0.396,0.133,0.833,0.68,0.381,0.469,0.148,0.559,0.26,0.362,0.157,0.09,0.604,0.259,0.813,0.044,0.839,0.696,0.671,0.46
2020-02-01 19:55:27,0.199,0.796,0.794,0.212,0.29,0.913,0.761,0.41,0.946,0.283,0.272,0.204,0.206,0.197,0.445,0.163,0.313,0.278,0.226,0.67,0.693,0.414,0.961,0.921,0.616,0.021,0.837,0.295,0.858,0.253,0.762,0.726,0.277,0.235,0.643,0.696,0.406,0.385,0.169,0.353,0.904,0.8,0.011,0.523,0.707,0.753,0.347,0.413,0.287,0.779,0.75,0.964,0.388,0.587,0.096,0.505,0.337,0.205,0.944,0.525,0.865,0.511,0.379,0.289,0.698,0.153,0.419,0.092,0.114,0.18,0.065,0.469,0.946,0.476,0.086,0.596,0.835,0.626,0.319,0.728,0.437,0.654,0.952,0.275,0.67,0.826,0.91,0.692,0.61,0.721,0.991,0.191,0.98,0.148,0.93,0.976,0.455,0.57,0.562,0.726,0.621,0.821,0.525,0.131,0.171,0.748,0.803,0.111,0.512,0.917,0.47,0.374,0.435,0.589,0.63,0.4,0.253,0.374,0.16,0.977,0.856,0.243,0.71,0.229,0.337,0.59,0.682,0.186,0.261,0.633,0.003,0.375,0.877,0.842,0.34,0.625,0.584,0.183,0.762,0.721,0.094,0.807,0.552,0.124,0.592,0.8,0.737,0.706,0.779,0.905,0.95,0.883,0.428,0.404,0.841,0.394,0.342,0.319,0.9,0.021,0.277,0.71,0.444,0.466,0.635,0.459,0.899,0.3,0.066,0.506,0.982,0.261,0.075,0.625,0.311,0.028,0.851,0.578,0.921,0.216,0.191,0.65,0.494,0.066,0.096,0.232,0.434,0.842,0.776,0.549,0.526,0.171,0.145,0.057,0.6,0.432,0.698,0.318,0.979,0.285,0.214,0.296,0.554,0.694,0.27,0.86,0.366,0.961,0.509,0.349,0.055,0.768,0.105,0.57,0.512,0.439,0.51,0.866,0.906,0.611,0.605,0.168,0.17,0.03,0.885,0.016,0.599,0.988,0.777,0.431,0.723,0.633,0.161,0.688,0.449,0.462,0.433,0.782,0.407,0.325,0.627,0.954,0.999,0.948,0.473,0.731,0.09,0.342,0.235,0.802,0.876,0.556,0.876,0.402,0.889,0.601,0.527,0.102,0.059,0.889,0.623,0.542,0.729,0.777,0.62,0.144,0.071,0.89,0.17,0.303,0.323,0.963,0.726,0.984,0.025,0.662,0.689,0.065,0.638,0.874,0.14,0.888,0.835,0.307,0.943,0.553,0.05,0.659,0.553,0.029,0.294,0.298,0.777,0.949,0.142,0.545,0.933,0.048,0.012,0.938,0.51,0.039,0.54,0.948,0.622,0.176,0.638,0.085,0.443,0.878,0.366,0.844,0.866,0.325,0.245,0.237,0.532,0.519,0.735,0.344,0.427,0.194,0.512,0.747,0.031,0.322,0.739,0.299,0.939,0.8,0.56,0.159,0.102,0.848,0.561,0.225,0.953,0.555,0.131,0.078,0.466,0.729,0.02,0.816,0.441,0.871,0.705,0.42,0.113,0.656,0.939,0.693,0.261,0.952,0.142,0.659,0.04,0.471,0.942,0.201,0.458,0.924,0.794,0.734,0.577,0.292,0.135,0.033,0.064,0.246,0.845,0.846,0.712,0.562,0.221,0.058,0.629,0.747,0.816,0.458,0.067,0.938,0.07,0.715,0.599,0.688,0.579,0.464,0.013,0.579,0.847,0.839,0.145,0.841,0.267,0.636,0.664,0.71,0.855,0.185,0.591,0.965,0.48,0.868,0.838,0.158,0.133,0.439,0.938,0.547,0.576,0.213,0.026,0.007,0.184,0.08,0.143,0.466,0.94,0.389,0.683,0.561,0.029,0.707,0.642,0.834,0.375,0.699,0.998,0.339,0.747,0.353,0.869,0.682,0.423,0.135,0.788,0.616,0.238,0.575,0.98,0.732,0.122,0.115,0.891,0.602,0.733,0.521,0.004,0.98,0.515,0.999,0.064,0.284,0.033,0.511,0.266,0.232,0.281,0.635,0.295,0.326,0.085,0.137,0.842,0.483,0.133,0.122,0.425,0.838,0.507,0.087,0.172,0.649,0.823,0.825,0.501,0.12,0.086,0.605,0.313,0.332,0.25,0.859,0.999,0.808,0.382,0.765,0.402,0.288,0.268,0.515,0.659,0.381,0.244,0.182,0.158,0.146,0.94,0.889,0.748,0.329,0.931,0.853,0.911,0.605,0.576,0.622,0.812,0.409,0.196,0.994
2020-02-01 19:55:27,0.602,0.063,0.952,0.152,0.126,0.916,0.857,0.817,0.123,0.881,0.277,0.192,0.202,0.305,0.714,0.478,0.258,0.279,0.012,0.736,0.277,0.45,0.782,0.506,0.694,0.591,0.17,0.956,0.095,0.459,0.409,0.46,0.487,0.306,0.892,0.826,0.457,0.353,0.126,0.335,0.168,0.187,0.755,0.163,0.101,0.932,0.146,0.583,0.374,0.72,0.94,0.175,0.464,0.556,0.272,0.304,0.996,0.778,0.094,0.778,0.185,0.939,0.137,0.377,0.445,0.813,0.571,0.705,0.659,0.509,0.382,0.606,0.331,0.533,0.628,0.207,0.947,0.895,0.587,0.141,0.219,0.192,0.356,0.534,0.861,0.784,0.321,0.117,0.96,0.868,0.125,0.864,0.657,0.021,0.663,0.704,0.99,0.073,0.203,0.276,0.439,0.96,0.285,0.152,0.53,0.964,0.392,0.902,0.869,0.164,0.577,0.716,0.779,0.101,0.433,0.673,0.334,0.123,0.139,0.629,0.392,0.765,0.584,0.809,0.905,0.827,0.167,0.947,0.338,0.095,0.701,0.267,0.77,0.296,0.389,0.235,0.459,0.414,0.794,0.309,0.799,0.365,0.519,0.075,0.925,0.058,0.024,0.691,0.085,0.644,0.078,0.331,0.522,0.13,0.124,0.472,0.41,0.88,0.276,0.514,0.809,0.165,0.47,0.188,0.011,0.237,0.863,0.852,0.63,0.328,0.357,0.223,0.189,0.523,0.396,0.499,0.921,0.164,0.542,0.943,0.321,0.252,0.903,0.445,0.559,0.612,0.884,0.902,0.049,0.823,0.303,0.349,0.164,0.388,0.888,0.133,0.406,0.752,0.094,0.251,0.358,0.472,0.889,0.138,0.057,0.597,0.233,0.357,0.728,0.866,0.228,0.51,0.182,0.495,0.651,0.557,0.514,0.605,0.525,0.817,0.696,0.013,0.206,0.937,0.768,0.603,0.751,0.217,0.865,0.86,0.567,0.582,0.386,0.778,0.34,0.804,0.373,0.027,0.365,0.425,0.664,0.858,0.364,0.33,0.026,0.127,0.834,0.279,0.549,0.413,0.888,0.074,0.595,0.175,0.028,0.784,0.876,0.87,0.548,0.55,0.144,0.964,0.414,0.713,0.873,0.499,0.115,0.072,0.709,0.504,0.833,0.866,0.312,0.562,0.687,0.412,0.385,0.91,0.486,0.184,0.704,0.181,0.818,0.657,0.236,0.198,0.682,0.275,0.021,0.616,0.054,0.015,0.709,0.756,0.474,0.562,0.219,0.554,0.876,0.809,0.073,0.383,0.207,0.512,0.505,0.614,0.885,0.773,0.813,0.733,0.778,0.653,0.341,0.212,0.455,0.654,0.559,0.372,0.233,0.829,0.046,0.288,0.881,0.49,0.925,0.669,0.949,0.714,0.214,0.654,0.534,0.313,0.751,0.355,0.494,0.425,0.919,0.971,0.621,0.248,0.089,0.612,0.076,0.013,0.857,0.309,0.199,0.706,0.91,0.34,0.437,0.19,0.711,0.444,0.848,0.853,0.407,0.643,0.815,0.168,0.728,0.875,0.156,0.806,0.322,0.235,0.805,0.387,0.331,0.411,0.184,0.012,0.875,0.799,0.588,0.591,0.365,0.522,0.538,0.283,0.992,0.183,0.326,0.49,0.688,0.475,0.938,0.984,0.969,0.116,0.157,0.013,0.741,0.602,0.599,0.691,0.048,0.902,0.848,0.796,0.649,0.823,0.497,0.719,0.455,0.344,0.457,0.941,0.35,0.919,0.527,0.33,0.929,0.886,0.23,0.18,0.073,0.009,0.752,0.652,0.888,0.592,0.536,0.231,0.321,0.586,0.737,0.208,0.608,0.449,0.79,0.164,0.13,0.591,0.387,0.791,0.925,0.244,0.571,0.944,0.973,0.582,0.809,0.518,0.615,0.782,0.324,0.929,0.261,0.138,0.545,0.598,0.475,0.241,0.487,0.655,0.234,0.497,0.981,0.724,0.99,0.814,0.105,0.238,0.215,0.238,0.097,0.266,0.531,0.873,0.653,0.863,0.728,0.714,0.814,0.074,0.127,0.642,0.216,0.288,0.224,0.556,0.552,0.765,0.064,0.209,0.098,0.136,0.356,0.277,0.028,0.897,0.479,0.663,0.921,0.954,0.617,0.8,0.178,0.061,0.256,0.397,0.256,0.535,0.017,0.792,0.558,0.74,0.671,0.713,0.125,0.242
2020-02-01 19:55:27,0.867,0.644,0.241,0.403,0.759,0.936,0.994,0.125,0.563,0.107,0.475,0.158,0.8,0.488,0.196,0.551,0.56,0.184,0.221,0.123,0.163,0.574,0.262,0.567,0.985,0.751,0.447,0.154,0.592,0.961,0.442,0.592,0.104,0.034,0.444,0.121,0.844,0.105,0.498,0.024,0.879,0.285,0.26,0.805,0.249,0.389,0.304,0.935,0.227,0.053,0.564,0.186,0.277,0.166,0.159,0.484,0.333,0.909,0.978,0.782,0.909,0.563,0.194,0.474,0.45,0.733,0.161,0.08,0.389,0.266,0.885,0.148,0.991,0.404,0.89,0.382,0.579,0.614,0.704,0.417,0.762,0.406,0.207,0.077,0.65,0.523,0.901,0.151,0.979,0.163,0.92,0.551,0.836,0.815,0.968,0.115,0.957,0.831,0.598,0.772,0.098,0.708,0.175,0.395,0.332,0.45,0.456,0.026,0.398,0.61,0.772,0.997,0.218,0.733,0.513,0.399,0.727,0.241,0.242,0.984,0.247,0.026,0.399,0.231,0.597,0.694,0.035,0.541,0.582,0.412,0.34,0.239,0.975,0.92,0.691,0.672,0.646,0.26,0.716,0.457,0.832,0.187,0.509,0.197,0.91,0.897,0.278,0.974,0.066,0.79,0.944,0.049,0.674,0.305,0.94,0.347,0.401,0.686,0.084,0.238,0.376,0.956,0.063,0.696,0.082,0.403,0.617,0.992,0.049,0.79,0.238,0.925,0.02,0.147,0.153,0.998,0.911,0.636,0.967,0.637,0.035,0.015,0.192,0.891,0.32,0.203,0.091,0.072,0.646,0.307,0.239,0.986,0.303,0.797,0.132,0.996,0.566,0.881,0.298,0.826,0.907,0.37,0.051,0.521,0.328,0.976,0.045,0.264,0.711,0.32,0.007,0.847,0.287,0.321,0.034,0.165,0.494,0.852,0.323,0.168,0.626,0.163,0.537,0.73,0.789,0.076,0.969,0.773,0.315,0.057,0.085,0.067,0.62,0.015,0.03,0.734,0.733,0.462,0.126,0.597,0.962,0.397,0.506,0.668,0.508,0.554,0.89,0.876,0.33,0.883,0.813,0.235,0.685,0.451,0.027,0.437,0.088,0.981,0.551,0.655,0.975,0.231,0.087,0.302,0.875,0.204,0.041,0.392,0.831,0.752,0.496,0.595,0.575,0.625,0.541,0.946,0.196,0.3,0.965,0.137,0.333,0.746,0.557,0.027,0.656,0.92,0.974,0.625,0.221,0.95,0.481,0.717,0.234,0.827,0.894,0.831,0.218,0.825,0.549,0.511,0.162,0.433,0.949,0.051,0.832,0.884,0.036,0.454,0.693,0.566,0.154,0.145,0.288,0.178,0.937,0.329,0.832,0.212,0.701,0.694,0.168,0.448,0.746,0.27,0.519,0.118,0.031,0.514,0.003,0.899,0.765,0.066,0.688,0.355,0.425,0.254,0.444,0.494,0.726,0.466,0.379,0.572,0.969,0.889,0.721,0.677,0.54,0.339,0.711,0.879,0.135,0.655,0.682,0.593,0.27,0.715,0.588,0.18,0.848,0.506,0.413,0.677,0.227,0.636,0.065,0.469,0.099,0.658,0.627,0.929,0.449,0.795,0.5,0.775,0.058,0.809,0.659,0.679,0.345,0.532,0.421,0.661,0.69,0.858,0.354,0.197,0.532,0.037,0.359,0.54,0.824,0.954,0.098,0.881,0.698,0.478,0.675,0.559,0.679,0.588,0.957,0.732,0.364,0.462,0.8,0.869,0.769,0.981,0.17,0.789,0.309,0.788,0.861,0.722,0.511,0.405,0.273,0.048,0.977,0.421,0.009,0.71,0.318,0.769,0.641,0.241,0.935,0.979,0.318,0.51,0.738,0.012,0.004,0.703,0.077,0.461,0.025,0.709,0.12,0.142,0.285,0.855,0.342,0.861,0.255,0.433,0.514,0.217,0.138,0.333,0.47,0.044,0.138,0.801,0.206,0.435,0.704,0.581,0.622,0.108,0.95,0.634,0.612,0.309,0.909,0.359,0.523,0.048,0.569,0.163,0.001,0.735,0.052,0.688,0.754,0.953,0.819,0.582,0.411,0.555,0.802,0.468,0.36,0.699,0.754,0.548,0.377,0.925,0.019,0.74,0.981,0.694,0.035,0.53,0.567,0.707,0.034,0.622,0.264,0.687,0.755,0.039,0.677,0.799,0.235,0.878,0.197,0.036,0.41,0.62,0.89,0.892
2020-02-01 19:55:27,0.478,0.109,0.466,0.768,0.876,0.089,0.318,0.483,0.272,0.377,0.807,0.131,0.482,0.695,0.149,0.478,0.271,0.396,0.072,0.424,0.274,0.339,0.685,0.456,0.578,0.937,0.025,0.84,0.508,0.63,0.849,0.072,0.997,0.794,0.308,0.585,0.428,0.928,0.557,0.394,0.416,0.419,0.719,0.083,0.268,0.101,0.024,0.502,0.718,0.704,0.744,0.314,0.217,0.285,0.119,0.168,0.345,0.891,0.225,0.482,0.142,0.492,0.771,0.068,0.383,0.837,0.399,0.018,0.959,0.158,0.271,0.816,0.44,0.604,0.437,0.455,0.358,0.224,0.944,0.264,0.547,0.091,0.866,0.797,0.59,0.893,0.94,0.593,0.521,0.302,0.189,0.82,0.492,0.419,0.644,0.48,0.012,0.55,0.386,0.775,0.504,0.351,0.803,0.016,0.507,0.15,0.731,0.307,0.058,0.046,0.846,0.358,0.185,0.01,0.606,0.325,0.606,0.3,0.189,0.605,0.431,0.424,0.671,0.668,0.327,0.663,0.754,0.37,0.713,0.463,0.615,0.4,0.684,0.68,0.595,0.939,0.347,0.808,0.496,0.983,0.939,0.393,0.94,0.409,0.881,0.17,0.731,0.233,0.059,0.967,0.969,0.445,0.812,0.157,0.949,0.788,0.513,0.987,0.09,0.164,0.543,0.308,0.396,0.797,0.207,0.259,0.562,0.722,0.13,0.158,0.511,0.608,0.847,0.732,0.046,0.539,0.457,0.349,0.829,0.931,0.322,0.924,0.501,0.35,0.913,0.293,0.669,0.765,0.313,0.238,0.255,0.01,0.7,0.787,0.225,0.755,0.298,0.286,0.779,0.278,0.578,0.393,0.867,0.11,0.81,0.29,0.961,0.165,0.372,0.318,0.639,0.15,0.29,0.924,0.815,0.39,0.616,0.327,0.103,0.52,0.715,0.354,0.619,0.624,0.963,0.844,0.178,0.125,0.514,0.008,0.783,0.344,0.642,0.309,0.761,0.797,0.642,0.975,0.333,0.32,0.245,0.298,0.163,0.568,0.161,0.952,0.995,0.703,0.074,0.626,0.94,0.236,0.73,0.347,0.658,0.598,0.102,0.57,0.444,0.906,0.223,0.486,0.305,0.848,0.435,0.137,0.414,0.115,0.722,0.925,0.169,0.424,0.251,0.275,0.196,0.314,0.853,0.966,0.942,0.766,0.506,0.999,0.917,0.716,0.744,0.425,0.91,0.582,0.854,0.324,0.348,0.228,0.119,0.297,0.108,0.568,0.892,0.904,0.971,0.183,0.919,0.246,0.328,0.502,0.089,0.013,0.442,0.335,0.208,0.487,0.774,0.868,0.415,0.926,0.115,0.903,0.973,0.111,0.885,0.4,0.346,0.976,0.62,0.321,0.97,0.084,0.09,0.991,0.89,0.864,0.976,0.586,0.244,0.542,0.553,0.676,0.784,0.425,0.237,0.407,0.771,0.28,0.945,0.087,0.281,0.267,0.582,0.463,0.807,0.366,0.227,0.471,0.852,0.5,0.068,0.222,0.84,0.369,0.8,0.047,0.964,0.353,0.453,0.986,0.213,0.966,0.662,0.345,0.002,0.438,0.581,0.902,0.01,0.922,0.803,0.355,0.704,0.309,0.465,0.517,0.759,0.642,0.83,0.46,0.416,0.973,0.749,0.412,0.873,0.712,0.35,0.109,0.428,0.963,0.817,0.81,0.236,0.545,0.012,0.451,0.045,0.486,0.336,0.274,0.782,0.621,0.402,0.47,0.931,0.717,0.673,0.032,0.325,0.651,0.658,0.084,0.704,0.466,0.744,0.955,0.078,0.89,0.181,0.398,0.333,0.68,0.45,0.446,0.081,0.019,0.62,0.248,0.175,0.044,0.617,0.963,0.017,0.375,0.796,0.612,0.518,0.482,0.055,0.548,0.765,0.333,0.863,0.806,0.307,0.972,0.325,0.007,0.751,0.091,0.916,0.6,0.398,0.303,0.993,0.49,0.401,0.703,0.989,0.978,0.699,0.649,0.676,0.395,0.782,0.311,0.059,0.932,0.357,0.308,0.611,0.862,0.022,0.465,0.745,0.118,0.751,0.784,0.079,0.947,0.067,0.082,0.534,0.305,0.264,0.441,0.958,0.026,0.379,0.176,0.783,0.734,0.502,0.69,0.634,0.549,0.717,0.559,0.416,0.818,0.923,0.956,0.3,0.905,0.407,0.178,0.002,0.471
2020-02-01 19:55:27,0.204,0.815,0.462,0.26,0.375,0.116,0.381,0.136,0.53,0.394,0.561,0.235,0.338,0.905,0.736,0.611,0.623,0.928,0.012,0.601,0.464,0.39,0.569,0.846,0.12,0.323,0.26,0.783,0.914,0.912,0.009,0.93,0.833,0.017,0.915,0.609,0.48,0.531,0.753,0.767,0.788,0.748,0.858,0.892,0.225,0.227,0.387,0.307,0.226,0.192,0.922,0.049,0.887,0.703,0.247,0.133,0.425,0.167,0.356,0.44,0.62,0.235,0.562,0.662,0.655,0.814,0.585,0.225,0.736,0.125,0.211,0.222,0.907,0.377,0.125,0.676,0.444,0.532,0.465,0.173,0.176,0.681,0.113,0.312,0.875,0.02,0.911,0.995,0.705,0.752,0.727,0.7,0.029,0.028,0.069,0.584,0.78,0.758,0.866,0.391,0.282,0.443,0.361,0.513,0.749,0.132,0.595,0.502,0.244,0.821,0.601,0.716,0.02,0.651,0.025,0.826,0.015,0.78,0.506,0.325,0.397,0.686,0.624,0.422,0.03,0.297,0.102,0.701,0.781,0.735,0.447,0.589,0.739,0.358,0.306,0.441,0.366,0.855,0.265,0.016,0.197,0.789,0.039,0.726,0.409,0.604,0.342,0.451,0.584,0.458,0.741,0.012,0.842,0.738,0.625,0.11,0.291,0.961,0.785,0.932,0.704,0.64,0.599,0.001,0.019,0.023,0.551,0.468,0.007,0.144,0.449,0.18,0.942,0.057,0.28,0.705,0.847,0.907,0.275,0.41,0.03,0.778,0.245,0.979,0.538,0.642,0.105,0.897,0.517,0.046,0.998,0.402,0.026,0.283,0.041,0.627,0.133,0.439,0.595,0.241,0.577,0.355,0.314,0.764,0.628,0.022,0.381,0.507,0.871,0.558,0.802,0.269,0.156,0.145,0.7,0.007,0.237,0.167,0.607,0.891,0.586,0.814,0.562,0.165,0.661,0.04,0.02,0.322,0.336,0.04,0.716,0.174,0.5,0.132,0.273,0.662,0.009,0.077,0.268,0.383,0.63,0.419,0.39,0.891,0.195,0.131,0.044,0.861,0.119,0.395,0.711,0.798,0.873,0.056,0.102,0.873,0.149,0.808,0.979,0.067,0.78,0.054,0.258,0.409,0.366,0.43,0.588,0.368,0.492,0.076,0.619,0.243,0.42,0.307,0.156,0.179,0.429,0.057,0.933,0.179,0.152,0.808,0.554,0.904,0.235,0.339,0.51,0.968,0.73,0.939,0.27,0.026,0.388,0.963,0.498,0.804,0.578,0.166,0.71,0.537,0.686,0.229,0.285,0.409,0.214,0.205,0.643,0.23,0.888,0.909,0.382,0.433,0.972,0.363,0.692,0.83,0.879,0.932,0.625,0.738,0.459,0.047,0.633,0.577,0.343,0.18,0.336,0.18,0.559,0.762,0.67,0.592,0.845,0.433,0.592,0.398,0.865,0.889,0.531,0.854,0.853,0.811,0.347,0.031,0.691,0.481,0.441,0.764,0.638,0.029,0.705,0.268,0.104,0.332,0.773,0.455,0.688,0.786,0.605,0.055,0.415,0.956,0.476,0.843,0.718,0.217,0.599,0.778,0.782,0.642,0.964,0.275,0.668,0.482,0.566,0.548,0.266,0.032,0.661,0.589,0.977,0.084,0.671,0.262,0.199,0.843,0.948,0.708,0.093,0.991,0.245,0.485,0.471,0.596,0.396,0.529,0.758,0.392,0.47,0.389,0.725,0.712,0.226,0.801,0.069,0.791,0.625,0.018,0.852,0.262,0.489,0.755,0.507,0.418,0.346,0.15,0.73,0.009,0.909,0.813,0.21,0.732,0.776,0.831,0.203,0.565,0.149,0.579,0.867,0.475,0.142,0.51,0.523,0.406,0.797,0.454,0.032,0.824,0.196,0.134,0.653,0.765,0.327,0.721,0.675,0.68,0.359,0.077,0.769,0.806,0.328,0.31,0.503,0.198,0.83,0.718,0.803,0.602,0.213,0.685,0.766,0.525,0.553,0.228,0.406,0.889,0.034,0.69,0.461,0.841,0.113,0.595,0.04,0.893,0.021,0.719,0.66,0.781,0.55,0.922,0.043,0.117,0.701,0.329,0.84,0.374,0.059,0.278,0.754,0.025,0.311,0.986,0.996,0.5,0.21,0.417,0.779,0.919,0.009,0.032,0.394,0.723,0.304,0.714,0.646,0.636,0.329,0.999,0.647,0.6,0.92,0.448
2020-02-01 19:55:27,0.226,0.649,0.521,0.785,0.303,0.805,0.841,0.652,0.46,0.958,0.369,0.424,0.895,0.968,0.395,0.301,0.028,0.131,0.238,0.336,0.571,0.812,0.538,0.685,0.644,0.164,0.705,0.798,0.807,0.321,0.607,0.448,0.958,0.0,0.467,0.784,0.993,0.247,0.351,0.046,0.326,0.501,0.774,0.925,0.585,0.68,0.097,0.264,0.272,0.367,0.884,0.189,0.517,0.398,0.306,0.654,0.11,0.646,0.077,0.972,0.387,0.351,0.251,0.041,0.319,0.749,0.989,0.926,0.873,0.769,0.392,0.101,0.206,0.427,0.787,0.151,0.884,0.293,0.812,0.445,0.069,0.686,0.63,0.11,0.957,0.435,0.555,0.524,0.841,0.171,0.267,0.367,0.015,0.265,0.014,0.784,0.183,0.542,0.649,0.568,0.482,0.117,0.901,0.595,0.798,0.491,0.041,0.587,0.75,0.61,0.38,0.954,0.0,0.944,0.874,0.062,0.211,0.22,0.494,0.974,0.66,0.335,0.919,0.03,0.432,0.538,0.045,0.971,0.726,0.055,0.255,0.846,0.714,0.279,0.841,0.338,0.994,0.915,0.871,0.223,0.752,0.733,0.415,0.961,0.006,0.435,0.643,0.108,0.882,0.934,0.866,0.442,0.918,0.82,0.323,0.074,0.648,0.402,0.942,0.744,0.323,0.952,0.802,0.611,0.764,0.199,0.32,0.748,0.789,0.3,0.518,0.016,0.053,0.099,0.154,0.285,0.841,0.973,0.773,0.56,0.454,0.735,0.586,0.316,0.997,0.375,0.625,0.125,0.642,0.864,0.846,0.641,0.333,0.967,0.818,0.433,0.283,0.739,0.524,0.837,0.739,0.9,0.735,0.853,0.805,0.774,0.918,0.306,0.057,0.524,0.667,0.182,0.579,0.589,0.633,0.803,0.288,0.564,0.252,0.527,0.319,0.07,0.258,0.334,0.146,0.029,0.372,0.029,0.881,0.753,0.418,0.353,0.519,0.622,0.607,0.386,0.346,0.739,0.934,0.41,0.762,0.34,0.966,0.596,0.824,0.073,0.936,0.682,0.229,0.83,0.202,0.3,0.512,0.803,0.35,0.345,0.888,0.46,0.638,0.47,0.149,0.403,0.23,0.798,0.801,0.145,0.607,0.508,0.644,0.851,0.198,0.69,0.667,0.473,0.354,0.067,0.021,0.114,0.774,0.207,0.788,0.537,0.448,0.748,0.985,0.007,0.262,0.164,0.002,0.834,0.292,0.229,0.721,0.494,0.813,0.631,0.776,0.589,0.389,0.229,0.443,0.73,0.457,0.613,0.68,0.215,0.019,0.763,0.83,0.633,0.172,0.293,0.808,0.107,0.11,0.504,0.125,0.74,0.924,0.845,0.262,0.563,0.51,0.46,0.513,0.069,0.874,0.665,0.695,0.329,0.061,0.061,0.923,0.704,0.962,0.322,0.458,0.928,0.523,0.445,0.992,0.582,0.102,0.676,0.984,0.654,0.076,0.971,0.423,0.065,0.976,0.846,0.055,0.165,0.292,0.767,0.186,0.736,0.316,0.469,0.867,0.059,0.421,0.293,0.198,0.109,0.556,0.175,0.235,0.703,0.655,0.778,0.18,0.081,0.809,0.463,0.034,0.762,0.912,0.493,0.247,0.071,0.314,0.696,0.241,0.652,0.774,0.013,0.091,0.327,0.665,0.38,0.251,0.134,0.639,0.382,0.982,0.937,0.433,0.901,0.895,0.024,0.312,0.189,0.648,0.577,0.208,0.918,0.913,0.495,0.397,0.899,0.592,0.512,0.562,0.267,0.012,0.105,0.135,0.523,0.824,0.435,0.647,0.671,0.502,0.191,0.503,0.995,0.535,0.561,0.284,0.861,0.639,0.885,0.492,0.405,0.358,0.997,0.893,0.198,0.161,0.366,0.045,0.683,0.313,0.351,0.446,0.665,0.296,0.148,0.796,0.243,0.945,0.811,0.711,0.203,0.711,0.091,0.996,0.986,0.678,0.933,0.974,0.807,0.309,0.303,0.95,0.258,0.214,0.332,0.569,0.055,0.272,0.138,0.588,0.103,0.659,0.236,0.039,0.353,0.008,0.359,0.545,0.686,0.749,0.287,0.316,0.347,0.214,0.077,0.672,0.321,0.636,0.46,0.213,0.59,0.123,0.573,0.559,0.603,0.053,0.447,0.355,0.188,0.115,0.87,0.192,0.974,0.55,0.997,0.62,0.516
2020-02-01 19:55:27,0.581,0.778,0.032,0.26,0.584,0.799,0.593,0.437,0.785,0.976,0.844,0.166,0.689,0.017,0.382,0.42,0.234,0.398,0.436,0.918,0.9,0.558,0.866,0.375,0.69,0.183,0.878,0.473,0.296,0.197,0.864,0.995,0.742,0.442,0.541,0.089,0.127,0.882,0.784,0.492,0.051,0.953,0.832,0.152,0.435,0.22,0.577,0.251,0.036,0.298,0.119,0.923,0.94,0.378,0.342,0.291,0.59,0.354,0.151,0.252,0.467,0.869,0.167,0.654,0.404,0.263,0.73,0.08,0.531,0.9,0.307,0.349,0.522,0.374,0.777,0.803,0.523,0.428,0.233,0.708,0.611,0.973,0.879,0.389,0.286,0.374,0.411,0.268,0.22,0.058,0.851,0.89,0.848,0.504,0.283,0.12,0.837,0.955,0.067,0.511,0.162,0.049,0.065,0.988,0.137,0.811,0.356,0.849,0.754,0.908,0.399,0.138,0.166,0.651,0.646,0.638,0.721,0.055,0.503,0.779,0.052,0.179,0.705,0.622,0.003,0.088,0.203,0.245,0.127,0.862,0.657,0.416,0.888,0.078,0.151,0.755,0.232,0.247,0.317,0.699,0.629,0.15,0.377,0.829,0.125,0.896,0.754,0.219,0.666,0.582,0.463,0.102,0.514,0.64,0.386,0.607,0.273,0.52,0.841,0.513,0.562,0.479,0.183,0.254,0.657,0.986,0.388,0.64,0.994,0.021,0.359,0.098,0.841,0.605,0.564,0.149,0.327,0.512,0.649,0.515,0.128,0.064,0.699,0.264,0.727,0.122,0.982,0.048,0.671,0.031,0.506,0.561,0.396,0.046,0.185,0.714,0.563,0.745,0.514,0.664,0.802,0.311,0.836,0.628,0.65,0.187,0.641,0.294,0.879,0.156,0.455,0.388,0.226,0.921,0.957,0.907,0.77,0.137,0.791,0.023,0.727,0.155,0.998,0.336,0.351,0.277,0.917,0.614,0.011,0.183,0.494,0.047,0.039,0.415,0.338,0.195,0.516,0.534,0.161,0.097,0.985,0.04,0.295,0.933,0.072,0.685,0.561,0.65,0.165,0.342,0.812,0.672,0.292,0.424,0.342,0.603,0.957,0.583,0.271,0.512,0.64,0.98,0.074,0.947,0.855,0.461,0.443,0.784,0.293,0.411,0.74,0.105,0.954,0.708,0.802,0.085,0.857,0.753,0.176,0.409,0.759,0.345,0.247,0.592,0.889,0.288,0.917,0.758,0.551,0.817,0.969,0.961,0.277,0.689,0.714,0.975,0.902,0.476,0.0,0.844,0.252,0.927,0.718,0.708,0.211,0.179,0.874,0.004,0.557,0.82,0.911,0.503,0.598,0.491,0.943,0.025,0.295,0.609,0.291,0.735,0.928,0.806,0.422,0.123,0.405,0.225,0.642,0.537,0.373,0.98,0.713,0.981,0.492,0.043,0.644,0.1,0.514,0.358,0.692,0.995,0.158,0.761,0.961,0.34,0.204,0.431,0.263,0.669,0.527,0.3,0.747,0.502,0.666,0.969,0.268,0.536,0.398,0.822,0.434,0.746,0.737,0.611,0.92,0.445,0.12,0.748,0.307,0.551,0.566,0.254,0.18,0.389,0.562,0.712,0.096,0.035,0.669,0.018,0.174,0.897,0.04,0.067,0.484,0.319,0.58,0.92,0.176,0.242,0.29,0.253,0.035,0.557,0.676,0.395,0.642,0.358,0.572,0.481,0.705,0.881,0.642,0.894,0.03,0.14,0.99,0.219,0.272,0.434,0.885,0.081,0.004,0.17,0.903,0.372,0.872,0.97,0.934,0.601,0.385,0.46,0.668,0.641,0.506,0.815,0.064,0.148,0.243,0.791,0.777,0.134,0.917,0.677,0.438,0.996,0.465,0.385,0.397,0.155,0.854,0.692,0.169,0.14,0.577,0.715,0.956,0.083,0.25,0.502,0.57,0.281,0.973,0.074,0.559,0.179,0.912,0.974,0.958,0.258,0.932,0.0,0.494,0.737,0.204,0.59,0.719,0.65,0.561,0.987,0.264,0.307,0.702,0.285,0.329,0.026,0.921,0.296,0.958,0.053,0.926,0.648,0.855,0.303,0.833,0.294,0.87,0.23,0.044,0.405,0.296,0.947,0.936,0.286,0.24,0.952,0.149,0.55,0.939,0.819,0.323,0.367,0.95,0.832,0.371,0.572,0.829,0.086,0.434,0.277,0.774,0.04,0.229,0.321
2020-02-01 19:55:27,0.911,0.726,0.351,0.861,0.743,0.077,0.185,0.165,0.294,0.761,0.743,0.193,0.059,0.25,0.496,0.012,0.598,0.498,0.274,0.839,0.153,0.944,0.744,0.351,0.194,0.477,0.892,0.422,0.349,0.342,0.147,0.274,0.09,0.603,0.663,0.711,0.012,0.127,0.391,0.011,0.154,0.073,0.018,0.01,0.892,0.243,0.551,0.501,0.461,0.225,0.563,0.171,0.678,0.667,0.916,0.474,0.908,0.589,0.608,0.118,0.08,0.584,0.889,0.573,0.057,0.885,0.418,0.182,0.403,0.187,0.674,0.462,0.03,0.271,0.586,0.423,0.954,0.242,0.374,0.629,0.061,0.143,0.1,0.644,0.884,0.678,0.074,0.647,0.297,0.953,0.997,0.295,0.639,0.97,0.411,0.381,0.549,0.892,0.051,0.016,0.954,0.967,0.578,0.894,0.835,0.125,0.617,0.561,0.114,0.41,0.951,0.679,0.006,0.575,0.848,0.398,0.54,0.556,0.088,0.779,0.921,0.868,0.073,0.078,0.955,0.713,0.443,0.204,0.61,0.446,0.276,0.339,0.777,0.18,0.157,0.628,0.241,0.248,0.076,0.815,0.893,0.338,0.711,0.505,0.285,0.146,0.384,0.615,0.009,0.618,0.75,0.513,0.767,0.119,0.769,0.602,0.244,0.93,0.858,0.166,0.369,0.548,0.63,0.182,0.847,0.099,0.516,0.003,0.347,0.152,0.057,0.534,0.532,0.281,0.107,0.104,0.784,0.427,0.985,0.332,0.977,0.392,0.884,0.856,0.94,0.844,0.696,0.483,0.088,0.006,0.248,0.142,0.504,0.265,0.938,0.076,0.121,0.795,0.205,0.97,0.048,0.093,0.502,0.834,0.144,0.648,0.51,0.48,0.013,0.509,0.377,0.744,0.422,0.65,0.363,0.699,0.417,0.839,0.488,0.934,0.129,0.134,0.511,0.112,0.655,0.295,0.181,0.308,0.19,0.928,0.813,0.724,0.33,0.811,0.906,0.211,0.559,0.804,0.357,0.038,0.449,0.472,0.201,0.351,0.176,0.89,0.517,0.473,0.124,0.875,0.922,0.071,0.699,0.961,0.532,0.871,0.436,0.161,0.289,0.028,0.501,0.611,0.606,0.717,0.238,0.788,0.856,0.623,0.437,0.996,0.163,0.469,0.73,0.68,0.412,0.511,0.59,0.058,0.437,0.936,0.506,0.856,0.372,0.668,0.784,0.523,0.26,0.553,0.76,0.195,0.011,0.296,0.192,0.296,0.009,0.357,0.115,0.809,0.792,0.697,0.269,0.342,0.636,0.444,0.076,0.374,0.108,0.419,0.123,0.175,0.08,0.318,0.345,0.928,0.511,0.683,0.47,0.258,0.576,0.012,0.514,0.469,0.016,0.071,0.193,0.596,0.98,0.826,0.914,0.649,0.531,0.307,0.365,0.011,0.037,0.434,0.783,0.523,0.669,0.933,0.724,0.288,0.115,0.368,0.591,0.701,0.803,0.464,0.03,0.438,0.954,0.329,0.91,0.046,0.178,0.566,0.844,0.985,0.828,0.933,0.295,0.112,0.334,0.035,0.879,0.179,0.308,0.205,0.384,0.23,0.982,0.368,0.394,0.232,0.963,0.442,0.176,0.887,0.667,0.672,0.298,0.735,0.774,0.985,0.574,0.091,0.282,0.906,0.517,0.496,0.678,0.436,0.314,0.644,0.152,0.296,0.74,0.011,0.416,0.296,0.965,0.893,0.837,0.062,0.51,0.343,0.271,0.525,0.879,0.844,0.812,0.591,0.653,0.917,0.39,0.522,0.526,0.22,0.901,0.174,0.864,0.293,0.973,0.627,0.714,0.479,0.69,0.876,0.312,0.784,0.287,0.399,0.14,0.992,0.517,0.091,0.795,0.456,0.634,0.691,0.236,0.335,0.98,0.27,0.431,0.857,0.513,0.87,0.836,0.234,0.029,0.105,0.331,0.23,0.407,0.058,0.501,0.005,0.062,0.689,0.189,0.653,0.211,0.82,0.886,0.387,0.947,0.021,0.462,0.329,0.151,0.973,0.011,0.854,0.925,0.328,0.166,0.394,0.852,0.152,0.204,0.437,0.374,0.825,0.968,0.632,0.011,0.362,0.764,0.785,0.62,0.301,0.435,0.994,0.882,0.357,0.703,0.157,0.99,0.202,0.141,0.279,0.604,0.589,0.893,0.011,0.22,0.574,0.201,0.776,0.749,0.335
2020-02-01 19:55:27,0.32,0.592,0.376,0.346,0.145,0.668,0.159,0.905,0.421,0.177,0.181,0.624,0.366,0.314,0.538,0.144,0.506,0.685,0.908,0.644,0.101,0.277,0.288,0.192,0.202,0.843,0.369,0.255,0.584,0.536,0.954,0.071,0.462,0.296,0.326,0.026,0.151,0.142,0.901,0.114,0.902,0.367,0.504,0.844,0.335,0.519,0.063,0.928,0.511,0.612,0.745,0.547,0.719,0.706,0.701,0.065,0.357,0.031,0.02,0.505,0.794,0.543,0.009,0.817,0.582,0.979,0.214,0.146,0.713,0.923,0.577,0.563,0.428,0.227,0.53,0.472,0.196,0.251,0.818,0.54,0.92,0.396,0.292,0.568,0.117,0.15,0.396,0.308,0.425,0.219,0.165,0.388,0.948,0.238,0.665,0.159,0.818,0.632,0.244,0.108,0.262,0.031,0.91,0.792,0.87,0.797,0.97,0.223,0.575,0.968,0.234,0.828,0.517,0.636,0.637,0.936,0.704,0.158,0.132,0.871,0.08,0.912,0.378,0.461,0.382,0.09,0.134,0.529,0.845,0.777,0.223,0.62,0.576,0.657,0.963,0.173,0.59,0.089,0.867,0.662,0.183,0.486,0.46,0.973,0.901,0.189,0.352,0.619,0.714,0.521,0.495,0.337,0.043,0.898,0.433,0.121,0.525,0.763,0.294,0.791,0.05,0.874,0.421,0.694,0.926,0.036,0.366,0.404,0.841,0.282,0.945,0.541,0.777,0.654,0.909,0.291,0.041,0.607,0.397,0.345,0.159,0.671,0.322,0.922,0.68,0.369,0.26,0.863,0.302,0.057,0.991,0.956,0.082,0.57,0.688,0.22,0.383,0.157,0.887,0.958,0.118,0.481,0.27,0.596,0.253,0.015,0.501,0.999,0.681,0.381,0.438,0.987,0.66,0.277,0.793,0.972,0.938,0.551,0.386,0.043,0.429,0.809,0.198,0.843,0.71,0.33,0.968,0.805,0.85,0.012,0.963,0.716,0.172,0.719,0.488,0.757,0.073,0.884,0.787,0.641,0.228,0.169,0.7,0.767,0.673,0.073,0.77,0.165,0.586,0.293,0.496,0.365,0.881,0.673,0.96,0.715,0.11,0.614,0.744,0.571,0.224,0.883,0.049,0.06,0.678,0.171,0.527,0.21,0.37,0.861,0.106,0.818,0.434,0.634,0.129,0.45,0.032,0.739,0.729,0.074,0.108,0.008,0.683,0.932,0.392,0.48,0.343,0.398,0.864,0.308,0.877,0.539,0.621,0.428,0.961,0.428,0.483,0.065,0.243,0.449,0.115,0.347,0.035,0.386,0.624,0.696,0.474,0.488,0.691,0.707,0.013,0.813,0.521,0.122,0.949,0.443,0.798,0.291,0.25,0.2,0.912,0.208,0.455,0.963,0.149,0.175,0.937,0.071,0.701,0.034,0.33,0.669,0.747,0.949,0.251,0.44,0.329,0.815,0.717,0.72,0.636,0.576,0.198,0.003,0.025,0.083,0.396,0.048,0.837,0.682,0.327,0.569,0.859,0.177,0.693,0.47,0.595,0.9,0.834,0.533,0.48,0.669,0.0,0.991,0.639,0.028,0.813,0.861,0.708,0.233,0.844,0.653,0.559,0.788,0.116,0.73,0.444,0.221,0.939,0.648,0.682,0.213,0.468,0.566,0.298,0.79,0.964,0.046,0.189,0.36,0.881,0.616,0.581,0.523,0.363,0.383,0.364,0.943,0.8,0.5,0.6,0.769,0.17,0.468,0.437,0.868,0.756,0.652,0.97,0.033,0.034,0.364,0.065,0.686,0.869,0.334,0.64,0.856,0.031,0.156,0.898,0.993,0.475,0.11,0.752,0.608,0.656,0.428,0.268,0.58,0.645,0.15,0.212,0.186,0.593,0.401,0.008,0.506,0.695,0.684,0.733,0.731,0.088,0.027,0.82,0.135,0.551,0.318,0.565,0.007,0.658,0.632,0.413,0.718,0.361,0.668,0.907,0.563,0.43,0.555,0.425,0.918,0.629,0.993,0.307,0.844,0.947,0.714,0.469,0.356,0.584,0.209,0.023,0.028,0.17,0.571,0.564,0.029,0.565,0.606,0.568,0.212,0.492,0.395,0.756,0.426,0.71,0.569,0.907,0.48,0.087,0.017,0.775,0.529,0.794,0.933,0.967,0.777,0.749,0.547,0.611,0.429,0.897,0.95,0.846,0.83,0.317,0.93,0.019,0.85,0.264,0.684
2020-02-01 19:55:27,0.338,0.293,0.748,0.649,0.27,0.132,0.087,0.625,0.008,0.245,0.172,0.547,0.346,0.845,0.926,0.597,0.523,0.55,0.505,0.019,0.999,0.983,0.32,0.03,0.879,0.758,0.758,0.654,0.85,0.302,0.673,0.214,0.105,0.791,0.918,0.177,0.942,0.709,0.159,0.331,0.572,0.573,0.937,0.001,0.677,0.306,0.102,0.901,0.392,0.185,0.246,0.58,0.361,0.535,0.978,0.461,0.85,0.05,0.307,0.328,0.835,0.7,0.108,0.566,0.006,0.901,0.729,0.728,0.134,0.411,0.058,0.196,0.444,0.274,0.619,0.874,0.666,0.274,0.94,0.809,0.331,0.576,0.031,0.803,0.14,0.106,0.702,0.273,0.049,0.634,0.495,0.928,0.721,0.93,0.901,0.25,0.852,0.053,0.751,0.53,0.643,0.183,0.733,0.633,0.932,0.835,0.566,0.104,0.906,0.345,0.661,0.496,0.513,0.003,0.067,0.856,0.604,0.563,0.014,0.888,0.03,0.128,0.309,0.383,0.96,0.265,0.195,0.364,0.992,0.926,0.642,0.922,0.189,0.072,0.731,0.346,0.639,0.572,0.118,0.33,0.46,0.795,0.727,0.27,0.785,0.758,0.942,0.277,0.526,0.163,0.193,0.62,0.137,0.63,0.204,0.521,0.294,0.022,0.228,0.633,0.857,0.801,0.158,0.172,0.862,0.003,0.089,0.19,0.625,0.567,0.184,0.296,0.601,0.49,0.181,0.751,0.005,0.377,0.473,0.779,0.964,0.983,0.639,0.287,0.337,0.424,0.131,0.587,0.911,0.723,0.317,0.569,0.85,0.669,0.025,0.561,0.363,0.64,0.138,0.863,0.563,0.378,0.379,0.08,0.149,0.6,0.568,0.66,0.325,0.464,0.121,0.431,0.38,0.86,0.584,0.407,0.375,0.811,0.453,0.954,0.669,0.671,0.113,0.23,0.204,0.222,0.813,0.08,0.742,0.389,0.188,0.901,0.975,0.596,0.338,0.284,0.318,0.335,0.057,0.851,0.949,0.122,0.679,0.729,0.845,0.894,0.311,0.039,0.985,0.763,0.213,0.943,0.031,0.692,0.192,0.502,0.09,0.027,0.643,0.636,0.746,0.752,0.008,0.402,0.125,0.697,0.665,0.148,0.38,0.183,0.49,0.562,0.552,0.809,0.86,0.555,0.864,0.805,0.884,0.823,0.812,0.675,0.769,0.438,0.047,0.301,0.206,0.44,0.466,0.192,0.45,0.656,0.792,0.583,0.951,0.937,0.181,0.073,0.066,0.916,0.151,0.483,0.394,0.974,0.82,0.531,0.254,0.136,0.514,0.101,0.074,0.136,0.377,0.706,0.119,0.002,0.549,0.075,0.499,0.11,0.678,0.809,0.487,0.047,0.029,0.985,0.113,0.694,0.457,0.636,0.627,0.819,0.49,0.314,0.361,0.552,0.304,0.925,0.906,0.087,0.193,0.592,0.067,0.362,0.119,0.677,0.672,0.233,0.274,0.773,0.013,0.13,0.426,0.872,0.343,0.855,0.562,0.847,0.92,0.674,0.726,0.327,0.473,0.682,0.224,0.696,0.316,0.039,0.97,0.859,0.162,0.998,0.976,0.459,0.08,0.023,0.743,0.492,0.519,0.171,0.072,0.34,0.427,0.404,0.805,0.231,0.158,0.025,0.688,0.451,0.542,0.742,0.264,0.356,0.095,0.651,0.846,0.976,0.918,0.152,0.106,0.359,0.399,0.97,0.911,0.57,0.215,0.474,0.743,0.251,0.001,0.206,0.286,0.189,0.668,0.274,0.485,0.564,0.709,0.024,0.724,0.846,0.159,0.78,0.102,0.763,0.322,0.799,0.3,0.366,0.335,0.849,0.753,0.534,0.837,0.8,0.797,0.372,0.299,0.535,0.18,0.693,0.344,0.953,0.802,0.474,0.285,0.509,0.041,0.131,0.28,0.038,0.248,0.889,0.193,0.561,0.735,0.416,0.836,0.201,0.551,0.897,0.065,0.914,0.046,0.742,0.297,0.216,0.537,0.456,0.374,0.042,0.027,0.161,0.445,0.523,0.424,0.074,0.711,0.218,0.342,0.523,0.952,0.842,0.261,0.766,0.238,0.698,0.347,0.712,0.688,0.408,0.982,0.602,0.888,0.508,0.072,0.692,0.13,0.953,0.895,0.282,0.452,0.161,0.262,0.099,0.302,0.386,0.135,0.147,0.234,0.767
2020-02-01 19:55:27,0.473,0.393,0.407,0.27,0.35,0.858,0.993,0.948,0.976,0.325,0.612,0.266,0.227,0.267,0.545,0.715,0.006,0.491,0.457,0.241,0.293,0.902,0.243,0.703,0.109,0.52,0.132,0.742,0.705,0.28,0.893,0.167,0.239,0.905,0.518,0.297,0.861,0.328,0.982,0.735,0.035,0.29,0.786,0.52,0.409,0.355,0.005,0.02,0.853,0.566,0.386,0.345,0.939,0.825,0.264,1.0,0.744,0.488,0.645,0.378,0.891,0.073,0.518,0.186,0.751,0.126,0.801,0.307,0.217,0.685,0.273,0.539,0.107,0.103,0.136,0.094,0.727,0.643,0.471,0.29,0.571,0.117,0.058,0.944,0.102,0.403,0.649,0.718,0.965,0.836,0.864,0.351,0.583,0.537,0.686,0.0,0.017,0.484,0.95,0.61,0.011,0.212,0.47,0.217,0.464,0.606,0.285,0.623,0.938,0.745,0.19,0.53,0.879,0.73,0.101,0.255,0.167,0.47,0.999,0.965,0.33,0.078,0.852,0.161,0.521,0.632,0.955,0.045,0.674,0.06,0.974,0.648,0.206,0.057,0.548,0.578,0.974,0.49,0.598,0.761,0.802,0.017,0.942,0.625,0.819,0.902,0.104,0.988,0.528,0.683,0.787,0.71,0.363,0.713,0.376,0.974,0.248,0.5,0.01,0.229,0.481,0.346,0.237,0.018,0.651,0.63,0.832,0.446,0.788,0.582,0.257,0.438,0.791,0.314,0.371,0.703,0.435,0.363,0.195,0.022,0.847,0.973,0.177,0.373,0.547,0.639,0.444,0.265,0.821,0.405,0.977,0.539,0.71,0.848,0.856,0.254,0.574,0.006,0.353,0.92,0.974,0.341,0.84,0.449,0.373,0.198,0.821,0.992,0.156,0.867,0.144,0.984,0.374,0.452,0.107,0.643,0.484,0.983,0.428,0.553,0.187,0.25,0.813,0.547,0.009,0.277,0.029,0.326,0.467,0.128,0.427,0.897,0.592,0.191,0.621,0.349,0.119,0.92,0.187,0.673,0.123,0.841,0.302,0.073,0.061,0.909,0.24,0.101,0.868,0.465,0.862,0.169,0.746,0.341,0.023,0.396,0.624,0.025,0.871,0.998,0.904,0.712,0.749,0.116,0.57,0.192,0.483,0.507,0.445,0.695,0.873,0.041,0.013,0.295,0.599,0.3,0.941,0.142,0.594,0.584,0.353,0.357,0.689,0.286,0.202,0.273,0.601,0.819,0.424,0.155,0.344,0.535,0.206,0.697,0.826,0.725,0.624,0.9,0.092,0.074,0.623,0.928,0.138,0.129,0.979,0.891,0.942,0.017,0.461,0.596,0.765,0.932,0.677,0.045,0.052,0.933,0.769,0.24,0.299,0.985,0.334,0.078,0.631,0.142,0.248,0.866,0.758,0.795,0.77,0.652,0.337,0.57,0.914,0.068,0.313,0.709,0.385,0.528,0.691,0.633,0.594,0.047,0.783,0.354,0.413,0.864,0.354,0.493,0.804,0.668,0.616,0.588,0.228,0.012,0.196,0.769,0.173,0.647,0.097,0.038,0.97,0.131,0.748,0.75,0.291,0.006,0.601,0.906,0.357,0.598,0.703,0.439,0.421,0.861,0.784,0.399,0.058,0.495,0.94,0.514,0.031,0.923,0.085,0.198,0.871,0.439,0.941,0.317,0.505,0.41,0.738,0.027,0.826,0.451,0.952,0.424,0.617,0.268,0.302,0.614,0.199,0.524,0.787,0.051,0.028,0.069,0.716,0.296,0.301,0.491,0.079,0.094,0.745,0.317,0.551,0.807,0.212,0.979,0.768,0.023,0.658,0.819,0.346,0.186,0.044,0.296,0.874,0.8,0.622,0.437,0.12,0.359,0.118,0.195,0.476,0.907,0.204,0.177,0.434,0.967,0.567,0.768,0.883,0.083,0.94,0.272,0.524,0.628,0.594,0.323,0.009,0.17,0.774,0.133,0.37,0.548,0.688,0.22,0.502,0.796,0.572,0.656,0.463,0.875,0.051,0.608,0.085,0.279,0.999,0.124,0.822,0.3,0.571,0.332,0.067,0.03,0.936,0.384,0.35,0.791,0.717,0.676,0.662,0.576,0.677,0.503,0.373,0.862,0.295,0.573,0.356,0.632,0.908,0.934,0.134,0.415,0.116,0.264,0.169,0.167,0.714,0.53,0.577,0.336,0.531,0.662,0.276,0.919,0.894,0.129,0.846,0.036
2020-02-01 19:55:27,0.087,0.336,0.876,0.022,0.318,0.464,0.079,0.69,0.354,0.942,0.074,0.822,0.857,0.396,0.245,0.854,0.861,0.648,0.917,0.749,0.882,0.874,0.44,0.984,0.753,0.41,0.874,0.686,0.435,0.983,0.395,0.429,0.087,0.057,0.179,0.093,0.117,0.107,0.436,0.363,0.504,0.797,0.172,0.32,0.63,0.786,0.622,0.31,0.962,0.526,0.541,0.099,0.478,0.955,0.606,0.086,0.896,0.587,0.898,0.489,0.118,0.845,0.848,0.155,0.029,0.781,0.581,0.841,0.838,0.568,0.843,0.107,0.377,0.655,0.949,0.77,0.803,0.775,0.67,0.314,0.84,0.439,0.668,0.681,0.838,0.296,0.503,0.37,0.395,0.605,0.734,0.432,0.807,0.472,0.704,0.967,0.771,0.577,0.569,0.816,0.122,0.267,0.707,0.899,0.338,0.901,0.392,0.579,0.966,0.838,0.628,0.618,0.44,0.021,0.601,0.461,0.382,0.603,0.344,0.757,0.313,0.892,0.443,0.855,0.134,0.131,0.788,0.34,0.04,0.36,0.891,0.248,0.593,0.666,0.558,0.436,0.185,0.386,0.651,0.764,0.184,0.353,0.381,0.834,0.198,0.026,0.662,0.026,0.569,0.599,0.6,0.485,0.603,0.553,0.014,0.547,0.16,0.464,0.71,0.06,0.517,0.176,0.806,0.054,0.688,0.973,0.817,0.81,0.182,0.776,0.696,0.96,0.188,0.365,0.621,0.87,0.894,0.354,0.438,0.72,0.351,0.006,0.297,0.835,0.879,0.607,0.337,0.003,0.99,0.436,0.31,0.862,0.253,0.021,0.315,0.835,0.716,0.909,0.158,0.182,0.344,0.967,0.056,0.053,0.125,0.868,0.049,0.527,0.074,0.996,0.016,0.278,0.19,0.125,0.058,0.981,0.544,0.055,0.844,0.833,0.458,0.832,0.047,0.697,0.179,0.607,0.166,0.335,0.19,0.794,0.737,0.486,0.76,0.136,0.691,0.105,0.636,0.105,0.383,0.012,0.955,0.208,0.1,0.187,0.834,0.592,0.525,0.142,0.877,0.471,0.383,0.507,0.868,0.737,0.624,0.115,0.417,0.972,0.931,0.236,0.69,0.147,0.968,0.747,0.727,0.421,0.722,0.979,0.126,0.084,0.453,0.997,0.046,0.86,0.298,0.584,0.32,0.153,0.386,0.88,0.906,0.248,0.683,0.381,0.136,0.488,0.482,0.455,0.12,0.654,0.25,0.555,0.722,0.106,0.655,0.053,0.842,0.426,0.476,0.271,0.3,0.045,0.324,0.183,0.351,0.132,0.087,0.277,0.574,0.561,0.061,0.493,0.515,0.943,0.864,0.081,0.833,0.059,0.192,0.361,0.343,0.9,0.472,0.547,0.674,0.834,0.56,0.646,0.718,0.685,0.933,0.728,0.47,0.794,0.747,0.434,0.248,0.718,0.684,0.415,0.071,0.435,0.351,0.43,0.844,0.726,0.633,0.725,0.523,0.766,0.688,0.149,0.354,0.06,0.065,0.232,0.155,0.876,0.822,0.784,0.213,0.632,0.512,0.884,0.256,0.143,0.301,0.295,0.38,0.158,0.142,0.859,0.745,0.643,0.919,0.505,0.178,0.796,0.672,0.511,0.483,0.065,0.918,0.317,0.163,0.697,0.298,0.207,0.731,0.929,0.901,0.822,0.356,0.252,0.95,0.331,0.57,0.426,0.409,0.225,0.915,0.787,0.234,0.513,0.428,0.862,0.663,0.774,0.362,0.12,0.66,0.127,0.284,0.953,0.051,0.053,0.911,0.885,0.549,0.062,0.967,0.459,0.298,0.269,0.247,0.797,0.479,0.031,0.824,0.843,0.323,0.478,0.17,0.654,0.218,0.926,0.22,0.102,0.616,0.636,0.734,0.882,0.266,0.843,0.719,0.109,0.832,0.261,0.69,0.621,0.691,0.228,0.693,0.697,0.352,0.329,0.621,0.777,0.065,0.198,0.58,0.466,0.324,0.68,0.982,0.604,0.513,0.476,0.68,0.225,0.952,0.48,0.65,0.509,0.045,0.864,0.728,0.186,0.444,0.976,0.419,0.394,0.433,0.915,0.166,0.424,0.21,0.025,0.224,0.58,0.842,0.724,0.239,0.003,0.635,0.241,0.41,0.553,0.682,0.504,0.118,0.627,0.205,0.776,0.85,0.025,0.603,0.619,0.379,0.959,0.342,0.369
2020-02-01 19:55:27,0.617,0.055,0.011,0.728,0.996,0.503,0.776,0.884,0.916,0.329,0.848,0.889,0.134,0.758,0.84,0.553,0.129,0.316,0.926,0.793,0.67,0.152,0.244,0.468,0.565,0.6,0.876,0.616,0.638,0.726,0.84,0.603,0.734,0.693,0.205,0.555,0.068,0.777,0.706,0.819,0.635,0.547,0.879,0.1,0.437,0.458,0.356,0.957,0.828,0.978,0.509,0.89,0.608,0.675,0.203,0.333,0.87,0.772,0.789,0.074,0.546,0.555,0.593,0.011,0.1,0.449,0.322,0.239,0.642,0.991,0.196,0.125,0.07,0.229,0.094,0.952,0.077,0.662,0.888,0.55,0.049,0.857,0.453,0.414,0.965,0.69,0.186,0.455,0.678,0.39,0.146,0.107,0.903,0.876,0.532,0.352,0.274,0.39,0.603,0.224,0.461,0.632,0.383,0.512,0.662,0.397,0.463,0.152,0.645,0.721,0.564,0.499,0.899,0.728,0.792,0.015,0.402,0.764,0.554,0.243,0.864,0.354,0.052,0.294,0.386,0.308,0.005,0.993,0.891,0.341,0.914,0.621,0.577,0.997,0.541,0.41,0.383,0.836,0.16,0.834,0.209,0.144,0.542,0.213,0.65,0.682,0.93,0.608,0.352,0.92,0.073,0.009,0.021,0.577,0.057,0.424,0.605,0.622,0.71,0.517,0.878,0.294,0.42,0.26,0.831,0.615,0.646,0.043,0.944,0.751,0.928,0.925,0.413,0.663,0.809,0.338,0.933,0.65,0.188,0.241,0.748,0.612,0.492,0.39,0.256,0.394,0.22,0.625,0.354,0.735,0.577,0.222,0.962,0.5,0.224,0.694,0.596,0.897,0.714,0.151,0.469,0.209,0.023,0.337,0.856,0.413,0.817,0.777,0.997,0.003,0.205,0.344,0.692,0.235,0.672,0.642,0.674,0.342,0.8,0.783,0.854,0.746,0.814,0.644,0.043,0.279,0.63,0.087,0.216,0.234,0.456,0.138,0.115,0.521,0.625,0.397,0.557,0.94,0.454,0.132,0.609,0.196,0.256,0.947,0.051,0.332,0.969,0.708,0.515,0.756,0.854,0.584,0.969,0.003,0.924,0.646,0.702,0.743,0.888,0.681,0.928,0.626,0.902,0.964,0.851,0.295,0.519,0.419,0.627,0.163,0.051,0.455,0.356,0.272,0.331,0.788,0.352,0.414,0.186,0.859,0.326,0.593,0.267,0.038,0.658,0.731,0.464,0.082,0.495,0.889,0.995,0.071,0.989,0.788,0.363,0.911,0.821,0.875,0.036,0.137,0.317,0.369,0.755,0.553,0.197,0.81,0.814,0.056,0.495,0.488,0.874,0.186,0.32,0.289,0.029,0.42,0.26,0.091,0.744,0.75,0.857,0.633,0.977,0.08,0.421,0.27,0.805,0.683,0.629,0.253,0.655,0.681,0.808,0.654,0.858,0.55,0.111,0.688,0.194,0.685,0.761,0.874,0.533,0.024,0.036,0.375,0.421,0.739,0.597,0.233,0.46,0.878,0.623,0.412,0.34,0.048,0.523,0.351,0.24,0.472,0.366,0.76,0.918,0.1,0.972,0.625,0.906,0.623,0.36,0.591,0.255,0.249,0.614,0.66,0.598,0.768,0.121,0.067,0.089,0.98,0.682,0.484,0.873,0.311,0.495,0.204,0.396,0.201,0.258,0.757,0.217,0.811,0.558,0.152,0.849,0.353,0.987,0.734,0.357,0.374,0.481,0.054,0.212,0.358,0.022,0.356,0.399,0.227,0.484,0.068,0.775,0.527,0.377,0.275,0.963,0.425,0.638,0.739,0.962,0.614,0.728,0.992,0.588,0.866,0.633,0.823,0.305,0.749,0.494,0.178,0.194,0.574,0.196,0.0,0.857,0.146,0.599,0.189,0.615,0.136,0.609,0.651,0.281,0.286,0.496,0.239,0.839,0.125,0.898,0.219,0.407,0.826,0.122,0.987,0.215,0.748,0.203,0.68,0.402,0.456,0.699,0.176,0.658,0.413,0.347,0.226,0.309,0.979,0.662,0.15,0.58,0.216,0.073,0.016,0.653,0.576,0.479,0.446,0.433,0.776,0.87,0.805,0.892,0.704,0.926,0.206,0.082,0.238,0.375,0.49,0.402,0.076,0.033,0.593,0.025,0.057,0.633,0.834,0.159,0.295,0.3,0.333,0.276,0.836,0.955,0.395,0.854,0.628,0.524,0.142,0.452,0.375
2020-02-01 19:55:27,0.575,0.253,0.262,0.207,0.831,0.028,0.842,0.101,0.862,0.474,0.511,0.127,0.75,0.889,0.067,0.129,0.616,0.469,0.868,0.19,0.845,0.048,0.517,0.458,0.9,0.29,0.156,0.879,0.467,0.427,0.377,0.167,0.008,0.267,0.47,0.475,0.815,0.068,0.231,0.08,0.519,0.109,0.723,0.77,0.344,0.626,0.898,0.659,0.004,0.566,0.435,0.176,0.493,0.216,0.646,0.505,0.279,0.769,0.316,0.598,0.501,0.037,0.135,0.381,0.706,0.079,0.873,0.714,0.557,0.306,0.155,0.616,0.156,0.696,0.685,0.686,0.911,0.139,0.415,0.482,0.868,0.609,0.372,0.895,0.754,0.931,0.165,0.825,0.877,0.892,0.052,0.347,0.023,0.736,0.911,0.975,0.514,0.848,0.424,0.413,0.072,0.073,0.312,0.442,0.669,0.547,0.181,0.891,0.931,0.896,0.584,0.738,0.89,0.365,0.532,0.637,0.303,0.508,0.458,0.053,0.985,0.575,0.179,0.004,0.175,0.429,0.232,0.145,0.604,0.099,0.653,0.673,0.752,0.01,0.793,0.277,0.567,0.995,0.291,0.828,0.407,0.716,0.705,0.112,0.001,0.283,0.732,0.52,0.744,0.301,0.87,0.408,0.965,0.412,0.233,0.198,0.026,0.062,0.661,0.908,0.828,0.844,0.202,0.922,0.047,0.453,0.562,0.065,0.935,0.414,0.393,0.936,0.033,0.396,0.826,0.929,0.789,0.09,0.467,0.901,0.902,0.131,0.787,0.786,0.824,0.529,0.001,0.354,0.988,0.572,0.702,0.309,0.248,0.33,0.58,0.147,0.653,0.007,0.488,0.366,0.431,0.151,0.939,0.402,0.237,0.253,0.637,0.551,0.426,0.811,0.797,0.434,0.372,0.901,0.897,0.045,0.087,0.269,0.048,0.888,0.923,0.343,0.408,0.971,0.852,0.163,0.634,0.598,0.517,0.753,0.212,0.643,0.825,0.506,0.9,0.059,0.604,0.625,0.356,0.24,0.937,0.249,0.351,0.914,0.968,0.364,0.133,0.251,0.973,0.162,0.096,0.416,0.91,0.727,0.169,0.545,0.258,0.176,0.162,0.137,0.725,0.351,0.009,0.515,0.634,0.108,0.284,0.025,0.353,0.922,0.691,0.899,0.462,0.587,0.589,0.734,0.014,0.941,0.462,0.145,0.961,0.147,0.342,0.094,0.242,0.031,0.56,0.651,0.358,0.472,0.41,0.721,0.762,0.426,0.109,0.32,0.423,0.607,0.162,0.168,0.215,0.441,0.809,0.007,0.35,0.708,0.197,0.093,0.232,0.341,0.056,0.418,0.467,0.853,0.165,0.995,0.22,0.664,0.88,0.693,0.867,0.935,0.145,0.633,0.156,0.307,0.719,0.441,0.454,0.683,0.238,0.454,0.702,0.74,0.757,0.891,0.704,0.669,0.671,0.774,0.529,0.005,0.573,0.406,0.172,0.798,0.765,0.208,0.309,0.821,0.435,0.608,0.288,0.356,0.352,0.841,0.052,0.871,0.36,0.044,0.574,0.012,0.039,0.206,0.25,0.15,0.892,0.505,0.638,0.069,0.246,0.578,0.499,0.053,0.085,0.418,0.064,0.379,0.604,0.685,0.114,0.941,0.802,0.658,0.372,0.189,0.282,0.025,0.744,0.662,0.328,0.013,0.762,0.302,0.888,0.075,0.744,0.068,0.455,0.385,0.901,0.309,0.626,0.706,0.596,0.297,0.181,0.987,0.522,0.938,0.201,0.969,0.357,0.345,0.206,0.413,0.861,0.766,0.246,0.203,0.277,0.837,0.285,0.068,0.566,0.165,0.938,0.516,0.442,0.262,0.571,0.164,0.267,0.37,0.402,0.623,0.266,0.997,0.478,0.408,0.798,0.677,0.538,0.67,0.304,0.519,0.493,0.584,0.429,0.366,0.244,0.367,0.768,0.526,0.828,0.157,0.043,0.387,0.901,0.071,0.711,0.888,0.6,0.753,0.805,0.708,0.924,0.788,0.442,0.477,0.505,0.227,0.523,0.985,0.698,0.084,0.673,0.23,0.976,0.89,0.196,0.283,0.392,0.179,0.88,0.811,0.784,0.143,0.654,0.657,0.349,0.75,0.771,0.648,0.586,0.041,0.241,0.947,0.184,0.224,0.577,0.192,0.867,0.695,0.034,0.078,0.179,0.281,0.102,0.407,0.597,0.48
2020-02-01 19:55:27,0.196,0.319,0.119,0.84,0.475,0.098,0.245,0.068,0.649,0.403,0.918,0.815,0.051,0.065,0.26,0.121,0.395,0.824,0.673,0.813,0.226,0.843,0.53,0.417,0.877,0.869,0.51,0.372,0.901,0.752,0.888,0.432,0.282,0.892,0.972,0.093,0.17,0.194,0.251,0.672,0.454,0.611,0.692,0.936,0.404,0.395,0.29,0.277,0.796,0.39,0.583,0.533,0.992,0.136,0.475,0.635,0.107,0.543,0.169,0.891,0.525,0.347,0.51,0.791,0.313,0.327,0.299,0.863,0.968,0.175,0.239,0.135,0.488,0.023,0.808,0.095,0.777,0.647,0.006,0.8,0.541,0.488,0.969,0.738,0.545,0.062,0.765,0.893,0.501,0.966,0.473,0.606,0.324,0.76,0.303,0.039,0.792,0.763,0.74,0.868,0.02,0.931,0.667,0.096,0.992,0.198,0.635,0.757,0.766,0.537,0.203,0.119,0.6,0.134,0.664,0.418,0.14,0.986,0.529,0.832,0.405,0.981,0.237,0.032,0.832,0.004,0.72,0.182,0.858,0.285,0.639,0.637,0.319,0.464,0.391,0.851,0.674,0.606,0.84,0.944,0.505,0.499,0.545,0.396,0.232,0.31,0.567,0.993,0.003,0.642,0.871,0.46,0.131,0.026,0.888,0.482,0.964,0.95,0.026,0.949,0.412,0.761,0.405,0.817,0.554,0.231,0.986,0.924,0.432,0.364,0.334,0.336,0.27,0.058,0.642,0.736,0.836,0.592,0.27,0.162,0.706,0.14,0.959,0.857,0.811,0.171,0.074,0.596,0.865,0.497,0.354,0.445,0.748,0.014,0.918,0.516,0.423,0.242,0.027,0.562,0.692,0.995,0.234,0.982,0.642,0.464,0.367,0.504,0.416,0.038,0.122,0.543,0.653,0.116,0.523,0.651,0.85,0.985,0.813,0.349,0.247,0.009,0.749,0.177,0.7,0.947,0.612,0.508,0.647,0.641,0.461,0.386,0.219,0.72,0.741,0.95,0.175,0.546,0.407,0.878,0.18,0.891,0.72,0.999,0.016,0.975,0.782,0.289,0.751,0.747,0.391,0.979,0.514,0.299,0.121,0.063,0.719,0.668,0.429,0.403,0.097,0.394,0.528,0.644,0.308,0.852,0.949,0.262,0.284,0.7,0.704,0.894,0.494,0.005,0.438,0.167,0.426,0.15,0.804,0.769,0.367,0.203,0.245,0.742,0.779,0.453,0.74,0.073,0.591,0.086,0.944,0.367,0.464,0.603,0.236,0.334,0.94,0.54,0.509,0.938,0.097,0.541,0.367,0.025,0.878,0.741,0.052,0.325,0.21,0.015,0.367,0.263,0.434,0.878,0.684,0.391,0.775,0.333,0.572,0.766,0.468,0.103,0.377,0.307,0.75,0.118,0.853,0.309,0.934,0.617,0.774,0.252,0.276,0.42,0.819,0.091,0.95,0.635,0.836,0.149,0.885,0.752,0.883,0.229,0.067,0.231,0.785,0.298,0.309,0.425,0.897,0.968,0.113,0.587,0.047,0.425,0.559,0.867,0.167,0.004,0.461,0.636,0.385,0.687,0.975,0.926,0.636,0.894,0.516,0.593,0.789,0.288,0.805,0.171,0.536,0.665,0.601,0.488,0.597,0.971,0.704,0.392,0.383,0.793,0.496,0.99,0.798,0.609,0.791,0.741,0.885,0.646,0.052,0.314,0.752,0.336,0.4,0.652,0.795,0.256,0.624,0.882,0.402,0.676,0.191,0.89,0.655,0.108,0.773,0.804,0.898,0.646,0.348,0.782,0.609,0.99,0.108,0.005,0.902,0.656,0.119,0.349,0.811,0.578,0.815,0.845,0.148,0.159,0.619,0.273,0.497,0.634,0.794,0.619,0.931,0.265,0.629,0.039,0.531,0.969,0.596,0.49,0.123,0.398,0.462,0.946,0.035,0.776,0.525,0.158,0.874,0.689,0.991,0.559,0.926,0.756,0.616,0.626,0.898,0.178,0.11,0.459,0.883,0.706,0.113,0.472,0.72,0.624,0.446,0.948,0.612,0.863,0.971,0.138,0.289,0.518,0.157,0.219,0.133,0.771,0.526,0.883,0.643,0.403,0.316,0.302,0.02,0.366,0.225,0.76,0.2,0.759,0.266,0.146,0.474,0.419,0.506,0.034,0.953,0.383,0.358,0.049,0.437,0.628,0.078,0.324,0.841,0.526,0.631,0.864,0.624,0.881
2020-02-01 19:55:27,0.711,0.104,0.344,0.969,0.443,0.022,0.806,0.805,0.037,0.381,0.952,0.006,0.576,0.85,0.79,0.743,0.988,0.782,0.058,0.603,0.988,0.398,0.677,0.443,0.991,0.586,0.178,0.09,0.742,0.706,0.004,0.168,0.356,0.062,0.868,0.648,0.712,0.08,0.06,0.868,0.533,0.48,0.532,0.676,0.801,0.247,0.014,0.124,0.22,0.859,0.964,0.035,0.795,0.877,0.407,0.255,0.929,0.544,0.793,0.787,0.697,0.131,0.855,0.328,0.017,0.599,0.994,0.769,0.92,0.601,0.45,0.772,0.124,0.89,0.697,0.282,0.505,0.21,0.322,0.713,0.242,0.888,0.421,0.317,0.443,0.156,0.521,0.557,0.288,0.267,0.127,0.873,0.164,0.038,0.39,0.554,0.78,0.834,0.894,0.125,0.396,0.308,0.208,0.196,0.907,0.749,0.793,0.205,0.682,0.323,0.672,0.426,0.46,0.353,0.28,0.411,0.642,0.316,0.434,0.132,0.866,0.307,0.807,0.934,0.874,0.434,0.059,0.909,0.923,0.95,0.625,0.823,0.074,0.016,0.559,0.63,0.735,0.749,0.993,0.204,0.402,0.095,0.639,0.346,0.344,0.031,0.661,0.517,0.852,0.849,0.826,0.082,0.974,0.148,0.046,0.773,0.041,0.288,0.007,0.645,0.29,0.694,0.758,0.262,0.096,0.653,0.84,0.719,0.2,0.822,0.59,0.932,0.747,0.946,0.024,0.856,0.865,0.797,0.858,0.618,0.039,0.665,0.728,0.845,0.828,0.802,0.197,0.987,0.548,0.932,0.771,0.58,0.404,0.745,0.618,0.213,0.921,0.478,0.411,0.97,0.218,0.803,0.719,0.121,0.117,0.36,0.387,0.829,0.259,0.627,0.875,0.64,0.233,0.749,0.141,0.921,0.042,0.737,0.067,0.625,0.516,0.218,0.661,0.976,0.413,0.781,0.305,0.847,0.326,0.116,0.508,0.744,0.795,0.437,0.103,0.6,0.921,0.49,0.329,0.179,0.067,0.296,0.47,0.723,0.983,0.322,0.821,0.609,0.034,0.739,0.802,0.783,0.974,0.106,0.803,0.272,0.22,0.62,0.916,0.314,0.64,0.314,0.704,0.404,0.102,0.284,0.791,0.337,0.582,0.205,0.755,0.619,0.282,0.459,0.054,0.504,0.529,0.964,0.591,0.517,0.404,0.904,0.17,0.816,0.389,0.404,0.648,0.787,0.482,0.513,0.561,0.87,0.423,0.355,0.86,0.37,0.746,0.256,0.522,0.624,0.368,0.638,0.049,0.477,0.612,0.643,0.616,0.651,0.289,0.948,0.089,0.695,0.435,0.272,0.987,0.036,0.497,0.353,0.889,0.094,0.159,0.027,0.009,0.374,0.687,0.367,0.695,0.157,0.396,0.884,0.606,0.036,0.351,0.618,0.768,0.705,0.369,0.458,0.757,0.376,0.819,0.445,0.481,0.147,0.069,0.937,0.707,0.136,0.864,0.225,0.208,0.299,0.668,0.702,0.784,0.261,0.8,0.89,0.744,0.323,0.588,0.531,0.665,0.755,1.0,0.065,0.259,0.347,0.544,0.486,0.93,0.33,0.881,0.162,0.359,0.796,0.319,0.197,0.478,0.82,0.042,0.874,0.799,0.931,0.107,0.903,0.673,0.329,0.538,0.935,0.302,0.487,0.512,0.151,0.86,0.071,0.997,0.914,0.316,0.559,0.762,0.148,0.609,0.996,0.005,0.577,0.485,0.726,0.068,0.574,0.266,0.382,0.824,0.186,0.247,0.857,0.098,0.213,0.397,0.574,0.305,0.389,0.928,0.253,0.517,0.967,0.468,0.349,0.885,0.802,0.764,0.297,0.045,0.818,0.605,0.719,0.951,0.865,0.235,0.425,0.899,0.084,0.449,0.033,0.312,0.942,0.655,0.156,0.158,0.61,0.073,0.273,0.983,0.226,0.894,0.395,0.446,0.989,0.452,0.062,0.433,0.486,0.76,0.455,0.076,0.503,0.859,0.307,0.231,0.114,0.12,0.516,0.874,0.083,0.525,0.907,0.586,0.962,0.823,0.884,0.597,0.798,0.196,0.795,0.997,0.578,0.559,0.081,0.927,0.108,0.223,0.254,0.19,0.982,0.007,0.017,0.813,0.189,0.79,0.979,0.46,0.075,0.508,0.119,0.827,0.762,0.978,0.787,0.743,0.762,0.611,0.39
2020-02-01 19:55:27,0.38,0.078,0.67,0.333,0.508,0.338,0.743,0.416,0.166,0.419,0.665,0.95,0.677,0.172,0.45,0.735,0.913,0.414,0.081,0.586,0.663,0.078,0.821,0.532,0.573,0.274,0.109,0.692,0.325,0.376,0.68,0.984,0.632,0.481,0.908,0.822,0.329,0.455,0.042,0.464,0.991,0.411,0.814,0.404,0.035,0.663,0.168,0.159,0.161,0.298,0.662,0.34,0.497,0.625,0.023,0.486,0.851,0.622,0.355,0.365,0.671,0.856,0.78,0.267,0.116,0.447,0.579,0.413,0.811,0.653,0.257,0.189,0.841,0.611,0.316,0.859,0.459,0.837,0.959,0.813,0.201,0.371,0.756,0.886,0.918,0.572,0.375,0.569,0.307,0.646,0.548,0.177,0.605,0.015,0.641,0.575,0.223,0.568,0.047,0.115,0.234,0.296,0.596,0.065,0.755,0.808,0.982,0.036,0.28,0.105,0.442,0.828,0.266,0.76,0.707,0.771,0.618,0.756,0.139,0.695,0.248,0.734,0.756,0.945,0.387,0.343,0.288,0.208,0.533,0.867,0.201,0.018,0.072,0.982,0.374,0.034,0.551,0.698,0.335,0.514,0.665,0.228,0.127,0.791,0.064,0.148,0.225,0.22,0.315,0.615,0.374,0.635,0.226,0.531,0.126,0.926,0.381,0.241,0.47,0.519,0.791,0.658,0.043,0.256,0.886,0.281,0.719,0.95,0.315,0.266,0.453,0.569,0.684,0.348,0.676,0.6,0.384,0.629,0.539,0.981,0.637,0.976,0.68,0.609,0.943,0.305,0.264,0.068,0.253,0.622,0.985,0.411,0.746,0.088,0.263,0.792,0.108,0.808,0.995,0.133,0.81,0.073,0.569,0.813,0.353,0.895,0.99,0.675,0.319,0.99,0.115,0.099,0.157,0.409,0.258,0.465,0.207,0.437,0.483,0.979,0.123,0.085,0.559,0.579,0.543,0.011,0.103,0.32,0.032,0.447,0.818,0.038,0.145,0.45,0.698,0.911,0.606,0.053,0.83,0.003,0.048,0.584,0.845,0.028,0.322,0.197,0.128,0.348,0.7,0.863,0.192,0.104,0.39,0.358,0.228,0.011,0.201,0.247,0.874,0.597,0.381,0.799,0.241,0.287,0.025,0.293,0.736,0.636,0.334,0.495,0.912,0.207,0.339,0.266,0.186,0.041,0.555,0.842,0.855,0.66,0.789,0.076,0.892,0.387,0.858,0.395,0.304,0.562,0.419,0.383,0.565,0.358,0.281,0.574,0.269,0.429,0.193,0.825,0.891,0.578,0.946,0.131,0.38,0.824,0.563,0.177,0.21,0.868,0.666,0.234,0.18,0.5,0.253,0.963,0.718,0.193,0.99,0.623,0.325,0.023,0.95,0.771,0.187,0.947,0.031,0.141,0.312,0.526,0.298,0.755,0.8,0.271,0.74,0.549,0.141,0.069,0.011,0.455,0.753,0.083,0.151,0.999,0.93,0.191,0.817,0.496,0.872,0.372,0.416,0.493,0.586,0.412,0.455,0.354,0.332,0.045,0.771,0.195,0.418,0.419,0.222,0.228,0.741,0.96,0.16,0.985,0.577,0.478,0.22,0.417,0.085,0.943,0.458,0.094,0.568,0.828,0.33,0.245,0.42,0.935,0.365,0.74,0.68,0.746,0.114,0.343,0.964,0.689,0.913,0.488,0.881,0.462,0.821,0.453,0.164,0.921,0.014,0.452,0.39,0.39,0.096,0.326,0.541,0.075,0.3,0.047,0.903,0.045,0.103,0.088,0.07,0.196,0.259,0.8,0.738,0.554,0.806,0.978,0.575,0.178,0.01,0.3,0.024,0.543,0.192,0.431,0.453,0.938,0.574,0.514,0.152,0.466,0.023,0.067,0.361,0.928,0.964,0.77,0.925,0.852,0.574,0.447,0.745,0.284,0.849,0.241,0.679,0.884,0.832,0.965,0.94,0.866,0.834,0.06,0.471,0.506,0.256,0.606,0.484,0.13,0.93,0.31,0.449,0.226,0.764,0.265,0.983,0.933,0.151,0.416,0.968,0.424,0.056,0.924,0.393,0.678,0.384,0.673,0.653,0.094,0.174,0.781,0.563,0.855,0.694,0.755,0.326,0.935,0.123,0.691,0.027,0.035,0.419,0.712,0.188,0.071,0.935,0.49,0.322,0.469,0.089,0.354,0.52,0.777,0.399,0.432,0.596,0.23,0.316,0.039,0.803,0.248
2020-02-01 19:55:27,0.486,0.406,0.335,0.098,0.157,0.348,0.24,0.061,0.218,0.583,0.469,0.666,0.572,0.888,0.447,0.159,0.905,0.115,0.725,0.207,0.28,0.883,0.127,0.895,0.334,0.548,0.421,0.616,0.924,0.465,0.215,0.058,0.45,0.679,0.049,0.138,0.634,0.632,0.967,0.977,0.581,0.873,0.26,0.652,0.482,0.068,0.403,0.93,0.984,0.103,0.398,0.627,0.127,0.214,0.641,0.467,0.889,0.881,0.182,0.325,0.017,0.402,0.954,0.862,0.08,0.572,0.556,0.418,0.168,0.264,0.298,0.056,0.316,0.091,0.379,0.621,0.308,0.117,0.3,0.952,0.689,0.369,0.308,0.435,0.438,0.922,0.222,0.772,0.176,0.966,0.851,0.884,0.662,0.838,0.747,0.907,0.734,0.203,0.51,0.76,0.823,0.062,0.039,0.968,0.907,0.203,0.501,0.484,0.219,0.266,0.811,0.286,0.89,0.516,0.424,0.964,0.346,0.251,0.439,0.697,0.959,0.807,0.609,0.578,0.241,0.989,0.077,0.277,0.328,0.028,0.258,0.661,0.37,0.167,0.479,0.611,0.595,0.296,0.529,0.537,0.356,0.544,0.779,0.127,0.77,0.65,0.427,0.803,0.17,0.374,0.481,0.286,0.083,0.397,0.514,0.137,0.924,0.972,0.09,0.169,0.273,0.701,0.404,0.664,0.589,0.078,0.164,0.687,0.55,0.842,0.657,0.517,0.341,0.286,0.113,0.813,0.598,0.746,0.721,0.035,0.335,0.827,0.509,0.4,0.07,0.956,0.613,0.706,0.132,0.506,0.807,0.781,0.99,0.536,0.081,0.888,0.494,0.67,0.966,0.681,0.565,0.261,0.185,0.38,0.283,0.58,0.554,0.189,0.218,0.412,0.852,0.65,0.941,0.518,0.426,0.64,0.017,0.726,0.862,0.811,0.7,0.163,0.828,0.793,0.504,0.517,0.612,0.955,0.905,0.427,0.146,0.196,0.917,0.83,0.857,0.712,0.796,0.172,0.965,0.493,0.767,0.736,0.679,0.558,0.085,0.251,0.201,0.627,0.988,0.756,0.523,0.675,0.131,0.302,0.959,0.493,0.191,0.178,0.586,0.592,0.265,0.363,0.131,0.379,0.25,0.777,0.555,0.912,0.408,0.057,0.451,0.626,0.269,0.123,0.056,0.407,0.05,0.438,0.407,0.81,0.735,0.107,0.338,0.228,0.508,0.293,0.275,0.153,0.724,0.9,0.827,0.295,0.877,0.658,0.448,0.178,0.921,0.104,0.097,0.919,0.846,0.412,0.039,0.807,0.709,0.839,0.69,0.735,0.56,0.33,0.403,0.571,0.055,0.526,0.33,0.806,0.501,0.338,0.097,0.777,0.769,0.512,0.007,0.585,0.276,0.572,0.321,0.865,0.229,0.665,0.154,0.775,0.837,0.471,0.447,0.345,0.149,0.641,0.877,0.054,0.596,0.956,0.188,0.383,0.664,0.114,0.546,0.323,0.76,0.154,0.435,0.084,0.052,0.706,0.104,0.398,0.045,0.061,0.715,0.44,0.487,0.898,0.438,0.633,0.311,0.921,0.762,0.364,0.729,0.035,0.351,0.64,0.906,0.06,0.975,0.77,0.248,0.297,0.781,0.756,0.255,0.583,0.595,0.614,0.877,0.687,0.566,0.564,0.145,0.89,0.623,0.21,0.33,0.609,0.4,0.56,0.443,0.614,0.496,0.573,0.526,0.167,0.602,0.517,0.354,0.688,0.496,0.894,0.636,0.584,0.759,0.268,0.004,0.993,0.38,0.386,0.766,0.999,0.253,0.456,0.951,0.199,0.076,0.558,0.587,0.019,0.697,0.602,0.171,0.914,0.167,0.533,0.16,0.174,0.385,0.216,0.191,0.718,0.566,0.752,0.967,0.928,0.955,0.734,0.652,0.247,0.392,0.929,0.594,0.928,0.871,0.179,0.049,0.993,0.417,0.978,0.719,0.407,0.15,0.16,0.788,0.869,0.324,0.693,0.219,0.081,0.507,0.392,0.668,0.012,0.398,0.675,0.923,0.736,0.214,0.392,0.832,0.148,0.192,0.519,0.406,0.449,0.152,0.397,0.066,0.551,0.184,0.222,0.903,0.439,1.0,0.239,0.682,0.152,0.649,0.374,0.512,0.121,0.134,0.793,0.305,0.997,0.709,0.336,0.576,0.213,0.682,0.049,0.133,0.667,0.647,0.841
2020-02-01 19:55:27,0.527,0.663,0.907,0.165,0.503,0.698,0.262,0.339,0.677,0.283,0.273,0.873,0.738,0.435,0.737,0.964,0.522,0.367,0.831,0.81,0.984,0.11,0.637,0.474,0.751,0.911,0.52,0.601,0.765,0.801,0.351,0.158,0.07,0.449,0.988,0.425,0.785,0.6,0.738,0.201,0.754,0.884,0.936,0.32,0.141,0.755,0.304,0.248,0.328,0.269,0.103,0.343,0.105,0.159,0.85,0.598,0.699,0.017,0.493,0.203,0.902,0.89,0.937,0.337,0.17,0.562,0.946,0.014,0.681,0.312,0.675,0.221,0.472,0.16,0.177,0.317,0.774,0.622,0.038,0.687,0.763,0.309,0.039,0.882,0.688,0.959,0.069,0.672,0.741,0.964,0.955,0.762,0.719,0.201,0.429,0.315,0.125,0.568,0.682,0.876,0.323,0.956,0.017,0.949,0.252,0.913,0.621,0.647,0.893,0.931,0.218,0.526,0.731,0.715,0.67,0.042,0.749,0.473,0.966,0.136,0.023,0.639,0.071,0.224,0.401,0.96,0.088,0.277,0.525,0.134,0.498,0.193,0.223,0.397,0.776,0.422,0.232,0.216,0.776,0.59,0.73,0.4,0.47,0.802,0.95,0.85,0.889,0.309,0.521,0.372,0.587,0.531,0.989,0.436,0.619,0.108,0.656,0.949,0.489,0.011,0.223,0.968,0.754,0.725,0.509,0.922,0.005,0.039,0.276,0.29,0.886,0.817,0.964,0.723,0.255,0.717,0.284,0.306,0.636,0.146,0.665,0.006,0.076,0.484,0.155,0.901,0.974,0.136,0.928,0.222,0.408,0.591,0.91,0.614,0.26,0.767,0.373,0.762,0.448,0.143,0.93,0.237,0.843,0.184,0.437,0.563,0.763,0.385,0.748,0.925,0.577,0.495,0.78,0.103,0.225,0.702,0.184,0.943,0.631,0.722,0.158,0.134,0.679,0.554,0.673,0.419,0.012,0.126,0.852,0.178,0.874,0.403,0.996,0.803,0.628,0.113,0.751,0.186,0.424,0.018,0.462,0.642,0.445,0.121,0.39,0.261,0.408,0.148,0.035,0.282,0.456,0.452,0.654,0.192,0.554,0.215,0.309,0.522,0.328,0.751,0.818,0.894,0.463,0.82,0.466,0.023,0.711,0.73,0.731,0.385,0.906,0.623,0.225,0.557,0.332,0.988,0.147,0.876,0.688,0.51,0.577,0.057,0.668,0.074,0.346,0.414,0.568,0.399,0.373,0.114,0.754,0.763,0.913,0.334,0.063,0.207,0.922,0.848,0.148,0.691,0.889,0.123,0.854,0.662,0.791,0.217,0.356,0.236,0.546,0.325,0.692,0.148,0.132,0.692,0.457,0.17,0.991,0.727,0.025,0.835,0.954,0.858,0.377,0.347,0.997,1.0,0.733,0.981,0.206,0.911,0.95,0.934,0.971,0.037,0.217,0.879,0.531,0.563,0.217,0.662,0.566,0.418,0.635,0.781,0.553,0.589,0.317,0.053,0.827,0.844,0.96,0.701,0.495,0.541,0.018,0.975,0.174,0.966,0.025,0.611,0.573,0.432,0.54,0.955,0.166,0.826,0.028,0.825,0.89,0.493,0.156,0.744,0.122,0.843,0.15,0.669,0.413,0.71,0.293,0.457,0.734,0.905,0.306,0.553,0.641,0.367,0.385,0.783,0.292,0.411,0.03,0.363,0.711,0.343,0.065,0.561,0.577,0.956,0.237,0.438,0.904,0.369,0.15,0.42,0.65,0.634,0.44,0.051,0.55,0.5,0.141,0.642,0.025,0.247,0.371,0.019,0.302,0.953,0.526,0.809,0.5,0.393,0.925,0.851,0.832,0.035,0.957,0.981,0.209,0.59,0.246,0.48,0.78,0.57,0.266,0.877,0.675,0.382,0.885,0.589,0.831,0.104,0.496,0.602,0.053,0.242,1.0,0.264,0.041,0.147,0.504,0.592,0.247,0.155,0.501,0.962,0.424,0.383,0.624,0.386,0.296,0.385,0.055,0.782,0.458,0.474,0.271,0.531,0.261,0.146,0.588,0.784,0.94,0.176,0.86,0.038,0.784,0.29,0.641,0.32,0.722,0.615,0.225,0.271,0.174,0.925,0.751,0.806,0.551,0.252,0.885,0.414,0.937,0.6,0.369,0.703,0.4,0.689,0.975,0.818,0.067,0.464,0.531,0.868,0.274,0.472,0.311,0.176,0.577,0.432,0.844,0.367
2020-02-01 19:55:27,0.038,0.084,0.931,0.085,0.201,0.016,0.461,0.481,0.727,0.298,0.828,0.17,0.697,0.127,0.818,0.118,0.494,0.22,0.572,0.118,0.727,0.254,0.003,0.383,0.298,0.842,0.179,0.921,0.704,0.475,0.028,0.237,0.241,0.119,0.334,0.084,0.021,0.515,0.148,0.485,0.737,0.178,0.259,0.631,0.828,0.371,0.465,0.428,0.625,0.319,0.53,0.833,0.519,0.503,0.873,0.631,0.333,0.743,0.749,0.162,0.275,0.325,0.717,0.719,0.471,0.805,0.03,0.175,0.932,0.835,0.931,0.054,0.552,0.419,0.596,0.49,0.364,0.654,0.302,0.249,0.382,0.522,0.805,0.175,0.501,0.522,0.841,0.871,0.631,0.968,0.101,0.235,0.585,0.386,0.153,0.977,0.851,0.412,0.431,0.461,0.488,0.049,0.979,0.632,0.912,0.521,0.075,0.056,0.124,0.637,0.998,0.053,0.23,0.106,0.052,0.097,0.796,0.687,0.619,0.416,0.517,0.383,0.975,0.07,0.85,0.253,0.551,0.771,0.286,0.605,0.673,0.482,0.92,0.956,0.932,0.065,0.064,0.284,0.445,0.529,0.033,0.003,0.997,0.555,0.351,0.009,0.695,0.935,0.158,0.216,0.228,0.366,0.52,0.87,0.925,0.389,0.832,0.864,0.066,0.258,0.799,0.484,0.789,0.27,0.639,0.025,0.796,0.07,0.296,0.577,0.749,0.91,0.021,0.581,0.898,0.417,0.704,0.176,0.126,0.274,0.482,0.176,0.377,0.963,0.143,0.666,0.766,0.83,0.438,0.504,0.554,0.397,0.83,0.717,0.943,0.552,0.162,0.173,0.558,0.446,0.648,0.003,0.099,0.195,0.792,0.095,0.07,0.058,0.729,0.501,0.516,0.842,0.632,0.402,0.169,0.717,0.812,0.711,0.631,0.458,0.619,0.777,0.447,0.86,0.818,0.791,0.294,0.907,0.781,0.22,0.119,0.075,0.318,0.911,0.934,0.563,0.559,0.153,0.289,0.929,0.493,0.782,0.59,0.166,0.401,0.662,0.179,0.751,0.055,0.14,0.242,0.792,0.672,0.922,0.127,0.922,0.244,0.716,0.647,0.714,0.951,0.079,0.703,0.897,0.425,0.83,0.341,0.117,0.062,0.345,0.065,0.151,0.587,0.599,0.509,0.104,0.103,0.278,0.254,0.675,0.588,0.303,0.924,0.261,0.526,0.669,0.382,0.651,0.923,0.05,0.614,0.314,0.735,0.818,0.619,0.518,0.767,0.558,0.943,0.536,0.877,0.997,0.394,0.25,0.349,0.655,0.874,0.078,0.044,0.903,0.518,0.146,0.401,0.417,0.351,0.537,0.945,0.319,0.76,0.795,0.915,0.549,0.835,0.341,0.098,0.045,0.695,0.029,0.858,0.266,0.74,0.824,0.987,0.102,0.989,0.727,0.732,0.014,0.821,0.88,0.6,0.764,0.695,0.139,0.89,0.139,0.817,0.65,0.164,0.293,0.612,0.632,0.705,0.894,0.581,0.699,0.654,0.994,0.685,0.248,0.58,0.332,0.536,0.421,0.739,0.695,0.873,0.352,0.737,0.411,0.341,0.668,0.754,0.941,0.39,0.846,0.667,0.568,0.77,0.964,0.985,0.463,0.437,0.904,0.465,0.866,0.126,0.277,0.432,0.433,0.284,0.569,0.13,0.883,0.558,0.731,0.324,0.331,0.392,0.88,0.163,0.697,0.332,0.252,0.484,0.283,0.497,0.709,0.393,0.272,0.564,0.242,0.167,0.686,0.875,0.59,0.872,0.483,0.565,0.653,0.198,0.882,0.882,0.562,0.28,0.029,0.027,0.565,0.267,0.536,0.6,0.823,0.03,0.871,0.214,0.709,0.154,0.156,0.664,0.613,0.109,0.222,0.587,0.505,0.513,0.95,0.036,0.99,0.618,0.044,0.095,0.065,0.13,0.294,0.422,0.682,0.241,0.743,0.94,0.721,0.815,0.57,0.304,0.183,0.803,0.178,0.247,0.165,0.519,0.069,0.414,0.345,0.831,0.269,0.08,0.662,0.681,0.676,0.376,0.63,0.263,0.679,0.572,0.538,0.741,0.678,0.694,0.339,0.511,0.577,0.97,0.494,0.636,0.805,0.715,0.225,0.037,0.981,0.9,0.253,0.876,0.487,0.287,0.72,0.212,0.297,0.608,0.167,0.272,0.877,0.184,0.043
2020-02-01 19:55:27,0.482,0.66,0.081,0.624,0.001,0.704,0.101,0.889,0.707,0.3,0.42,0.415,0.56,0.29,0.361,0.07,0.411,0.507,0.88,0.094,0.155,0.099,0.386,0.446,0.691,0.358,0.132,0.046,0.28,0.335,0.405,0.587,0.856,0.107,0.409,0.117,0.923,0.577,0.627,0.572,0.148,0.656,0.689,0.142,0.185,0.23,0.293,0.297,0.983,0.651,0.146,0.171,0.594,0.467,0.416,0.574,0.772,0.887,0.772,0.546,0.11,0.354,0.267,0.07,0.452,0.653,0.783,0.203,0.012,0.592,0.658,0.125,0.7,0.558,0.375,0.244,0.8,0.938,0.877,0.111,0.328,0.968,0.237,0.958,0.558,0.515,0.168,0.335,0.182,0.768,0.662,0.756,0.789,0.991,0.976,0.077,0.314,0.372,0.619,0.828,0.623,0.153,0.152,0.853,0.47,0.758,0.584,0.684,0.088,0.266,0.081,0.732,0.403,0.785,0.895,0.871,0.74,0.631,0.345,0.996,0.61,0.886,0.974,0.926,0.459,0.717,0.698,0.424,0.571,0.985,0.057,0.44,0.053,0.328,0.08,0.336,0.88,0.798,0.172,0.542,0.023,0.647,0.113,0.461,0.862,0.783,0.61,0.624,0.837,0.482,0.222,0.953,0.154,0.454,0.842,0.629,0.331,0.479,0.318,0.079,0.1,0.407,0.6,0.891,0.885,0.182,0.88,0.499,0.451,0.487,0.61,0.507,0.27,0.662,0.677,0.815,0.278,0.835,0.274,0.907,0.499,0.779,0.166,0.557,0.786,0.027,0.419,0.469,0.506,0.902,0.364,0.042,0.098,0.156,0.459,0.108,0.861,0.862,0.258,0.704,0.778,0.705,0.525,0.485,0.003,0.142,0.313,0.236,0.394,0.54,0.15,0.969,0.5,0.731,0.061,0.029,0.446,0.692,0.574,0.471,0.539,0.837,0.77,0.691,0.951,0.331,0.136,0.075,0.107,0.651,0.452,0.278,0.537,0.86,0.982,0.788,0.906,0.116,0.538,0.407,0.647,0.913,0.659,0.311,0.156,0.026,0.74,0.809,0.398,0.967,0.302,0.507,0.118,0.438,0.883,0.233,0.192,0.822,0.789,0.289,0.153,0.754,0.312,0.471,0.801,0.047,0.03,0.007,0.904,0.504,0.848,0.35,0.526,0.693,0.536,0.128,0.509,0.578,0.546,0.613,0.076,0.898,0.308,0.82,0.507,0.504,0.948,0.489,0.929,0.483,0.539,0.084,0.204,0.127,0.008,0.868,0.982,0.49,0.072,0.142,0.984,0.002,0.404,0.056,0.507,0.74,0.989,0.836,0.604,0.671,0.138,0.913,0.808,0.658,0.889,0.07,0.647,0.073,0.212,0.796,0.596,0.262,0.782,0.514,0.959,0.912,0.72,0.059,0.403,0.971,0.895,0.139,0.075,0.812,0.045,0.627,0.45,0.08,0.825,0.325,0.166,0.454,0.046,0.029,0.929,0.086,0.219,0.742,0.33,0.627,0.235,0.705,0.951,0.346,0.755,0.501,0.675,0.271,0.851,0.196,0.714,0.545,0.882,0.623,0.226,0.87,0.183,0.039,0.27,0.801,0.767,0.65,0.32,0.477,0.181,0.712,0.562,0.134,0.41,0.214,0.17,0.715,0.2,0.389,0.998,0.576,0.578,0.007,0.215,0.72,0.73,0.508,0.715,0.16,0.853,0.996,0.905,0.973,0.465,0.906,0.278,0.444,0.474,0.338,0.552,0.795,0.262,0.396,0.295,0.121,0.893,0.476,0.491,0.315,0.184,0.563,0.469,0.115,0.172,0.19,0.363,0.228,0.669,0.314,0.437,0.565,0.685,0.081,0.007,0.979,0.979,0.029,0.666,0.581,0.262,0.18,0.585,0.571,0.881,0.402,0.512,0.216,0.207,0.403,0.96,0.975,0.665,0.663,0.166,0.362,0.72,0.133,0.186,0.561,0.823,0.514,0.701,0.654,0.135,0.648,0.077,0.662,0.658,0.514,0.278,0.205,0.698,0.766,0.281,0.07,0.193,0.766,0.143,0.62,0.004,0.299,0.594,0.304,0.153,0.859,0.093,0.659,0.062,0.418,0.737,0.754,0.956,0.047,0.778,0.45,0.574,0.586,0.312,0.964,0.891,0.657,0.513,0.792,0.673,0.656,0.234,0.024,0.567,0.185,0.012,0.72,0.311,0.31,0.542,0.697,0.071,0.261
2020-02-01 19:55:27,0.826,0.359,0.119,0.692,0.802,0.609,0.634,0.652,0.358,0.806,0.994,0.872,0.561,0.146,0.804,0.324,0.915,0.543,0.201,0.553,0.288,0.081,0.029,0.953,0.664,0.289,0.237,0.826,0.757,0.383,0.162,0.156,0.583,0.995,0.181,0.687,0.035,0.535,0.119,0.866,0.779,0.115,0.758,0.259,0.118,0.828,0.382,0.875,0.28,0.11,0.564,0.31,0.543,0.629,0.143,0.202,0.5,0.617,0.434,0.02,0.593,0.069,0.494,0.818,0.765,0.789,0.265,0.734,0.095,0.743,0.51,0.183,0.537,0.024,0.435,0.718,0.323,0.84,0.267,0.6,0.058,0.361,0.851,0.406,0.752,0.428,0.505,0.597,0.175,0.246,0.448,0.243,0.359,0.916,0.094,0.332,0.018,0.613,0.32,0.014,0.214,0.472,0.214,0.893,0.825,0.867,0.504,0.579,0.081,0.016,0.476,0.264,0.991,0.827,0.096,0.103,0.669,0.004,0.653,0.306,0.285,0.745,0.271,0.594,0.298,0.834,0.361,0.777,0.777,0.346,0.631,0.86,0.618,0.096,0.112,0.009,0.016,0.292,0.449,0.594,0.709,0.137,0.51,0.405,0.565,0.031,0.3,0.807,0.139,0.922,0.074,0.483,0.466,0.489,0.103,0.944,0.47,0.069,0.245,0.269,0.657,0.945,0.695,0.223,0.785,0.058,0.83,0.41,0.664,0.594,0.339,0.084,0.996,0.915,0.893,0.236,0.977,0.51,0.02,0.406,0.664,0.349,0.796,0.488,0.847,0.319,0.889,0.499,0.75,0.671,0.267,0.619,0.295,0.341,0.75,0.979,0.84,0.816,0.778,0.786,0.242,0.673,0.121,0.796,0.554,0.961,0.307,0.182,0.991,0.972,0.355,0.681,0.22,0.315,0.743,0.809,0.066,0.078,0.979,0.06,0.502,0.65,0.504,0.66,1.0,0.326,0.966,0.97,0.831,0.446,0.564,0.866,0.358,0.282,0.328,0.219,0.377,0.126,0.72,0.517,0.822,0.794,0.061,0.087,0.942,0.064,0.432,0.527,0.355,0.888,0.111,0.415,0.156,0.364,0.497,0.632,0.069,0.042,0.973,0.698,0.993,0.647,0.297,0.335,0.436,0.291,0.469,0.214,0.29,0.623,0.852,0.581,0.546,0.436,0.583,0.043,0.286,0.172,0.486,0.186,0.824,0.73,0.988,0.55,0.255,0.95,0.882,0.788,0.967,0.801,0.92,0.343,0.184,0.83,0.305,0.586,0.048,0.371,0.951,0.883,0.054,0.748,0.318,0.501,0.342,0.417,0.197,0.824,0.314,0.365,0.711,0.801,0.387,0.787,0.529,0.371,0.566,0.018,0.9,0.188,0.23,0.356,0.562,0.523,0.442,0.888,0.671,0.166,0.41,0.158,0.079,0.125,0.78,0.076,0.165,0.865,0.523,0.141,0.865,0.516,0.359,0.528,0.887,0.551,0.381,0.757,0.304,0.636,0.776,0.127,0.749,0.631,0.719,0.112,0.887,0.626,0.115,0.928,0.7,0.097,0.421,0.933,0.619,0.325,0.032,0.237,0.04,0.506,0.757,0.697,0.065,0.932,0.995,0.914,0.772,0.008,0.658,0.419,0.74,0.367,0.418,0.506,0.718,0.593,0.14,0.895,0.165,0.059,0.538,0.826,0.396,0.11,0.469,0.143,0.859,0.693,0.314,0.364,0.02,0.739,0.372,0.774,0.546,0.041,0.325,0.034,0.258,0.278,0.898,0.943,0.759,0.388,0.527,0.935,0.233,0.138,0.282,0.421,0.847,0.24,0.357,0.511,0.904,0.891,0.173,0.105,0.228,0.463,0.342,0.658,0.646,0.915,0.12,0.289,0.448,0.41,0.756,0.512,0.836,0.344,0.489,0.926,0.607,0.745,0.454,0.548,0.071,0.143,0.813,0.995,0.849,0.456,0.076,0.181,0.56,0.584,0.191,0.185,0.13,0.994,0.72,0.177,0.047,0.493,0.569,0.17,0.273,0.461,0.961,0.594,0.123,0.672,0.765,0.084,0.57,0.794,0.263,0.099,0.351,0.157,0.389,0.61,0.652,0.201,0.206,0.464,0.32,0.496,0.672,0.73,0.452,0.859,0.389,0.653,0.727,0.271,0.565,0.951,0.313,0.909,0.416,0.666,0.276,0.62,0.416,0.701,0.583,0.546,0.981,0.686,0.027,0.607
2020-02-01 19:55:27,0.31,0.419,0.254,0.032,0.629,0.495,0.541,0.832,0.31,0.315,0.3,0.7,0.366,0.756,0.871,0.577,0.481,0.935,0.632,0.618,0.127,0.633,0.595,0.705,0.488,0.287,0.883,0.449,0.584,0.932,0.636,0.488,0.303,0.762,0.993,0.197,0.269,0.805,0.674,0.249,0.05,0.178,0.953,0.66,0.012,0.109,0.811,0.862,0.843,0.619,0.736,0.053,0.4,0.777,0.553,0.76,0.717,0.988,0.989,0.831,0.036,0.855,0.683,0.404,0.784,0.162,0.819,0.29,0.474,0.495,0.442,0.467,0.443,0.768,0.253,0.867,0.337,0.519,0.108,0.198,0.928,0.94,0.938,0.481,0.936,0.244,0.311,0.356,0.852,0.492,0.666,0.481,0.042,0.665,0.527,0.265,0.636,0.957,0.631,0.252,0.093,0.632,0.484,0.007,0.316,0.628,0.042,0.308,0.643,0.541,0.243,0.495,0.404,0.815,0.682,0.637,0.058,0.436,0.577,0.347,0.51,0.236,0.066,0.982,0.266,0.435,0.285,0.016,0.655,0.34,0.955,0.399,0.644,0.828,0.794,0.705,0.605,0.411,0.67,0.288,0.436,0.183,0.268,0.678,0.551,0.196,0.801,0.868,0.627,0.389,0.858,0.099,0.88,0.687,0.902,0.723,0.787,0.907,0.657,0.887,0.492,0.238,0.251,0.921,0.145,0.344,0.406,0.838,0.11,0.77,0.298,0.079,0.289,0.8,0.555,0.738,0.919,0.035,0.146,0.775,0.396,0.987,0.878,0.983,0.181,0.985,0.904,0.143,0.035,0.932,0.334,0.735,0.204,0.343,0.961,0.126,0.56,0.424,0.493,0.227,0.318,0.582,0.605,0.821,0.855,0.01,0.402,0.838,0.787,0.974,0.632,0.113,0.96,0.177,0.771,0.957,0.8,0.244,0.965,0.992,0.733,0.103,0.428,0.739,0.701,0.635,0.641,0.956,0.214,0.903,0.193,0.892,0.147,0.288,0.652,0.189,0.956,0.148,0.327,0.521,0.558,0.961,0.18,0.622,0.888,0.723,0.316,0.179,0.438,0.208,0.804,0.259,0.399,0.979,0.584,0.389,0.109,0.602,0.281,0.118,0.889,0.721,0.55,0.84,0.36,0.439,0.781,0.588,0.157,0.746,0.498,0.825,0.343,0.482,0.812,0.367,0.259,0.548,0.897,0.951,0.561,0.58,0.974,0.137,0.703,0.394,0.206,0.453,0.206,0.367,0.059,0.669,0.812,0.017,0.676,0.398,0.232,0.147,0.016,0.264,1.0,0.671,0.432,0.446,0.393,0.755,0.795,0.333,0.195,0.875,0.978,0.035,0.176,0.23,0.408,0.151,0.402,0.691,0.938,0.173,0.117,0.21,0.485,0.493,0.42,0.104,0.066,0.704,0.764,0.813,0.283,0.493,0.205,0.505,0.515,0.082,0.571,0.396,0.563,0.778,0.038,0.941,0.426,0.597,0.096,0.374,0.327,0.415,0.618,0.003,0.368,0.867,0.352,0.997,0.584,0.559,0.21,0.621,0.298,0.677,0.852,0.882,0.904,0.476,0.949,0.351,0.755,0.329,0.786,0.154,0.961,0.538,0.757,0.437,0.803,0.29,0.347,0.115,0.458,0.919,0.333,0.396,0.968,0.699,0.864,0.985,0.348,0.393,0.743,0.435,0.311,0.696,0.889,0.835,0.196,0.685,0.336,0.272,0.225,0.25,0.263,0.985,0.762,0.138,0.185,0.56,0.951,0.909,0.393,0.526,0.09,0.415,0.063,0.007,0.51,0.525,0.768,0.297,0.73,0.392,0.212,0.796,0.849,0.531,0.602,0.05,0.274,0.541,0.247,0.846,0.867,0.97,0.864,0.034,0.103,0.508,0.524,0.513,0.461,0.412,0.887,0.337,0.218,0.94,0.403,0.375,0.848,0.4,0.855,0.463,0.494,0.709,0.251,0.073,0.214,0.387,0.943,0.852,0.65,0.424,0.719,0.229,0.281,0.854,0.519,0.579,0.063,0.783,0.891,0.345,0.756,0.118,0.968,0.078,0.545,0.973,0.844,0.589,0.317,0.932,0.698,0.11,0.725,0.478,0.272,0.235,0.167,0.772,0.655,0.732,0.297,0.816,0.542,0.579,0.222,0.921,0.012,0.67,0.501,0.566,0.816,0.75,0.57,0.514,0.155,0.122,0.217,0.163,0.077,0.979,0.325,0.977
2020-02-01 19:55:27,0.673,0.059,0.683,0.068,0.01,0.996,0.265,0.696,0.398,0.328,0.564,0.995,0.719,0.731,0.932,0.083,0.099,0.938,0.642,0.943,0.684,0.076,0.939,0.976,0.529,0.629,0.852,0.761,0.895,0.942,0.867,0.12,0.992,0.528,0.835,0.016,0.944,0.174,0.197,0.494,0.785,0.037,0.665,0.406,0.463,0.996,0.1,0.744,0.637,0.942,0.026,0.668,0.502,0.878,0.379,0.554,0.46,0.161,0.526,0.055,0.085,0.475,0.234,0.749,0.088,1.0,0.394,0.723,0.546,0.038,0.202,0.241,0.039,0.514,0.464,0.957,0.83,0.373,0.835,0.867,0.554,0.091,0.498,0.07,0.759,0.874,0.48,0.641,0.088,0.112,0.225,0.966,0.979,0.953,0.323,0.188,0.614,0.461,0.907,0.819,0.343,0.46,0.879,0.969,0.536,0.106,0.826,0.443,0.273,0.859,0.841,0.8,0.885,0.368,0.24,0.203,0.186,0.648,0.518,0.062,0.938,0.828,0.679,0.788,0.173,0.866,0.694,0.743,0.038,0.159,0.332,0.859,0.953,0.757,0.865,0.709,0.521,0.908,0.151,0.686,0.658,0.309,0.907,0.791,0.362,0.211,0.53,0.313,0.738,0.608,0.765,0.313,0.779,0.403,0.078,0.033,0.796,0.873,0.23,0.069,0.732,0.157,0.268,0.475,0.309,0.36,0.486,0.827,0.222,0.84,0.465,0.526,0.305,0.313,0.478,0.645,0.871,0.316,0.155,0.814,0.613,0.177,0.989,0.999,0.587,0.74,0.79,0.434,0.472,0.956,0.592,0.918,0.136,0.301,0.223,0.947,0.356,0.001,0.625,0.749,0.389,0.071,0.168,0.697,0.863,0.925,0.96,0.062,0.195,0.308,0.781,0.641,0.742,0.433,0.221,0.221,0.757,0.361,0.964,0.057,0.446,0.886,0.049,0.901,0.651,0.895,0.999,0.162,0.489,0.03,0.589,0.105,0.027,0.465,0.152,0.875,0.809,0.232,0.091,0.579,0.801,0.394,0.544,0.197,0.944,0.17,0.19,0.343,0.398,0.365,0.641,0.0,0.618,0.808,0.353,0.243,0.095,0.916,0.154,0.663,0.091,0.326,0.179,0.107,0.928,0.541,0.963,0.054,0.224,0.377,0.935,0.006,0.902,0.226,0.133,0.086,0.573,0.133,0.735,0.938,0.26,0.844,0.523,0.921,0.804,0.617,0.888,0.873,0.876,0.393,0.243,0.351,0.453,0.986,0.087,0.354,0.184,0.041,0.425,0.282,0.397,0.368,0.301,0.49,0.923,0.971,0.039,0.995,0.26,0.365,0.71,0.883,0.196,0.681,0.254,0.758,0.996,0.715,0.649,0.262,0.799,0.966,0.365,0.322,0.99,0.739,0.521,0.825,0.402,0.201,0.349,0.549,0.334,0.843,0.953,0.936,0.913,0.585,0.314,0.345,0.012,0.057,0.476,0.605,0.12,0.416,0.655,0.249,0.975,0.468,0.722,0.772,0.122,0.461,0.033,0.814,0.14,0.644,0.702,0.618,0.446,0.145,0.009,0.219,0.331,0.498,0.21,0.507,0.455,0.548,0.83,0.712,0.611,0.436,0.803,0.558,0.393,0.941,0.755,0.956,0.578,0.652,0.989,0.963,0.505,0.516,0.516,0.452,0.441,0.016,0.089,0.568,0.711,0.45,0.109,0.658,0.696,0.486,0.353,0.932,0.908,0.369,0.895,0.481,0.136,0.395,0.928,0.019,0.229,0.682,0.327,0.666,0.849,0.831,0.864,0.905,0.164,0.294,0.202,0.963,0.136,0.712,0.274,0.23,0.55,0.547,0.211,0.335,0.297,0.899,0.038,0.16,0.305,0.958,0.346,0.744,0.693,0.987,0.016,0.395,0.127,0.388,0.868,0.331,0.264,0.103,0.735,0.437,0.084,0.632,0.834,0.291,0.117,0.334,0.125,0.111,0.639,0.378,0.032,0.552,0.247,0.042,0.131,0.416,0.34,0.956,0.813,0.395,0.197,0.253,0.514,0.691,0.644,0.506,0.636,0.389,0.431,0.337,0.793,0.483,0.993,0.378,0.401,0.383,0.624,0.657,0.573,0.954,0.382,0.132,0.844,0.276,0.016,0.249,0.147,0.712,0.308,0.743,0.038,0.964,0.555,0.764,0.315,0.547,0.701,0.036,0.383,0.911,0.733,0.219,0.015,0.289
2020-02-01 19:55:27,0.712,0.873,0.163,0.009,0.224,0.687,0.417,0.583,0.261,0.143,0.403,0.499,0.795,0.572,0.74,0.141,0.877,0.768,0.971,0.835,0.868,0.295,0.344,0.518,0.628,0.204,0.007,0.221,0.181,0.872,0.156,0.81,0.959,0.455,0.547,0.916,0.743,0.947,0.61,0.958,0.364,0.208,0.401,0.214,0.17,0.812,0.235,0.281,0.081,0.244,0.982,0.428,0.493,0.439,0.464,0.868,0.472,0.05,0.658,0.71,0.199,0.127,0.626,0.203,0.186,0.976,0.371,0.579,0.321,0.501,0.28,0.464,0.679,0.291,0.883,0.8,0.162,0.744,0.053,0.789,0.494,0.539,0.808,0.805,0.959,0.456,0.071,0.278,0.069,0.199,0.792,0.808,0.99,0.496,0.639,0.828,0.593,0.508,0.493,0.626,0.685,0.238,0.229,0.847,0.799,0.406,0.389,0.827,0.451,0.016,0.049,0.658,0.893,0.036,0.887,0.242,0.999,0.061,0.423,0.383,0.545,0.471,0.639,0.661,0.856,0.318,0.604,0.42,0.891,0.562,0.546,0.597,0.583,0.103,0.048,0.866,0.044,0.615,0.947,0.495,0.38,0.728,0.959,0.538,0.476,0.121,0.115,0.044,0.746,0.982,0.021,0.315,0.573,0.928,0.007,0.206,0.227,0.616,0.344,0.296,0.108,0.922,0.232,0.451,0.433,0.188,0.729,0.278,0.599,0.215,0.757,0.68,0.361,0.901,0.811,0.789,0.807,0.713,0.033,0.931,0.377,0.961,0.861,0.126,0.604,0.125,0.072,0.039,0.981,0.022,0.844,0.592,0.26,0.586,0.18,0.464,0.854,0.592,0.482,0.175,0.288,0.842,0.586,0.912,0.949,0.743,0.232,0.78,0.701,0.622,0.151,0.96,0.265,0.908,0.475,0.658,0.622,0.755,0.744,0.211,0.076,0.92,0.182,0.22,0.145,0.393,0.666,0.298,0.879,0.697,0.013,0.42,0.53,0.157,0.15,0.776,0.067,0.014,0.003,0.818,0.279,0.582,0.903,0.49,0.149,0.244,0.053,0.089,0.935,0.706,0.653,0.238,0.933,0.849,0.655,0.047,0.378,0.222,0.406,0.824,0.164,0.47,0.955,0.111,0.888,0.558,0.002,0.433,0.875,0.61,0.837,0.629,0.885,0.542,0.78,0.775,0.076,0.204,0.359,0.475,0.614,0.528,0.663,0.181,0.278,0.099,0.931,0.063,0.212,0.769,0.689,0.606,0.6,0.063,0.992,0.36,0.105,0.392,0.53,0.718,0.099,0.201,0.403,0.365,0.668,0.15,0.311,0.761,0.475,0.445,0.424,0.175,0.752,0.112,0.451,0.801,0.106,0.96,0.488,0.927,0.828,0.276,0.739,0.382,0.868,0.295,0.671,0.296,0.639,0.376,0.436,0.335,0.404,0.857,0.374,0.882,0.522,0.365,0.502,0.413,0.562,0.195,0.971,0.45,0.817,0.033,0.974,0.867,0.434,0.688,0.135,0.428,0.216,0.893,0.896,0.615,0.265,0.878,0.72,0.409,0.955,0.505,0.19,0.264,0.208,0.889,0.459,0.61,0.675,0.918,0.735,0.772,0.515,0.029,0.875,0.555,0.102,0.004,0.446,0.125,0.403,0.74,0.268,0.081,0.264,0.811,0.662,0.642,0.259,0.791,0.146,0.264,0.189,0.272,0.067,0.873,0.451,0.102,0.555,0.11,0.774,0.676,0.059,0.373,0.834,0.2,0.061,0.308,0.135,0.083,0.634,0.279,0.998,0.867,0.615,0.206,0.645,0.74,0.701,0.374,0.232,0.509,0.036,0.161,0.555,0.907,0.422,0.305,0.321,0.798,0.052,0.972,0.615,0.551,0.647,0.812,0.128,0.645,0.053,0.235,0.153,0.188,0.119,0.022,0.209,0.609,0.008,0.437,0.654,0.099,0.359,0.401,0.677,0.978,0.337,0.253,0.136,0.708,0.682,0.727,0.753,0.899,0.67,0.023,0.93,0.101,0.076,0.179,0.327,0.38,0.168,0.198,0.022,0.025,0.182,0.965,0.187,0.968,0.869,0.21,0.507,0.192,0.104,0.639,0.009,0.965,0.523,0.237,0.035,0.1,0.567,0.025,0.194,0.941,0.978,0.707,0.506,0.267,0.245,0.736,0.272,0.48,0.671,0.138,0.948,0.437,0.121,0.471,0.946,0.419,0.579,0.543
2020-02-01 19:55:27,0.824,0.323,0.938,0.531,0.764,0.985,0.427,0.572,0.291,0.545,0.262,0.484,0.336,0.702,0.776,0.109,0.193,0.51,0.473,0.695,0.818,0.1,0.751,0.223,0.392,0.576,0.357,0.014,0.648,0.031,0.84,0.079,0.484,0.887,0.204,0.275,0.898,0.992,0.204,0.994,0.99,0.439,0.322,0.84,0.631,0.776,0.792,0.807,0.924,0.907,0.993,0.421,0.546,0.307,0.215,0.546,0.291,0.271,0.049,0.948,0.401,0.335,0.065,0.754,0.132,0.043,0.407,0.348,0.641,0.988,0.766,0.641,0.209,0.872,0.087,0.884,0.997,0.389,0.374,0.218,0.718,0.121,0.874,0.553,0.94,0.615,0.065,0.36,0.939,0.935,0.341,0.319,0.768,0.754,0.348,0.762,0.373,0.123,0.372,0.994,0.299,0.79,0.383,0.768,0.598,0.588,0.419,0.499,0.545,0.844,0.773,0.245,0.167,0.269,0.567,0.341,0.862,0.157,0.958,0.837,0.794,0.332,0.997,0.51,0.528,0.05,0.519,0.686,0.967,0.623,0.519,0.084,0.323,0.675,0.193,0.923,0.186,0.094,0.794,0.369,0.71,0.227,0.834,0.834,0.819,0.328,0.098,0.54,0.337,0.712,0.31,0.574,0.202,0.658,0.129,0.305,0.029,0.962,0.036,0.837,0.721,0.729,0.177,0.66,0.985,0.824,0.62,0.189,0.657,0.54,0.498,0.34,0.209,0.121,0.581,0.675,0.035,0.443,0.632,0.02,0.385,0.794,0.092,0.69,0.42,0.317,0.716,0.319,0.057,0.064,0.233,0.056,0.832,0.985,0.69,0.534,0.225,0.814,0.987,0.803,0.953,0.12,0.722,0.236,0.872,0.444,0.459,0.994,0.595,0.337,0.638,0.41,0.216,0.144,0.181,0.245,0.44,0.335,0.794,0.142,0.187,0.437,0.926,0.558,0.517,0.413,0.485,0.409,0.515,0.744,0.445,0.534,0.004,0.242,0.19,0.851,0.412,0.598,0.536,0.503,0.385,0.12,0.781,0.09,0.301,0.513,0.194,0.413,0.228,0.403,0.134,0.388,0.732,0.61,0.94,0.865,0.246,0.432,0.411,0.07,0.906,0.212,0.759,0.197,0.384,0.572,0.929,0.588,0.045,0.373,0.281,0.114,0.496,0.156,0.78,0.949,0.419,0.228,0.141,0.722,0.352,0.481,0.023,0.99,0.542,0.912,0.95,0.73,0.53,0.609,0.092,0.471,0.439,0.363,0.718,0.406,0.064,0.321,0.219,0.052,0.349,0.702,0.136,0.112,0.625,0.805,0.103,0.701,0.64,0.442,0.735,0.611,0.92,0.046,0.255,0.6,0.753,0.066,0.757,0.285,0.458,0.681,0.323,0.341,0.755,0.67,0.953,0.391,0.524,0.425,0.547,0.636,0.288,0.788,0.181,0.073,0.217,0.931,0.489,0.05,0.412,0.048,0.711,0.817,0.873,0.147,0.855,0.177,0.648,0.158,0.715,0.484,0.981,0.508,0.944,0.552,0.026,0.551,0.381,0.386,0.281,0.004,0.255,0.848,0.726,0.535,0.874,0.811,0.189,0.017,0.186,0.002,0.329,0.867,0.473,0.199,0.564,0.905,0.829,0.432,0.66,0.3,0.59,0.913,0.682,0.365,0.895,0.185,0.779,0.585,0.828,0.827,0.317,0.653,0.847,0.292,0.44,0.271,0.1,0.033,0.382,0.451,0.186,0.099,0.328,0.901,0.798,0.223,0.38,0.744,0.434,0.442,0.009,0.52,0.873,0.362,0.094,0.466,0.114,0.444,0.48,0.225,0.06,0.959,0.512,0.512,0.949,0.522,0.052,0.414,0.11,0.161,0.454,0.977,0.747,0.75,0.892,0.71,0.322,0.51,0.059,0.908,0.509,0.929,0.062,0.188,0.973,0.208,0.326,0.766,0.451,0.521,0.123,0.295,0.742,0.066,0.098,0.144,0.86,0.385,0.993,0.566,0.034,0.353,0.76,0.525,0.783,0.638,0.454,0.741,0.4,0.802,0.664,0.039,0.617,0.836,0.054,0.618,0.011,0.012,0.446,0.178,0.268,0.846,0.401,0.471,0.509,0.147,0.628,0.626,0.814,0.671,0.115,0.701,0.637,0.067,0.17,0.739,0.26,0.034,0.451,0.344,0.198,0.271,0.622,0.317,0.76,0.701,0.953,0.181,0.916,0.865
2020-02-01 19:55:27,0.366,0.745,0.232,0.509,0.949,0.317,0.628,0.186,0.081,0.39,0.683,0.531,0.244,0.361,0.526,0.68,0.936,0.014,0.484,0.019,0.854,0.518,0.843,0.854,0.308,0.672,0.507,0.338,0.507,0.696,0.827,0.451,0.01,0.793,0.083,0.863,0.987,0.287,0.85,0.026,0.283,0.014,0.373,0.677,0.319,0.973,0.41,0.758,0.337,0.445,0.125,0.667,0.515,0.924,0.209,0.218,0.317,0.777,0.959,0.268,0.88,0.952,0.312,0.467,0.009,0.181,0.908,0.48,0.837,0.739,0.27,0.601,0.3,0.89,0.65,0.475,0.935,0.79,0.301,0.022,0.9,0.496,0.556,0.286,0.814,0.659,0.811,0.851,0.681,0.66,0.282,0.904,0.365,0.673,0.049,0.307,0.068,0.895,0.261,0.985,0.727,0.103,0.158,0.532,0.843,0.281,0.778,0.098,0.804,0.52,0.82,0.605,0.912,0.49,0.588,0.806,0.292,0.33,0.364,0.578,0.038,0.954,0.894,0.112,0.231,0.658,0.97,0.941,0.591,0.947,0.075,0.09,0.565,0.694,0.377,0.272,0.927,0.099,0.716,0.034,0.513,0.553,0.473,0.504,0.709,0.04,0.3,0.865,0.524,0.226,0.779,0.349,0.025,0.265,0.691,0.884,0.238,0.697,0.318,0.606,0.646,0.423,0.957,0.821,0.774,0.261,0.67,0.892,0.672,0.057,0.782,0.393,0.062,0.61,0.945,0.925,0.396,0.553,0.467,0.651,0.842,0.325,0.552,0.26,0.327,0.003,0.249,0.122,0.172,0.501,0.241,0.282,0.046,0.187,0.824,0.411,0.99,0.562,0.189,0.98,0.157,0.288,0.225,0.268,0.13,0.881,0.419,0.121,0.669,0.392,0.897,0.19,0.58,0.565,0.574,0.257,0.515,0.189,0.656,0.687,0.215,0.363,0.107,0.479,0.763,0.693,0.555,0.626,0.936,0.125,0.394,0.071,0.878,0.296,0.757,0.505,0.289,0.709,0.867,0.147,0.785,0.603,0.5,0.433,0.481,0.87,0.856,0.572,0.56,0.422,0.791,0.892,0.642,0.004,0.8,0.062,0.06,0.53,0.348,0.752,0.248,0.099,0.666,0.536,0.159,0.587,0.216,0.603,0.393,0.937,0.772,0.321,0.504,0.359,0.197,0.297,0.351,0.834,0.307,0.316,0.174,0.065,0.858,0.145,0.375,0.623,0.348,0.588,0.793,0.76,0.139,0.965,0.079,0.082,0.755,0.305,0.912,0.324,0.255,0.461,0.928,0.987,0.588,0.608,0.53,0.139,0.323,0.12,0.752,0.234,0.474,0.996,0.053,0.578,0.479,0.091,0.989,0.67,0.831,0.98,0.125,0.719,0.546,0.379,0.849,0.162,0.88,0.473,0.869,0.737,0.135,0.121,0.868,0.42,0.933,0.526,0.355,0.769,0.317,0.586,0.11,0.978,0.79,0.013,0.276,0.366,0.145,0.532,0.659,0.413,0.908,0.49,0.654,0.689,0.421,0.313,0.605,0.2,0.662,0.458,0.151,0.403,0.373,0.269,0.47,0.513,0.182,0.28,0.132,0.337,0.771,0.018,0.119,0.466,0.053,0.982,0.081,0.348,0.202,0.265,0.265,0.991,0.483,0.092,0.793,0.101,0.336,0.523,0.73,0.141,0.294,0.484,0.37,0.588,0.052,0.741,0.344,0.161,0.441,0.779,0.013,0.316,0.665,0.937,0.751,0.905,0.729,0.863,0.18,0.84,0.375,0.09,0.465,0.508,0.319,0.779,0.584,0.126,0.567,0.367,0.851,0.236,0.407,0.438,0.924,0.492,0.126,0.761,0.753,0.55,0.738,0.147,0.599,0.718,0.517,0.659,0.947,0.918,0.32,0.507,0.445,0.473,0.654,0.463,0.479,0.817,0.677,0.267,0.48,0.733,0.704,0.992,0.61,0.068,0.132,0.026,0.997,0.07,0.899,0.19,0.773,0.806,0.799,0.954,0.982,0.433,0.172,0.536,0.793,0.421,0.886,0.69,0.845,0.204,0.517,0.238,0.683,0.359,0.095,0.126,0.771,0.117,0.381,0.27,0.013,0.281,0.769,0.51,0.19,0.024,0.557,0.924,0.029,0.168,0.655,0.21,0.653,0.605,0.454,0.094,0.441,0.036,0.099,0.336,0.493,0.341,0.256,0.166,0.31,0.505,0.884,0.319
2020-02-01 19:55:27,0.564,0.033,0.063,0.466,0.766,0.39,0.428,0.845,0.14,0.181,0.552,0.566,0.489,0.636,0.114,0.653,0.389,0.187,0.005,0.241,0.607,0.548,0.785,0.045,0.794,0.727,0.423,0.323,0.387,0.78,0.88,0.17,0.344,0.735,0.083,0.496,0.308,0.746,0.89,0.369,0.368,0.74,0.607,0.902,0.326,0.152,0.398,0.151,0.292,0.351,0.767,0.754,0.657,0.082,0.192,0.022,0.292,0.302,0.04,0.413,0.134,0.276,0.401,0.551,0.287,0.542,0.877,0.654,0.973,0.868,0.629,0.933,0.719,0.083,0.412,0.592,0.181,0.842,0.038,0.448,0.722,0.506,0.758,0.479,0.741,0.21,0.707,0.976,0.16,0.879,0.842,0.614,0.117,0.835,0.925,0.923,0.458,0.706,0.817,0.101,0.306,0.261,0.78,0.086,0.503,0.774,0.959,0.46,0.215,0.38,0.185,0.956,0.425,0.079,0.661,0.236,0.135,0.724,0.618,0.755,0.775,0.018,0.459,0.516,0.19,0.946,0.46,0.413,0.519,0.864,0.68,0.189,0.34,0.544,0.827,0.124,0.036,0.105,0.288,0.684,0.864,0.291,0.977,0.317,0.324,0.363,0.294,0.396,1.0,0.642,0.84,0.459,0.573,0.649,0.365,0.814,0.1,0.75,0.988,0.847,0.334,0.237,0.849,0.695,0.815,0.523,0.48,0.803,0.417,0.322,0.913,0.923,0.749,0.637,0.044,0.083,0.869,0.831,0.961,0.341,0.507,0.415,0.004,0.48,0.873,0.594,0.808,0.808,0.144,0.005,0.346,0.166,0.498,0.197,0.852,0.605,0.046,0.654,0.28,0.813,0.781,0.786,0.964,0.35,0.412,0.052,0.518,0.238,0.064,0.569,0.77,0.352,0.989,0.07,0.402,0.59,0.614,0.781,0.534,0.025,0.117,0.149,0.169,0.264,0.131,0.114,0.086,0.475,0.389,0.434,0.078,0.291,0.504,0.148,0.55,0.381,0.634,0.209,0.629,0.214,0.605,0.778,0.478,0.999,0.171,0.664,0.635,0.811,0.159,0.027,0.288,0.904,0.401,0.643,0.535,0.844,0.166,0.168,0.552,0.818,0.376,0.334,0.704,0.636,0.014,0.076,0.344,0.712,0.493,0.034,0.389,0.819,0.201,0.76,0.883,0.067,0.046,0.274,0.024,0.928,0.575,0.496,0.676,0.299,0.316,0.73,0.973,0.569,0.686,0.834,0.668,0.417,0.621,0.492,0.416,0.448,0.673,0.043,0.657,0.208,0.543,0.564,0.88,0.498,0.464,0.096,0.309,0.845,0.51,0.682,0.878,0.495,0.363,0.084,0.587,0.25,0.546,0.959,0.078,0.998,0.728,0.39,0.911,0.048,0.876,0.301,0.741,0.487,0.767,0.03,0.155,0.134,0.121,0.312,0.833,0.87,0.025,0.418,0.442,0.518,0.439,0.764,0.846,0.525,0.035,0.525,0.498,0.448,0.05,0.418,0.987,0.123,0.406,0.455,0.183,0.872,0.254,0.32,0.321,0.632,0.555,0.589,0.81,0.416,0.53,0.35,0.726,0.324,0.404,0.876,0.226,0.957,0.744,0.961,0.857,0.697,0.621,0.53,0.017,0.025,0.587,0.617,0.899,0.626,0.148,0.57,0.139,0.473,0.514,0.946,0.246,0.732,0.192,0.587,0.566,0.666,0.015,0.7,0.995,0.235,0.799,0.95,0.9,0.427,0.986,0.329,0.689,0.738,0.488,0.742,0.153,0.868,0.796,0.83,0.328,0.515,0.238,0.157,0.8,0.862,0.305,0.226,0.712,0.1,0.064,0.455,0.036,0.223,0.389,0.243,0.674,0.365,0.391,0.47,0.197,0.483,0.139,0.542,0.812,0.843,0.439,0.635,0.172,0.671,0.206,0.612,0.239,0.657,0.428,0.595,0.431,0.519,0.757,0.52,0.031,0.132,0.567,0.316,0.445,0.817,0.012,0.548,0.575,0.607,0.954,0.62,0.767,0.649,0.144,0.392,0.241,0.882,0.468,0.937,0.813,0.825,0.213,0.082,0.414,0.964,0.756,0.782,0.361,0.117,0.02,0.651,0.824,0.765,0.103,0.318,0.33,0.29,0.691,0.496,0.329,0.08,0.862,0.25,0.564,0.563,0.464,0.22,0.974,0.456,0.584,0.302,0.384,0.953,0.94,0.613,0.522,0.291
2020-02-01 19:55:27,0.579,0.634,0.75,0.123,0.188,0.154,0.823,0.888,0.339,0.7,0.69,0.94,0.846,0.963,0.311,0.478,0.549,0.758,0.529,0.229,0.302,0.34,0.364,0.43,0.515,0.114,0.445,0.131,0.119,0.877,0.711,0.711,0.292,0.042,0.705,0.45,0.043,0.11,0.435,0.458,0.534,0.686,0.901,0.049,0.962,0.563,0.578,0.091,0.551,0.111,0.069,0.658,0.121,0.376,0.013,0.048,0.809,0.546,0.74,0.456,0.996,0.686,0.768,0.84,0.908,0.944,0.636,0.049,0.259,0.101,0.625,0.896,0.732,0.079,0.923,0.063,0.116,0.194,0.808,0.096,0.294,0.84,0.658,0.339,0.326,0.559,0.584,0.224,0.965,0.211,0.746,0.381,0.114,0.724,0.712,0.173,0.412,0.404,0.21,0.768,0.907,0.972,0.512,0.49,0.027,0.153,0.934,0.84,0.789,0.69,0.57,0.83,0.084,0.312,0.286,0.528,0.629,0.708,0.974,0.535,0.728,0.838,0.054,0.846,0.191,0.237,0.574,0.901,0.244,0.57,0.475,0.431,0.166,0.922,0.295,0.347,0.423,0.247,0.696,0.792,0.696,0.419,0.407,0.155,0.829,0.438,0.683,0.147,0.851,0.332,0.85,0.923,0.007,0.378,0.735,0.792,0.352,0.088,0.474,0.095,0.641,0.918,0.712,0.266,0.402,0.867,0.502,0.415,0.068,0.236,0.066,0.18,0.157,0.637,0.27,0.502,0.143,0.696,0.295,0.593,0.545,0.772,0.383,0.364,0.532,0.12,0.094,0.14,0.042,0.561,0.923,0.834,0.551,0.75,0.866,0.926,0.022,0.613,0.981,0.728,0.238,0.78,0.175,0.175,0.729,0.387,0.394,0.769,0.95,0.071,0.598,0.892,0.785,0.326,0.649,0.752,0.219,0.259,0.577,0.825,0.855,0.615,0.745,0.959,0.899,0.632,0.415,0.365,0.644,0.223,0.589,0.563,0.267,0.952,0.467,0.911,0.156,0.82,0.851,0.648,0.811,0.799,0.688,0.747,0.871,0.065,0.6,0.534,0.709,0.106,0.728,0.175,0.465,0.047,0.998,0.157,0.739,0.717,0.425,0.064,0.238,0.122,0.154,0.898,0.513,0.064,0.707,0.394,0.086,0.171,0.212,0.684,0.619,0.365,0.61,0.75,0.304,0.315,0.506,0.307,0.127,0.594,0.112,0.255,0.035,0.703,0.7,0.702,0.33,0.138,0.126,0.794,0.666,0.31,0.652,0.588,0.357,0.751,0.969,0.171,0.652,0.688,0.011,0.993,0.791,0.961,0.725,0.223,0.307,0.182,0.719,0.15,0.321,0.277,0.874,0.932,0.456,0.78,0.973,0.646,0.174,0.008,0.088,0.896,0.411,0.86,0.976,0.952,0.644,0.099,0.994,0.949,0.263,0.855,0.929,0.071,0.946,0.478,0.12,0.628,0.396,0.165,0.41,0.191,0.656,0.254,0.718,0.513,0.318,0.426,0.34,0.662,0.751,0.872,0.994,0.308,0.132,0.34,0.786,0.69,0.685,0.916,0.845,0.091,0.922,0.468,0.621,0.648,0.459,0.191,0.915,0.785,0.795,0.914,0.391,0.027,0.114,0.547,0.985,0.071,0.163,0.568,0.542,0.159,0.165,0.296,0.695,0.179,0.219,0.135,0.793,0.859,0.284,0.865,0.553,0.435,0.077,0.625,0.927,0.841,0.763,0.076,0.375,0.254,0.013,0.082,0.135,0.021,0.395,0.977,0.244,0.939,0.655,0.061,0.92,0.759,0.753,0.302,0.369,0.108,0.974,0.084,0.543,0.789,0.052,0.001,0.355,0.043,0.227,0.374,0.452,0.782,0.192,0.173,0.844,0.566,0.447,0.719,0.096,0.946,0.844,0.82,0.28,0.729,0.003,0.319,0.405,0.845,0.01,0.63,0.272,0.065,0.935,0.682,0.86,0.052,0.719,0.901,0.515,0.172,0.078,0.767,0.872,0.972,0.325,0.861,0.898,0.778,0.495,0.846,0.316,0.62,0.05,0.754,0.745,0.771,0.0,0.577,0.115,0.112,0.37,0.428,0.521,0.656,0.817,0.341,0.508,0.676,0.461,0.485,0.275,0.823,0.452,0.653,0.067,0.906,0.017,0.225,0.339,0.788,0.633,0.527,0.964,0.509,0.686,0.016,0.476,0.816,0.731,0.714,0.281,0.062
2020-02-01 19:55:27,0.234,0.84,0.929,0.377,0.58,0.679,0.692,0.093,0.822,0.059,0.619,0.21,0.622,0.533,0.603,0.949,0.845,0.164,0.235,0.36,0.137,0.305,0.678,0.576,0.619,0.503,0.341,0.892,0.756,0.398,0.487,0.768,0.162,0.443,0.042,0.604,0.043,0.318,0.064,0.713,0.224,0.286,0.472,0.758,0.986,0.09,0.498,0.994,0.442,0.383,0.889,0.14,0.57,0.428,0.561,0.719,0.975,0.051,0.768,0.347,0.839,0.276,0.954,0.502,0.574,0.391,0.43,0.022,0.795,0.612,0.308,0.323,0.252,0.055,0.203,0.223,0.396,0.908,0.961,0.19,0.895,0.295,0.1,0.488,0.868,0.791,0.643,0.165,0.617,0.027,0.061,0.009,0.241,0.411,0.488,0.228,0.396,0.192,0.217,0.851,0.493,0.902,0.02,0.164,0.051,0.501,0.801,0.265,0.644,0.057,0.131,0.939,0.975,0.494,0.727,0.418,0.4,0.889,0.207,0.889,0.407,0.868,0.536,0.973,0.824,0.21,0.723,0.517,0.12,0.413,0.185,0.068,0.469,0.939,0.203,0.225,0.778,0.002,0.619,0.222,0.388,0.397,0.197,0.152,0.021,0.032,0.991,0.178,0.123,0.056,0.59,0.101,0.422,0.688,0.476,0.957,0.988,0.459,0.036,0.47,0.454,0.696,0.385,0.299,0.641,0.683,0.382,0.291,0.502,0.711,0.195,0.172,0.637,0.483,0.227,0.267,0.875,0.843,0.285,0.46,0.984,0.682,0.926,0.999,0.603,0.918,0.199,0.253,0.636,0.181,0.04,0.563,0.018,0.112,0.534,0.184,0.402,0.049,0.018,0.262,0.021,0.794,0.148,0.376,0.699,0.309,0.744,0.033,0.685,0.03,0.588,0.767,0.958,0.128,0.085,0.7,0.812,0.989,0.362,0.753,0.895,0.723,0.961,0.489,0.731,0.237,0.592,0.959,0.858,0.134,0.711,0.232,0.817,0.638,0.165,0.169,0.929,0.842,0.774,0.316,0.69,0.325,0.706,0.36,0.002,0.577,0.419,0.919,0.678,0.947,0.043,0.684,0.154,0.638,0.007,0.264,0.353,0.444,0.288,0.928,0.029,0.096,0.375,0.435,0.049,0.398,0.598,0.717,0.644,0.805,0.864,0.298,0.205,0.022,0.011,0.841,0.915,0.173,0.705,0.75,0.75,0.771,0.007,0.631,0.029,0.274,0.991,0.649,0.959,0.114,0.041,0.523,0.819,0.256,0.479,0.624,0.714,0.264,0.22,0.956,0.408,0.637,0.805,0.289,0.694,1.0,0.129,0.694,0.884,0.931,0.341,0.629,0.771,0.17,0.944,0.299,0.871,0.916,0.955,0.766,0.445,0.644,0.304,0.699,0.698,0.948,0.13,0.399,0.916,0.047,0.293,0.183,0.047,0.26,0.338,0.256,0.664,0.616,0.451,0.721,0.125,0.415,0.396,0.337,0.861,0.214,0.3,0.358,0.41,0.86,0.5,0.256,0.989,0.114,0.456,0.432,0.425,0.348,0.192,0.538,0.725,0.283,0.05,0.383,0.218,0.578,0.582,0.765,0.863,0.684,0.751,0.502,0.043,0.657,0.273,0.523,0.617,0.805,0.728,0.375,0.025,0.207,0.004,0.535,0.509,0.053,0.289,0.773,0.506,0.069,0.662,0.307,0.076,0.392,0.594,0.481,0.586,0.174,0.926,0.842,0.287,0.522,0.658,0.625,0.835,0.374,0.499,0.464,0.84,0.569,0.646,0.065,0.193,0.307,0.675,0.048,0.874,0.467,0.153,0.639,0.693,0.999,0.288,0.44,0.563,0.927,0.651,0.866,0.912,0.118,0.036,0.547,0.934,0.42,0.727,0.803,0.482,0.248,0.821,0.501,0.909,0.443,0.39,0.269,0.675,0.105,0.688,0.14,0.106,0.775,0.179,0.62,0.042,0.751,0.64,0.579,0.167,0.777,0.745,0.082,0.116,0.8,0.277,0.11,0.08,0.663,0.013,0.467,0.906,0.962,0.801,0.436,0.148,0.643,0.392,0.525,0.586,0.775,0.801,0.406,0.549,0.641,0.574,0.74,0.204,0.372,0.404,0.158,0.864,0.027,0.731,0.386,0.247,0.871,0.997,0.442,0.158,0.264,0.711,0.346,0.719,0.942,0.629,0.809,0.554,0.735,0.814,0.584,0.876,0.217,0.493,0.203
2020-02-01 19:55:27,0.102,0.54,0.104,0.216,0.886,0.987,0.825,0.113,0.784,0.022,0.413,0.007,0.711,0.075,0.889,0.81,0.785,0.827,0.712,0.68,0.308,0.408,0.455,0.753,0.87,0.719,0.017,0.718,0.714,0.224,0.719,0.431,0.221,0.93,0.082,0.804,0.125,0.689,0.351,0.186,0.24,0.955,0.482,0.342,0.147,0.626,0.624,0.65,0.3,0.469,0.435,0.956,0.652,0.505,0.262,0.269,0.837,0.641,0.085,0.149,0.403,0.088,0.628,0.656,0.26,0.542,0.506,0.959,0.752,0.278,0.952,0.117,0.448,0.463,0.105,0.248,0.049,0.448,0.384,0.158,0.542,0.599,0.937,0.573,0.324,0.263,0.765,0.329,0.96,0.009,0.297,0.083,0.16,0.786,0.753,0.33,0.956,0.191,0.332,0.137,0.939,0.719,0.286,0.137,0.651,0.137,0.154,0.077,0.985,0.519,0.055,0.334,0.34,0.92,0.891,0.337,0.223,0.612,0.818,0.363,0.773,0.065,0.806,0.849,0.361,0.862,0.175,0.613,0.313,0.864,0.087,0.65,0.676,0.441,0.39,0.522,0.487,0.333,0.629,0.374,0.976,0.871,0.088,0.354,0.192,0.458,0.909,0.336,0.753,0.676,0.109,0.034,0.172,0.439,0.665,0.847,0.331,0.373,0.39,0.539,0.29,0.477,0.732,0.88,0.678,0.152,0.507,0.741,0.156,0.443,0.595,0.04,0.265,0.454,0.215,0.049,0.256,0.93,0.98,0.854,0.322,0.442,0.697,0.329,0.791,0.798,0.199,0.197,0.165,0.667,0.704,0.728,0.867,0.976,0.848,0.657,0.059,0.835,0.769,0.106,0.452,0.442,0.222,0.501,0.376,0.842,0.777,0.754,0.742,0.0,0.604,0.429,0.665,0.217,0.102,0.665,0.103,0.222,0.167,0.642,0.806,0.728,0.452,0.299,0.01,0.701,0.955,0.425,0.985,0.11,0.019,0.153,0.458,0.07,0.714,0.546,0.669,0.704,0.241,0.981,0.165,0.023,0.758,0.255,0.485,0.919,0.431,0.785,0.7,0.813,0.402,0.295,0.294,0.037,0.706,0.461,0.5,0.581,0.663,0.708,0.162,0.725,0.015,0.448,0.072,0.215,0.034,0.861,0.246,0.364,0.462,0.448,0.774,0.632,0.932,0.381,0.711,0.819,0.531,0.427,0.285,0.377,0.151,0.576,0.688,0.973,0.087,0.576,0.474,0.559,0.767,0.277,0.752,0.396,0.163,0.335,0.74,0.048,0.051,0.292,0.429,0.404,0.624,0.366,0.486,0.995,0.86,0.239,0.701,0.609,0.727,0.432,0.221,0.865,0.034,0.457,0.512,0.857,0.582,0.806,0.467,0.657,0.981,0.832,0.09,0.887,0.519,0.177,0.849,0.015,0.917,0.017,0.159,0.641,0.223,0.458,0.061,0.467,0.535,0.582,0.32,0.61,0.113,0.707,0.029,0.448,0.118,0.794,0.226,0.932,0.309,0.054,0.628,0.256,0.785,0.876,0.563,0.43,0.3,0.62,0.716,0.618,0.316,0.36,0.163,0.126,0.803,0.332,0.872,0.296,0.385,0.59,0.34,0.762,0.982,0.481,0.912,0.593,0.711,0.526,0.199,0.171,0.324,0.324,0.299,0.946,0.907,0.619,0.376,0.27,0.349,0.034,0.365,0.797,0.117,0.283,0.486,0.119,0.761,0.442,0.955,0.713,0.362,0.058,0.566,0.258,0.374,0.452,0.558,0.914,0.731,0.356,0.123,0.195,0.62,0.116,0.948,0.112,0.765,0.287,0.771,0.733,0.185,0.624,0.355,0.692,0.15,0.482,0.348,0.784,0.234,0.99,0.175,0.19,0.127,0.907,0.904,0.247,0.351,0.229,0.192,0.768,0.057,0.478,0.931,0.432,0.71,0.941,0.176,0.781,0.103,0.873,0.273,0.719,0.019,0.096,0.106,0.92,0.497,0.321,0.691,0.674,0.919,0.883,0.865,0.67,0.526,0.427,0.03,0.604,0.176,0.763,0.644,0.366,0.718,0.741,0.477,0.334,0.243,0.051,0.516,0.791,0.61,0.28,0.449,0.304,0.239,0.059,0.117,0.525,0.098,0.057,0.959,0.311,0.712,0.696,0.677,0.196,0.783,0.713,0.905,0.583,0.302,0.125,0.625,0.67,0.598,0.205,0.085,0.019,0.309,0.554
