2020-02-01 19:55:27,0.264,0.877,0.121,0.769,0.262,0.564,0.769,0.147,0.917,0.836,0.297,0.538,0.386,0.385,0.494,0.839,0.883,0.335,0.653,0.752,0.952,0.816,0.821,0.258,0.525,0.494,0.501,0.259,0.816,0.125,0.274,0.792,0.789,0.895,0.702,0.011,0.704,0.236,0.965,0.363,0.598,0.314,0.937,0.216,0.386,0.947,0.746,0.974,0.141,0.961,0.688,0.745,0.784,0.825,0.963,0.863,0.914,0.668,0.129,0.413,0.041,0.457,0.382,0.254,0.801,0.21,0.855,0.555,0.189,0.171,0.486,0.298,0.696,0.345,0.768,0.528,0.566,0.949,0.398,0.062,0.605,0.964,0.715,0.644,0.109,0.017,0.455,0.666,0.43,0.87,0.097,0.549,0.449,0.537,0.219,0.421,0.291,0.882,0.879,0.894,0.675,0.558,0.951,0.572,0.477,0.111,0.315,0.086,0.609,0.85,0.881,0.405,0.122,0.112,0.484,0.231,0.03,0.637,0.937,0.477,0.673,0.853,0.335,0.208,0.094,0.92,0.368,0.071,0.308,0.642,0.711,0.778,0.612,0.122,0.973,0.415,0.557,0.546,0.179,0.057,0.351,0.554,0.645,0.656,0.251,0.299,0.327,0.803,0.473,0.945,0.226,0.626,0.969,0.866,0.716,0.144,0.074,0.943,0.692,0.693,0.04,0.603,0.802,0.708,0.377,0.735,0.267,0.725,0.6,0.119,0.888,0.806,0.938,0.732,0.885,0.828,0.52,0.414,0.66,0.277,0.038,0.246,0.465,0.226,0.058,0.222,0.89,0.128,0.564,0.548,0.768,0.545,0.167,0.689,0.482,0.183,0.023,0.489,0.837,0.561,0.077,0.5,0.472,0.958,0.991,0.28,0.174,0.059,0.309,0.95,0.729,0.608,0.344,0.622,0.796,0.287,0.989,0.641,0.195,0.394,0.905,0.42,0.815,0.796,0.689,0.786,0.565,0.521,0.252,0.181,0.762,0.468,0.168,0.143,0.011,0.468,0.684,0.5,0.688,0.819,0.958,0.172,0.443,0.114,0.308,0.84,0.706,0.603,0.448,0.174,0.9,0.945,0.947,0.494,0.564,0.845,0.222,0.797,0.317,0.678,0.142,0.471,0.983,0.578,0.221,0.206,0.074,0.942,0.54,0.052,0.594,0.886,0.0,0.075,0.421,0.685,0.877,0.931,0.725,0.366,0.323,0.206,0.943,0.734,0.64,0.621,0.673,0.162,0.992,0.755,0.039,0.434,0.131,0.712,0.235,0.145,0.122,0.882,0.418,0.661,0.439,0.686,0.277,0.325,0.091,0.228,0.259,0.164,0.57,0.325,0.211,0.959,0.733,0.539,0.476,0.732,0.031,0.173,0.145,0.1,0.193,0.268,0.708,0.488,0.831,0.481,0.895,0.484,0.595,0.316,0.539,0.396,0.66,0.305,0.297,0.525,0.829,0.843,0.807,0.869,0.367,0.415,0.935,0.324,0.441,0.03,0.974,0.072,0.736,0.041,0.216,0.741,0.712,0.359,0.963,0.759,0.836,0.102,0.071,0.177,0.381,0.151,0.416,0.32,0.121,0.716,0.319,0.865,0.416,0.568,0.835,0.264,0.592,0.079,0.377,0.975,0.993,0.257,0.669,0.838,0.505,0.716,0.818,0.248,0.869,0.999,0.843,0.949,0.416,0.298,0.245,0.531,0.449,0.809,0.98,0.907,0.28,0.081,0.222,0.384,0.492,0.09,0.181,0.514,0.581,0.647,0.327,0.859,0.431,0.49,0.469,0.113,0.33,0.576,0.548,0.683,0.263,0.694,0.207,0.647,0.924,0.54,0.924,0.773,0.838,0.806,0.008,0.329,0.886,0.136,0.579,0.668,0.756,0.722,0.052,0.525,0.24,0.537,0.668,0.367,0.155,0.592,0.175,0.899,0.922,0.178,0.187,0.892,0.169,0.866,0.693,0.116,0.289,0.313,0.854,0.466,0.29,0.899,0.094,0.514,0.272,0.009,0.249,0.136,0.039,0.795,0.482,0.268,0.205,0.78,0.757,0.378,0.817,0.345,0.298,0.333,0.311,0.537,0.725,0.912,0.662,0.863,0.202,0.575,0.506,0.79,0.078,0.557,0.607,0.84,0.997,0.331,0.208,0.999,0.828,0.185,0.3,0.567,0.89,0.48,0.375,0.326,0.713,0.219,0.121,0.866,0.495,0.009,0.075,0.106,0.002,0.722
2020-02-01 19:55:27,0.393,0.521,0.622,0.016,0.276,0.077,0.636,0.434,0.273,0.423,0.501,0.668,0.38,0.481,0.221,0.621,0.78,0.842,0.761,0.858,0.771,0.751,0.635,0.488,0.112,0.518,0.44,0.154,0.664,0.578,0.767,0.355,0.36,0.274,0.212,0.257,0.151,0.206,0.248,0.439,0.171,0.25,0.53,0.704,0.125,0.895,0.356,0.064,0.812,0.656,0.871,0.812,0.362,0.761,0.46,0.692,0.689,0.978,0.06,0.614,0.78,0.343,0.666,0.332,0.455,0.201,0.419,0.51,0.636,0.696,0.272,0.74,0.899,0.842,0.089,0.063,0.218,0.307,0.746,0.052,0.569,0.603,0.165,0.504,0.274,0.124,0.279,0.475,0.459,0.451,0.646,0.223,0.717,0.675,0.503,0.632,0.668,0.426,0.595,0.526,0.78,0.556,0.153,0.847,0.013,0.131,0.814,0.708,0.6,0.892,0.724,0.672,0.133,0.606,0.056,0.159,0.829,0.974,0.587,0.018,0.629,0.487,0.241,0.491,0.506,0.423,0.791,0.758,0.128,0.047,0.667,0.675,0.008,0.972,0.156,0.36,0.761,0.315,0.918,0.282,0.035,0.148,0.744,0.714,0.223,0.14,0.979,0.184,0.671,0.851,0.549,0.484,0.498,0.781,0.366,0.799,0.431,0.496,0.646,0.798,0.712,0.997,0.742,0.377,0.571,0.524,0.499,0.416,0.743,0.496,0.531,0.304,0.374,0.721,0.178,0.006,0.968,0.621,0.792,0.278,0.646,0.314,0.158,0.508,0.757,0.293,0.042,0.015,0.353,0.011,0.529,0.814,0.648,0.99,0.863,0.544,0.545,0.146,0.848,0.317,0.769,0.13,0.164,0.147,0.615,0.239,0.613,0.454,0.36,0.27,0.256,0.929,0.717,0.441,0.445,0.409,0.416,0.153,0.626,0.804,0.612,0.168,0.931,0.318,0.682,0.496,0.864,0.609,0.581,0.313,0.416,0.072,0.152,0.895,0.694,0.013,0.084,0.969,0.804,0.891,0.054,0.155,0.417,0.994,0.91,0.421,0.531,0.157,0.456,0.903,0.017,0.902,0.893,0.019,0.709,0.136,0.964,0.338,0.866,0.251,0.776,0.116,0.533,0.332,0.722,0.115,0.708,0.638,0.24,0.398,0.21,0.75,0.94,0.802,0.924,0.587,0.293,0.2,0.767,0.118,0.436,0.539,0.752,0.711,0.356,0.93,0.914,0.815,0.319,0.411,0.083,0.841,0.958,0.578,0.108,0.04,0.548,0.285,0.518,0.255,0.566,0.465,0.091,0.824,0.313,0.067,0.052,0.956,0.039,0.584,0.968,0.958,0.059,0.891,0.093,0.697,0.132,0.877,0.37,0.045,0.447,0.43,0.604,0.467,0.76,0.311,0.721,0.754,0.464,0.511,0.473,0.646,0.424,0.711,0.017,0.338,0.873,0.428,0.446,0.154,0.921,0.08,0.302,0.646,0.622,0.235,0.004,0.862,0.798,0.701,0.918,0.158,0.46,0.158,0.255,0.647,0.906,0.87,0.016,0.474,0.315,0.373,0.214,0.645,0.006,0.677,0.509,0.059,0.629,0.418,0.735,0.771,0.794,0.824,0.497,0.621,0.273,0.943,0.841,0.81,0.378,0.949,0.426,0.334,0.004,0.643,0.977,0.441,0.704,0.9,0.575,0.803,0.414,0.137,0.007,0.093,0.249,0.688,0.213,0.797,0.492,0.271,0.03,0.824,0.235,0.242,0.501,0.412,0.507,0.183,0.53,0.459,0.918,0.411,0.577,0.346,0.55,0.582,0.199,0.445,0.218,0.527,0.834,0.436,0.289,0.591,0.764,0.191,0.163,0.792,0.804,0.424,0.535,0.87,0.685,0.345,0.893,0.156,0.263,0.823,0.837,0.336,0.624,0.367,0.0,0.139,0.662,0.559,0.768,0.33,0.581,0.853,0.879,0.432,0.015,0.109,0.958,0.738,0.963,0.963,0.135,0.796,0.507,0.51,0.792,0.536,0.545,0.53,0.999,0.099,0.859,0.924,0.453,0.265,0.703,0.118,0.554,0.316,0.798,0.584,0.425,0.88,0.481,0.76,0.451,0.683,0.834,0.335,0.649,0.373,0.517,0.968,0.657,0.535,0.909,0.665,0.277,0.33,0.321,0.876,0.885,0.254,0.959,0.066,0.522,0.07,0.199,0.929,0.721,0.5,0.058,0.007
2020-02-01 19:55:27,0.264,0.16,0.018,0.587,0.491,0.755,0.81,0.308,0.401,0.96,0.662,0.984,0.23,0.028,0.157,0.822,0.943,0.913,0.433,0.85,0.296,0.345,0.171,0.567,0.448,0.659,0.071,0.667,0.291,0.398,0.853,0.44,0.996,0.993,0.385,0.721,0.939,0.121,0.42,0.233,0.648,0.142,0.417,0.87,0.621,0.695,0.015,0.919,0.903,0.363,0.815,0.353,0.799,0.771,0.894,0.099,0.138,0.142,0.094,0.143,0.056,0.178,0.922,0.517,0.493,0.538,0.811,0.605,0.959,0.637,0.556,0.482,0.017,0.243,0.403,0.68,0.633,0.559,0.599,0.823,0.511,0.353,0.331,0.452,0.611,0.781,0.902,0.637,0.574,0.883,0.06,0.047,0.783,0.153,0.163,0.066,0.354,0.396,0.656,0.3,0.539,0.968,0.272,0.979,0.482,0.003,0.594,0.182,0.609,0.597,0.556,0.49,0.821,0.902,0.754,0.484,0.203,0.869,0.048,0.918,0.186,0.338,0.115,0.521,0.077,0.672,0.272,0.06,0.465,0.402,0.849,0.73,0.495,0.598,0.783,0.795,0.788,0.476,0.277,0.899,0.096,0.088,0.583,0.077,0.269,0.852,0.041,0.119,0.721,0.418,0.638,0.791,0.98,0.009,0.998,0.205,0.609,0.968,0.53,0.102,0.512,0.318,0.058,0.994,0.793,0.955,0.427,0.225,0.817,0.84,0.166,0.577,0.657,0.237,0.898,0.424,0.293,0.391,0.606,0.908,0.865,0.347,0.597,0.808,0.976,0.703,0.458,0.492,0.507,0.481,0.31,0.794,0.278,0.441,0.845,0.349,0.931,0.271,0.741,0.332,0.825,0.495,0.871,0.18,0.054,0.671,0.316,0.754,0.638,0.628,0.823,0.837,0.55,0.762,0.581,0.433,0.726,0.026,0.757,0.991,0.747,0.717,0.413,0.695,0.838,0.565,0.807,0.802,0.673,0.695,0.355,0.745,0.545,0.377,0.551,0.4,0.748,0.447,0.88,0.024,0.133,0.52,0.685,0.007,0.479,0.72,0.458,0.714,0.666,0.506,0.373,0.104,0.892,0.302,0.664,0.506,0.705,0.721,0.598,0.067,0.888,0.083,0.782,0.967,0.192,0.255,0.247,0.401,0.455,0.755,0.667,0.251,0.868,0.287,0.641,0.556,0.679,0.416,0.958,0.088,0.791,0.822,0.707,0.966,0.915,0.958,0.177,0.593,0.266,0.849,0.908,0.56,0.455,0.576,0.621,0.913,0.306,0.956,0.743,0.67,0.89,0.422,0.148,0.718,0.822,0.973,0.155,0.569,0.46,0.555,0.02,0.548,0.824,0.091,0.657,0.436,0.404,0.278,0.009,0.912,0.384,0.335,0.187,0.657,0.8,0.475,0.438,0.984,0.981,0.145,0.362,0.028,0.08,0.444,0.222,0.837,0.548,0.073,0.644,0.509,0.983,0.796,0.655,0.888,0.13,0.541,0.071,0.751,0.969,0.705,0.875,0.345,0.107,0.172,0.619,0.597,0.814,0.298,0.137,0.057,0.214,0.361,0.068,0.042,0.594,0.129,0.978,0.275,0.595,0.778,0.021,0.477,0.401,0.596,0.241,0.964,0.556,0.621,0.913,0.619,0.286,0.943,0.261,0.052,0.783,0.909,0.594,0.289,0.927,0.116,0.985,0.405,0.57,0.8,0.155,0.142,0.382,0.665,0.078,0.258,0.289,0.743,0.842,0.815,0.553,0.629,0.636,0.609,0.942,0.761,0.764,0.66,0.629,0.271,0.992,0.17,0.674,0.205,0.086,0.728,0.419,0.14,0.099,0.961,0.296,0.801,0.861,0.727,0.651,0.632,0.595,0.677,0.132,0.87,0.984,0.983,0.439,0.177,0.278,0.614,0.461,0.299,0.05,0.994,0.536,0.842,0.238,0.949,0.548,0.654,0.872,0.817,0.772,0.694,0.051,0.518,0.164,0.77,0.415,0.421,0.753,0.392,0.733,0.027,0.116,0.254,0.232,0.202,0.456,0.662,0.659,0.946,0.174,0.018,0.009,0.626,0.689,0.962,0.454,0.047,0.807,0.851,0.842,0.75,0.59,0.261,0.498,0.874,0.339,0.953,0.212,0.144,0.375,0.59,0.593,0.193,0.828,0.12,0.827,0.788,0.219,0.767,0.803,0.381,0.381,0.982,0.394,0.938,0.223,0.034,0.868,0.395
2020-02-01 19:55:27,0.473,0.028,0.371,0.037,0.013,0.193,0.589,0.741,0.424,0.186,0.576,0.419,0.738,0.492,0.684,0.307,0.192,0.504,0.129,0.053,0.069,0.27,0.128,0.39,0.87,0.438,0.265,0.481,0.349,0.036,0.591,0.897,0.917,0.174,0.441,0.945,0.368,0.708,0.197,0.103,0.409,0.212,0.056,0.28,0.809,0.569,0.431,0.012,0.365,0.108,0.604,0.153,0.674,0.815,0.132,0.21,0.05,0.358,0.948,0.829,0.629,0.797,0.784,0.823,0.89,0.923,0.219,0.949,0.346,0.774,0.419,0.749,0.831,0.849,0.144,0.171,0.276,0.906,0.163,0.68,0.219,0.804,0.691,0.398,0.451,0.82,0.149,0.934,0.154,0.255,0.916,0.489,0.778,0.142,0.933,0.937,0.133,0.511,0.517,0.976,0.552,0.437,0.931,0.913,0.959,0.973,0.008,0.616,0.124,0.666,0.068,0.886,0.254,0.907,0.92,0.715,0.068,0.831,0.707,0.517,0.046,0.167,0.884,0.828,0.495,0.806,0.062,0.674,0.035,0.277,0.545,0.668,0.674,0.603,0.045,0.814,0.892,0.509,0.291,0.815,0.525,0.719,0.108,0.687,0.259,0.517,0.883,0.462,0.82,0.03,0.84,0.619,0.637,0.504,0.54,0.696,0.607,0.34,0.662,0.327,0.44,0.884,0.181,0.551,0.135,0.137,0.876,0.548,0.493,0.737,0.798,0.821,0.003,0.645,0.684,0.21,0.623,0.32,0.303,0.325,0.418,0.207,0.05,0.826,0.848,0.437,0.117,0.983,0.863,0.096,0.542,0.385,0.785,0.659,0.248,0.493,0.761,0.278,0.365,0.379,0.221,0.771,0.009,0.478,0.217,0.605,0.516,0.83,0.47,0.459,0.658,0.223,0.949,0.113,0.302,0.409,0.056,0.029,0.894,0.501,0.423,0.124,0.258,0.469,0.456,0.8,0.032,0.552,0.815,0.858,0.926,0.998,0.825,0.627,0.753,0.175,0.502,0.713,0.764,0.743,0.798,0.097,0.854,0.811,0.849,0.647,0.424,0.765,0.353,0.365,0.047,0.416,0.516,0.43,0.285,0.942,0.572,0.434,0.763,0.483,0.421,0.556,0.399,0.797,0.877,0.722,0.703,0.55,0.139,0.904,0.317,0.377,0.907,0.723,0.869,0.408,0.408,0.051,0.138,0.088,0.023,0.926,0.387,0.959,0.323,0.337,0.413,0.499,0.965,0.627,0.569,0.059,0.636,0.171,0.186,0.434,0.412,0.909,0.876,0.533,0.055,0.864,0.989,0.042,0.733,0.272,0.731,0.128,0.633,0.968,0.122,0.657,0.882,0.134,0.651,0.589,0.01,0.185,0.585,0.688,0.26,0.367,0.44,0.35,0.943,0.51,0.113,0.898,0.616,0.577,0.11,0.475,0.147,0.441,0.167,0.127,0.867,0.112,0.577,0.951,0.418,0.118,0.021,0.311,0.947,0.695,0.232,0.511,0.045,0.537,0.733,0.312,0.216,0.517,0.026,0.275,0.848,0.443,0.574,0.602,0.256,0.977,0.828,0.28,0.373,0.79,0.337,0.163,0.506,0.535,0.154,0.924,0.374,0.33,0.144,0.735,0.508,0.634,0.339,0.37,0.259,0.519,0.959,0.232,0.44,0.339,0.415,0.119,0.954,0.355,0.373,0.12,0.63,0.519,0.734,0.855,0.832,0.237,0.154,0.222,0.034,0.25,0.165,0.393,0.822,0.081,0.884,0.585,0.508,0.791,0.187,0.638,0.913,0.575,0.108,0.304,0.712,0.092,0.611,0.621,0.436,0.272,0.036,0.995,0.03,0.763,0.019,0.482,0.616,0.692,0.017,0.308,0.064,0.94,0.859,0.458,0.441,0.513,0.46,0.298,0.391,0.843,0.806,0.001,0.459,0.848,0.508,0.171,0.836,0.161,0.008,0.769,0.154,0.41,0.38,0.95,0.417,0.722,0.479,0.814,0.592,0.968,0.101,0.618,0.408,0.179,0.076,0.792,0.726,0.333,0.77,0.063,0.412,0.586,0.99,0.225,0.843,0.549,0.214,0.798,0.738,0.806,0.153,0.241,0.812,0.15,0.338,0.019,0.568,0.991,0.729,0.165,0.447,0.015,0.796,0.424,0.498,0.71,0.965,0.698,0.754,0.875,0.201,0.567,0.975,0.225,0.635,0.628,0.128,0.712,0.992,0.784
2020-02-01 19:55:27,0.858,0.992,0.963,0.153,0.112,0.422,0.664,0.035,0.704,0.888,0.231,0.787,0.749,0.17,0.704,0.395,0.756,0.017,0.468,0.463,0.867,0.069,0.32,0.263,0.244,0.672,0.254,0.591,0.112,0.263,0.949,0.589,0.274,0.731,0.03,0.538,0.903,0.086,0.355,0.136,0.335,0.11,0.299,0.817,0.311,0.372,0.492,0.838,0.759,0.771,0.297,0.376,0.396,0.413,0.592,0.598,0.562,0.418,0.957,0.512,0.013,0.438,0.408,0.196,0.923,0.718,0.356,0.299,0.409,0.097,0.369,0.538,0.495,0.097,0.097,0.726,0.37,0.705,0.875,0.726,0.213,0.161,0.918,0.283,0.836,0.453,0.644,0.758,0.789,0.44,0.756,0.652,0.737,0.393,0.05,0.828,0.614,0.178,0.568,0.41,0.034,0.407,0.069,0.614,0.912,0.741,0.586,0.437,0.025,0.652,0.815,0.018,0.377,0.443,0.816,0.564,0.649,0.494,0.827,0.613,0.708,0.008,0.5,0.721,0.808,0.289,0.299,0.089,0.399,0.509,0.641,0.263,0.965,0.64,0.171,0.423,0.967,0.345,0.201,0.39,0.545,0.35,0.792,0.885,0.886,0.3,0.434,0.502,0.37,0.382,0.66,0.976,0.212,0.404,0.547,0.411,0.459,0.671,0.62,0.876,0.907,0.655,0.396,0.287,0.908,0.916,0.225,0.96,0.821,0.944,0.425,0.434,0.448,0.907,0.291,0.883,0.996,0.575,0.917,0.806,0.562,0.573,0.12,0.066,0.111,0.728,0.106,0.123,0.174,0.698,0.946,0.073,0.479,0.926,0.564,0.261,0.008,0.534,0.3,0.484,0.104,0.247,0.934,0.644,0.315,0.071,0.523,0.963,0.97,0.018,0.989,0.496,0.995,0.948,0.676,0.591,0.862,0.625,0.937,0.914,0.976,0.984,0.331,0.609,0.517,0.506,0.522,0.411,0.292,0.755,0.791,0.079,0.042,0.619,0.714,0.691,0.156,0.985,0.929,0.434,0.05,0.049,0.54,0.12,0.859,0.476,0.257,0.932,0.53,0.354,0.485,0.22,0.056,0.033,0.267,0.699,0.163,0.187,0.08,0.963,0.322,0.854,0.694,0.465,0.816,0.591,0.647,0.349,0.596,0.35,0.269,0.487,0.194,0.764,0.957,0.568,0.755,0.3,0.963,0.698,0.243,0.309,0.541,0.851,0.736,0.616,0.787,0.585,0.79,0.345,0.178,0.441,0.087,0.898,0.557,0.587,0.292,0.932,0.193,0.463,0.412,0.587,0.92,0.401,0.82,0.127,0.247,0.663,0.185,0.335,0.347,0.682,0.235,0.789,0.237,0.579,0.112,0.985,0.341,0.754,0.742,0.677,0.481,0.346,0.972,0.422,0.211,0.389,0.718,0.552,0.887,0.59,0.953,0.31,0.506,0.969,0.515,0.907,0.057,0.873,0.821,0.41,0.532,0.608,0.765,0.027,0.748,0.418,0.987,0.136,0.705,0.281,0.665,0.351,0.502,0.268,0.282,0.396,0.171,0.733,0.077,0.873,0.304,0.921,0.461,0.07,0.761,0.683,0.208,0.72,0.975,0.213,0.475,0.509,0.301,0.244,0.615,0.711,0.313,0.853,0.401,0.106,0.215,0.364,0.527,0.934,0.286,0.261,0.095,0.416,0.918,0.089,0.347,0.734,0.64,0.331,0.117,0.378,0.569,0.1,0.636,0.341,0.426,0.595,0.688,0.137,0.279,0.296,0.745,0.41,0.027,0.471,0.449,0.203,0.275,0.61,0.304,0.707,0.181,0.423,0.259,0.282,0.138,0.776,0.921,0.715,0.08,0.355,0.365,0.547,0.475,0.028,0.456,0.129,0.187,0.079,0.773,0.913,0.636,0.986,0.741,0.682,0.984,0.006,0.577,0.206,0.005,0.77,0.935,0.206,0.025,0.53,0.114,0.747,0.689,0.972,0.284,0.849,0.147,0.186,0.253,0.987,0.21,0.36,0.536,0.258,0.123,0.131,0.714,0.929,0.76,0.441,0.302,0.089,0.975,0.999,0.336,0.998,0.775,0.357,0.44,0.284,0.322,0.947,0.478,0.849,0.326,0.734,0.272,0.068,0.006,0.916,0.949,0.03,0.172,0.203,0.914,0.801,0.272,0.495,0.467,0.062,0.752,0.161,0.51,0.211,0.872,0.621,0.989,0.175,0.609,0.829
2020-02-01 19:55:27,0.182,0.823,0.478,0.904,0.206,0.936,0.798,0.651,0.116,0.237,0.994,0.215,0.55,0.692,0.789,0.998,0.287,0.002,0.461,0.469,0.433,0.607,0.759,0.777,0.468,0.434,0.246,0.959,0.593,0.177,0.527,0.635,0.007,0.762,0.784,0.899,0.534,0.105,0.527,0.188,0.224,0.274,0.357,0.623,0.089,0.643,0.95,0.676,0.708,0.057,0.485,0.264,0.195,0.18,0.629,0.915,0.065,0.713,0.805,0.806,0.694,0.181,0.833,0.961,0.468,0.409,0.707,0.268,0.017,0.754,0.72,0.104,0.6,0.604,0.438,0.045,0.315,0.354,0.402,0.788,0.815,0.051,0.988,0.995,0.174,0.709,0.48,0.421,0.121,0.061,0.031,0.192,0.713,0.828,0.897,0.904,0.844,0.823,0.63,0.689,0.754,0.949,0.241,0.291,0.797,0.58,0.394,0.183,0.071,0.879,0.761,0.155,0.506,0.414,0.54,0.185,0.057,0.763,0.323,0.56,0.897,0.323,0.074,0.375,0.233,0.638,0.8,0.468,0.922,0.481,0.029,0.561,0.457,0.91,0.277,0.405,0.307,0.567,0.754,0.229,0.16,0.703,0.437,0.633,0.428,0.608,0.326,0.737,0.504,0.764,0.203,0.28,0.253,0.545,0.777,0.81,0.438,0.393,0.288,0.246,0.281,0.662,0.777,0.428,0.981,0.355,0.758,0.372,0.129,0.879,0.95,0.548,0.411,0.346,0.008,0.461,0.281,0.643,0.429,0.411,0.561,0.945,0.667,0.645,0.445,0.256,0.33,0.143,0.526,0.136,0.779,0.95,0.918,0.341,0.036,0.183,0.634,0.804,0.992,0.229,0.749,0.43,0.197,0.974,0.661,0.888,0.298,0.799,0.589,0.345,0.129,0.814,0.441,0.339,0.986,0.966,0.0,0.615,0.657,0.415,0.084,0.2,0.401,0.895,0.032,0.691,0.307,0.196,0.681,0.425,0.636,0.467,0.524,0.014,0.29,0.47,0.112,0.262,0.549,0.457,0.594,0.855,0.785,0.473,0.328,0.332,0.802,0.727,0.751,0.658,0.371,0.382,0.418,0.882,0.905,0.643,0.64,0.823,0.584,0.931,0.567,0.972,0.823,0.689,0.406,0.021,0.095,0.822,0.855,0.755,0.023,0.995,0.007,0.744,0.731,0.214,0.874,0.031,0.452,0.105,0.477,0.611,0.068,0.911,0.471,0.476,0.416,0.275,0.684,0.541,0.273,0.564,0.187,0.883,0.314,0.185,0.583,0.804,0.193,0.636,0.687,0.763,0.068,0.161,0.375,0.684,0.749,0.322,0.348,0.777,0.773,0.71,0.791,0.372,0.618,0.498,0.382,0.934,0.818,0.293,0.193,0.513,0.205,0.086,0.847,0.58,0.247,0.068,0.105,0.576,0.795,0.037,0.175,0.831,0.184,0.515,0.568,0.328,0.329,0.376,0.393,0.545,0.476,0.499,0.343,0.947,0.4,0.114,0.224,0.116,0.398,0.182,0.695,0.065,0.335,0.423,0.075,0.112,0.789,0.405,0.245,0.033,0.851,0.783,0.243,0.295,0.732,0.433,0.379,0.163,0.716,0.152,0.521,0.431,0.947,0.722,0.487,0.393,0.076,0.25,0.014,0.205,0.354,0.794,0.831,0.143,0.829,0.449,0.924,0.586,0.172,0.012,0.021,0.086,0.056,0.284,0.504,0.149,0.468,0.573,0.656,0.059,0.825,0.449,0.244,0.374,0.063,0.612,0.811,0.951,0.433,0.367,0.12,0.52,0.917,0.727,0.298,0.619,0.772,0.038,0.899,0.746,0.178,0.333,0.285,0.491,0.37,0.9,0.92,0.298,0.825,0.822,0.739,0.821,0.307,0.898,0.763,0.831,0.164,0.018,0.156,0.87,0.677,0.934,0.387,0.88,0.786,0.189,0.58,0.502,0.016,0.503,0.286,0.808,0.08,0.59,0.449,0.796,0.202,0.589,0.493,0.087,0.02,0.342,0.815,0.819,0.351,0.685,0.727,0.81,0.567,0.801,0.13,0.785,0.562,0.212,0.169,0.964,0.177,0.617,0.908,0.533,0.37,0.319,0.477,0.221,0.136,0.454,0.872,0.834,0.184,0.431,0.524,0.076,0.086,0.719,0.605,0.689,0.435,0.684,0.254,0.352,0.931,0.435,0.174,0.766,0.224,0.612,0.85,0.015,0.276,0.442
2020-02-01 19:55:27,0.65,0.25,0.844,0.988,0.052,0.364,0.765,0.734,0.614,0.321,0.4,0.101,0.035,0.331,0.233,0.538,0.832,0.354,0.115,0.724,0.007,0.677,0.097,0.467,0.338,0.598,0.949,0.571,0.552,0.503,0.228,0.56,0.768,0.152,0.677,0.801,0.603,0.504,0.071,0.246,0.803,0.963,0.272,0.261,0.597,0.648,0.026,0.091,0.199,0.705,0.527,0.108,0.775,0.066,0.842,0.552,0.515,0.149,0.041,0.058,0.565,0.333,0.543,0.799,0.185,0.567,0.787,0.423,0.502,0.152,0.223,0.303,0.7,0.536,0.536,0.949,0.473,0.561,0.079,0.998,0.029,0.941,0.285,0.308,0.004,0.544,0.437,0.844,0.929,0.225,0.221,0.767,0.696,0.213,0.775,0.635,0.878,0.185,0.41,0.595,0.555,0.555,0.107,0.604,0.366,0.786,0.722,0.932,0.929,0.935,0.912,0.667,0.091,0.256,0.059,0.091,0.313,0.059,0.558,0.382,0.137,0.106,0.744,0.365,0.438,0.571,0.914,0.321,0.72,0.785,0.277,0.144,0.481,0.322,0.538,0.523,0.983,0.981,0.031,0.849,0.392,0.75,0.237,0.567,0.77,0.353,0.232,0.604,0.911,0.051,0.5,0.376,0.376,0.638,0.076,0.235,0.196,0.345,0.187,0.124,0.2,0.688,0.883,0.961,0.827,0.385,0.875,0.983,0.611,0.969,0.748,0.557,0.129,0.533,0.207,0.179,0.74,0.639,0.373,0.492,0.875,0.853,0.38,0.376,0.61,0.8,0.356,0.905,0.999,0.812,0.825,0.946,0.811,0.527,0.828,0.831,0.872,0.688,0.885,0.698,0.446,0.274,0.409,0.275,0.954,0.426,0.182,0.278,0.078,0.483,0.821,0.529,0.143,0.518,0.281,0.463,0.442,0.481,0.512,0.477,0.949,0.906,0.539,0.15,0.152,0.332,0.88,0.699,0.469,0.263,0.047,0.359,0.796,0.082,0.801,0.3,0.757,0.326,0.627,0.101,0.225,0.391,0.982,0.11,0.862,0.06,0.286,0.212,0.99,0.848,0.341,0.649,0.371,0.868,0.977,0.4,0.029,0.478,0.143,0.032,0.961,0.593,0.569,0.961,0.105,0.916,0.516,0.23,0.052,0.75,0.94,0.094,0.242,0.94,0.255,0.784,0.93,0.069,0.037,0.538,0.492,0.436,0.766,0.407,0.726,0.035,0.644,0.455,0.067,0.525,0.996,0.685,0.728,0.372,0.096,0.922,0.952,0.034,0.46,0.839,0.225,0.362,0.535,0.988,0.192,0.447,0.206,0.987,0.69,0.623,0.574,0.784,0.013,0.383,0.4,0.783,0.97,0.058,0.769,0.202,0.281,0.858,0.401,0.437,0.891,0.115,0.285,0.921,0.511,0.874,0.599,0.256,0.939,0.19,0.859,0.434,0.849,0.937,0.909,0.283,0.022,0.54,0.823,0.622,0.213,0.364,0.179,0.418,0.737,0.533,0.089,0.425,0.304,0.235,0.225,0.246,0.16,0.114,0.249,0.059,0.443,0.71,0.227,0.857,0.892,0.321,0.65,0.508,0.829,0.399,0.41,0.914,0.24,0.539,0.26,0.537,0.378,0.851,0.974,0.515,0.006,0.637,0.375,0.92,0.309,0.402,0.027,0.606,0.475,0.96,0.338,0.863,0.361,0.296,0.028,0.08,0.106,0.939,0.973,0.724,0.334,0.842,0.592,0.532,0.381,0.796,0.399,0.992,0.207,0.014,0.809,0.944,0.852,0.961,0.198,0.524,0.025,0.068,0.75,0.309,0.623,0.124,0.822,0.119,0.543,0.22,0.75,0.871,0.151,0.381,0.305,0.684,0.118,0.009,0.221,0.425,0.893,0.418,0.534,0.535,0.504,0.086,0.605,0.255,0.319,0.221,0.552,0.508,0.626,0.797,0.43,0.182,0.976,0.389,0.656,0.139,0.16,0.954,0.117,0.201,0.485,1.0,0.299,0.327,0.96,0.232,0.801,0.292,0.984,0.364,0.303,0.2,0.912,0.629,0.47,0.028,0.169,0.752,0.639,0.555,0.077,0.707,0.15,0.279,0.991,0.855,0.144,0.662,0.159,0.594,0.562,0.568,0.498,0.194,0.187,0.811,0.035,0.368,0.946,0.565,0.579,0.47,0.852,0.109,0.28,0.715,0.731,0.648,0.135,0.178,0.912,0.985
2020-02-01 19:55:27,0.522,0.359,0.553,0.63,0.885,0.471,0.255,0.822,0.337,0.777,0.207,0.314,0.813,0.117,0.329,0.04,0.419,0.425,0.922,0.038,0.988,0.808,0.68,0.053,0.874,0.886,0.307,0.018,0.97,0.69,0.18,0.005,0.146,0.331,0.606,0.372,0.551,0.72,0.794,0.945,0.037,0.694,0.075,0.847,0.628,0.926,0.428,0.546,0.109,0.21,0.03,0.823,0.528,0.954,0.856,0.985,0.562,0.79,0.418,0.455,0.225,0.043,0.17,0.48,0.799,0.376,0.952,0.817,0.67,0.51,0.025,0.129,0.779,0.519,0.508,0.319,0.712,0.401,0.432,0.618,0.426,0.476,0.95,0.749,0.415,0.8,0.652,0.83,0.756,0.752,0.645,0.768,0.845,0.597,0.078,0.732,0.282,0.698,0.88,0.954,0.39,0.017,0.819,0.62,0.888,0.734,0.282,0.964,0.373,0.093,0.209,0.422,0.859,0.387,0.032,0.273,0.163,0.083,0.985,0.063,0.762,0.895,0.68,0.461,0.198,0.072,0.327,0.899,0.785,0.528,0.818,0.058,0.613,0.986,0.984,0.894,0.059,0.666,0.339,0.464,0.93,0.574,0.298,0.636,0.891,0.298,0.958,0.091,0.215,0.185,0.72,0.499,0.459,0.678,0.681,0.031,0.174,0.372,0.165,0.474,0.415,0.648,0.806,0.035,0.432,0.498,0.206,0.762,0.26,0.545,0.822,0.146,0.112,0.885,0.579,0.462,0.783,0.667,0.407,0.062,0.987,0.701,0.287,0.325,0.252,0.187,0.644,0.153,0.575,0.386,0.074,0.367,0.025,0.32,0.609,0.092,0.263,0.178,0.314,0.292,0.693,0.679,0.007,0.303,0.915,0.08,0.119,0.399,0.425,0.785,0.831,0.083,0.991,0.823,0.805,0.969,0.383,0.254,0.214,0.634,0.849,0.653,0.426,0.293,0.742,0.592,0.821,0.244,0.882,0.113,0.669,0.478,0.717,0.456,0.449,0.208,0.162,0.299,0.882,0.668,0.346,0.741,0.344,0.362,0.679,0.853,0.257,0.663,0.715,0.925,0.009,0.876,0.381,0.826,0.749,0.689,0.966,0.711,0.804,0.66,0.538,0.546,0.645,0.95,0.978,0.374,0.7,0.362,0.712,0.109,0.449,0.106,0.419,0.596,0.429,0.851,0.968,0.36,0.758,0.886,0.415,0.248,0.392,0.245,0.155,0.845,0.63,0.776,0.988,0.083,0.487,0.112,0.462,0.287,0.69,0.39,0.995,0.045,0.673,0.471,0.327,0.327,0.38,0.943,0.459,0.855,0.943,0.269,0.206,0.206,0.423,0.994,0.892,0.408,0.27,0.618,0.55,0.087,0.136,0.831,0.587,0.854,0.025,0.604,0.753,0.155,0.503,0.901,0.52,0.358,0.497,0.065,0.254,0.696,0.852,0.367,0.12,0.127,0.545,0.252,0.608,0.984,0.539,0.988,0.55,0.584,0.215,0.704,0.951,0.496,0.028,0.598,0.763,0.11,0.735,0.094,0.06,0.665,0.371,0.58,0.311,0.195,0.745,0.736,0.178,0.596,0.851,0.889,0.855,0.387,0.089,0.892,0.64,0.209,0.616,0.455,0.601,0.075,0.592,0.608,0.735,0.386,0.866,0.535,0.095,0.432,0.532,0.88,0.06,0.698,0.574,0.903,0.463,0.928,0.257,0.071,0.578,0.805,0.672,0.124,0.994,0.869,0.017,0.968,0.152,0.959,0.895,0.119,0.905,0.207,0.059,0.898,0.326,0.279,0.027,0.284,0.051,0.23,0.455,0.158,0.75,0.133,0.184,0.946,0.838,0.12,0.621,0.044,0.232,0.395,0.402,0.345,0.17,0.788,0.322,0.484,0.957,0.57,0.145,0.361,0.855,0.326,0.052,0.874,0.405,0.633,0.253,0.964,0.466,0.594,0.142,0.065,0.129,0.314,0.622,0.27,0.45,0.997,0.198,0.603,0.005,0.731,0.465,0.639,0.979,0.6,0.027,0.441,0.426,0.654,0.281,0.788,0.463,0.359,0.289,0.013,0.007,0.143,0.366,0.461,0.033,0.327,0.876,0.618,0.369,0.688,0.137,0.093,0.326,0.607,0.99,0.913,0.507,0.533,0.864,0.725,0.8,0.737,0.268,0.799,0.772,0.294,0.963,0.207,0.729,0.512,0.035,0.79,0.703,0.294,0.407,0.44
2020-02-01 19:55:27,0.492,0.075,0.87,0.968,0.831,0.738,0.348,0.964,0.604,0.634,0.652,0.271,0.633,0.248,0.175,0.434,0.547,0.419,0.663,0.123,0.366,0.335,0.53,0.799,0.114,0.732,0.702,0.552,0.291,0.566,0.3,0.391,0.211,0.328,0.184,0.352,0.545,0.879,0.631,0.546,0.871,0.646,0.517,0.579,0.289,0.669,0.158,0.624,0.917,0.424,0.416,0.265,0.122,0.176,0.346,0.305,0.509,0.717,0.899,0.008,0.777,0.854,0.458,0.684,0.958,0.524,0.111,0.074,0.108,0.442,0.704,0.765,0.175,0.083,0.955,0.015,0.188,0.193,0.342,0.506,0.17,0.403,0.835,0.738,0.447,0.339,0.241,0.941,0.765,0.17,0.098,0.246,0.259,0.005,0.036,0.146,0.234,0.978,0.979,0.292,0.631,0.767,0.119,0.995,0.187,0.083,0.136,0.876,0.024,0.705,0.806,0.713,0.336,0.027,0.263,0.632,0.283,0.508,0.085,0.485,0.693,0.597,0.405,0.851,0.081,0.527,0.587,0.123,0.387,0.882,0.373,0.679,0.256,0.344,0.166,0.74,0.855,0.41,0.348,0.921,0.169,0.655,0.243,0.794,0.101,0.126,0.961,0.874,0.913,0.012,0.751,0.217,0.585,0.161,0.228,0.833,0.422,0.59,0.838,0.305,0.38,0.802,0.482,0.911,0.018,0.23,0.022,0.365,0.221,0.75,0.323,0.172,0.711,0.162,0.737,0.51,0.617,0.079,0.558,0.066,0.986,0.257,0.29,0.685,0.407,0.249,0.583,0.549,0.211,0.841,0.178,0.025,0.554,0.804,0.711,0.475,0.534,0.948,0.752,0.292,0.902,0.91,0.562,0.86,0.397,0.41,0.188,0.894,0.495,0.438,0.698,0.22,0.673,0.875,0.748,0.365,0.449,0.618,0.257,0.865,0.792,0.971,0.746,0.341,0.671,0.295,0.313,0.037,0.264,0.838,0.936,0.118,0.309,0.542,0.835,0.665,0.233,0.902,0.358,0.019,0.315,0.084,0.377,0.63,0.294,0.269,0.036,0.18,0.089,0.907,0.295,0.78,0.5,0.336,0.51,0.465,0.503,0.753,0.717,0.434,0.131,0.161,0.949,0.428,0.622,0.555,0.662,0.785,0.558,0.146,0.155,0.005,0.247,0.147,0.874,0.493,0.431,0.177,0.069,0.407,0.526,0.365,0.188,0.45,0.52,0.42,0.536,0.307,0.529,0.984,0.402,0.826,0.575,0.4,0.565,0.824,0.853,0.814,0.244,0.188,0.368,0.383,0.607,0.346,0.313,0.814,0.847,0.049,0.661,0.7,0.292,0.678,0.703,0.912,0.737,0.802,0.674,0.821,0.439,0.374,0.601,0.462,0.963,0.478,0.867,0.394,0.716,0.677,0.113,0.578,0.965,0.467,0.939,0.459,0.406,0.488,0.715,0.78,0.731,0.756,0.474,0.196,0.444,0.481,0.768,0.442,0.115,0.317,0.796,0.565,0.025,0.193,0.303,0.164,0.964,0.238,0.658,0.831,0.479,0.213,0.571,0.436,0.888,0.126,0.886,0.858,0.803,0.901,0.548,0.115,0.305,0.168,0.306,0.679,0.216,0.13,0.967,0.321,0.379,0.206,0.635,0.472,0.325,0.476,0.081,0.572,0.158,0.576,0.817,0.105,0.39,0.891,0.569,0.245,0.24,0.856,0.393,0.517,0.179,0.426,0.944,0.367,0.703,0.607,0.427,0.236,0.428,0.653,0.115,0.683,0.806,0.296,0.602,0.173,0.219,0.964,0.062,0.858,0.83,0.764,0.996,0.947,0.124,0.413,0.633,0.364,0.515,0.302,0.526,0.204,0.651,0.565,0.153,0.33,0.796,0.036,0.923,0.317,0.183,0.699,0.995,0.093,0.271,0.161,0.584,0.848,0.316,0.214,0.97,0.938,0.57,0.645,0.776,0.096,0.034,0.577,0.77,0.953,0.67,0.741,0.037,0.78,0.626,0.47,0.634,0.58,0.419,0.96,0.547,0.811,0.375,0.161,0.966,0.433,0.916,0.337,0.668,0.914,0.85,0.503,0.532,0.531,0.907,0.408,0.022,0.273,0.597,0.214,0.881,0.881,0.778,0.734,0.661,0.782,0.413,0.648,0.918,0.327,0.549,0.621,0.072,0.437,0.069,0.714,0.829,0.195,0.575,0.688,0.524,0.369,0.499,0.936
2020-02-01 19:55:27,0.565,0.191,0.359,0.121,0.427,0.441,0.544,0.427,0.152,0.104,0.55,0.655,0.307,0.919,0.251,0.551,0.653,0.074,0.286,0.996,0.091,0.861,0.705,0.662,0.301,0.689,0.333,0.311,0.656,0.459,0.677,0.02,0.612,0.224,0.984,0.457,0.095,0.472,0.326,0.45,0.77,0.313,0.635,0.483,0.215,0.174,0.096,0.383,0.647,0.917,0.359,0.659,0.454,0.698,0.151,0.575,0.924,0.314,0.758,0.273,0.188,0.62,0.375,0.334,0.007,0.406,0.085,0.344,0.683,0.77,0.71,0.997,0.706,0.9,0.213,0.971,0.91,0.002,0.018,0.782,0.208,0.449,0.405,0.805,0.507,0.262,0.406,0.903,0.862,0.545,0.417,0.684,0.704,0.503,0.67,0.63,0.523,0.922,0.757,0.869,0.49,0.826,0.71,0.164,0.302,0.343,0.305,0.22,0.827,0.617,0.142,0.525,0.157,0.878,0.104,0.152,0.948,0.391,0.933,0.608,0.282,0.203,0.851,0.017,0.876,0.974,0.011,0.5,0.27,0.072,0.694,0.163,0.357,0.223,0.752,0.677,0.332,0.516,0.531,0.617,0.21,0.176,0.616,0.535,0.512,0.425,0.512,0.856,0.468,0.166,0.383,0.583,0.316,0.791,0.214,0.918,0.787,0.091,0.698,0.393,0.842,0.313,0.161,0.065,0.729,0.207,0.178,0.065,0.939,0.519,0.372,0.07,0.734,0.826,0.114,0.855,0.174,0.746,0.056,0.236,0.593,0.193,0.506,0.032,0.817,0.529,0.137,0.373,0.977,0.592,0.051,0.712,0.824,0.654,0.506,0.004,0.063,0.87,0.764,0.453,0.162,0.329,0.816,0.141,0.704,0.004,0.925,0.349,0.298,0.322,0.7,0.324,0.318,0.914,0.262,0.02,0.435,0.339,0.191,0.004,0.578,0.909,0.318,0.531,0.239,0.691,0.258,0.788,0.18,0.811,0.637,0.71,0.614,0.288,0.586,0.783,0.207,0.455,0.659,0.508,0.419,0.538,0.151,0.374,0.883,0.978,0.145,0.512,0.284,0.828,0.593,0.904,0.861,0.861,0.316,0.451,0.218,0.054,0.023,0.398,0.007,0.851,0.532,0.517,0.843,0.127,0.647,0.107,0.574,0.862,0.826,0.624,0.21,0.631,0.721,0.489,0.685,0.529,0.395,0.734,0.9,0.72,0.877,0.654,0.569,0.183,0.738,0.398,0.562,0.029,0.806,0.823,0.718,0.675,0.45,0.28,0.859,0.071,0.907,0.326,0.463,0.367,0.966,0.131,0.465,0.155,0.204,0.689,0.372,0.616,0.2,0.318,0.025,0.864,0.029,0.908,0.593,0.326,0.594,0.238,0.946,0.967,0.437,0.416,0.625,0.996,0.632,0.196,0.803,0.228,0.322,0.176,0.681,0.926,0.733,0.796,0.83,0.105,0.76,0.368,0.024,0.622,0.016,0.299,0.405,0.86,0.929,0.109,0.346,0.98,0.254,0.056,0.936,0.951,0.659,0.379,0.973,0.348,0.913,0.092,0.71,0.71,0.148,0.801,0.129,0.321,0.941,0.941,0.935,0.199,0.601,0.177,0.996,0.754,0.13,0.081,0.057,0.449,0.67,0.317,0.478,0.52,0.819,0.482,0.609,0.101,0.382,0.766,0.052,0.324,0.554,0.968,0.101,0.63,0.433,0.064,0.504,0.221,0.12,0.386,0.538,0.807,0.882,0.208,0.607,0.203,0.419,0.381,0.297,0.315,0.063,0.797,0.346,0.065,0.34,0.57,0.526,0.255,0.125,0.201,0.347,0.795,0.735,0.541,0.533,0.517,0.838,0.763,0.238,0.784,0.061,0.023,0.8,0.857,0.213,0.681,0.662,0.133,0.775,0.698,0.923,0.081,0.454,0.286,0.552,0.373,0.995,0.992,0.906,0.18,0.894,0.615,0.873,0.931,0.155,0.861,0.322,0.433,0.283,0.96,0.082,0.458,0.479,0.008,0.704,0.702,0.45,0.78,0.478,0.142,0.405,0.202,0.138,0.925,0.449,0.195,0.701,0.174,0.947,0.676,0.482,0.155,0.691,0.489,0.18,0.544,0.933,0.317,0.995,0.894,0.506,0.902,0.403,0.447,0.025,0.067,0.541,0.266,0.696,0.635,0.051,0.772,0.633,0.331,0.272,0.551,0.392,0.579,0.35,0.013,0.212,0.527
2020-02-01 19:55:27,0.536,0.931,0.988,0.392,0.557,0.093,0.054,0.451,0.858,0.285,0.693,0.417,0.321,0.359,0.466,0.641,0.866,0.009,0.884,0.442,0.445,0.064,0.265,0.403,0.113,0.285,0.224,0.751,0.013,0.943,0.207,0.634,0.253,0.798,0.426,0.034,0.303,0.025,0.945,0.443,0.499,0.804,0.265,0.593,0.822,0.113,0.919,0.883,0.71,0.467,0.407,0.486,0.716,0.903,0.956,0.608,0.758,0.455,0.349,0.435,0.967,0.98,0.738,0.821,0.437,0.704,0.655,0.98,0.924,0.185,0.702,0.38,0.143,0.197,0.847,0.956,0.894,0.42,0.815,0.094,0.087,0.823,0.636,0.44,0.002,0.074,0.516,0.861,0.906,0.215,0.585,0.563,0.271,0.517,0.987,0.159,0.429,0.052,0.94,0.826,0.172,0.315,0.575,0.436,0.891,0.102,0.389,0.945,0.238,0.422,0.571,0.28,0.014,0.13,0.809,0.934,0.704,0.55,0.876,0.938,0.467,0.785,0.132,0.967,0.001,0.838,0.462,0.507,0.901,0.323,0.315,0.975,0.08,0.741,0.256,0.08,0.38,0.773,0.107,0.394,0.015,0.757,0.54,0.075,0.796,0.771,0.027,0.144,0.716,0.509,0.785,0.063,0.753,0.01,0.293,0.483,0.953,0.198,0.644,0.845,0.379,0.305,0.481,0.009,0.615,0.316,0.785,0.516,0.758,0.088,0.41,0.426,0.07,0.69,0.063,0.413,0.838,0.304,0.603,0.95,0.237,0.005,0.304,0.951,0.452,0.556,0.659,0.958,0.803,0.138,0.346,0.22,0.097,0.812,0.608,0.58,0.891,0.785,0.623,0.408,0.925,0.932,0.678,0.954,0.782,0.753,0.011,0.144,0.631,0.205,0.907,0.803,0.342,0.051,0.453,0.916,0.453,0.461,0.156,0.659,0.54,0.974,0.285,0.258,0.974,0.997,0.112,0.177,0.748,0.505,0.677,0.863,0.756,0.485,0.443,0.168,0.799,0.008,0.122,0.07,0.292,0.074,0.138,0.288,0.028,0.422,0.431,0.864,0.91,0.751,0.562,0.619,0.542,0.128,0.371,0.846,0.802,0.232,0.24,0.345,0.31,0.679,0.895,0.968,0.487,0.951,0.737,0.32,0.28,0.995,0.561,0.195,0.216,0.223,0.546,0.121,0.315,0.9,0.803,0.075,0.519,0.133,0.76,0.927,0.352,0.119,0.892,0.903,0.15,0.915,0.993,0.907,0.398,0.475,0.534,0.023,0.685,0.778,0.889,0.702,0.388,0.917,0.055,0.94,0.562,0.175,0.403,0.936,0.09,0.507,0.031,0.261,0.86,0.567,0.727,0.068,0.718,0.626,0.261,0.24,0.145,0.293,0.341,0.02,0.951,0.534,0.265,0.195,0.254,0.27,0.144,0.539,0.39,0.964,0.334,0.527,0.806,0.26,0.302,0.084,0.024,0.231,0.613,0.737,0.669,0.7,0.382,0.371,0.458,0.16,0.832,0.61,0.699,0.334,0.653,0.736,0.113,0.572,0.181,0.823,0.361,0.511,0.598,0.431,0.327,0.852,0.82,0.6,0.934,0.927,0.945,0.609,0.853,0.121,0.304,0.186,0.562,0.938,0.148,0.958,0.042,0.917,0.483,0.11,0.478,0.236,0.259,0.9,0.97,0.165,0.374,0.707,0.855,0.165,0.621,0.059,0.35,0.033,0.843,0.961,0.759,0.552,0.764,0.96,0.148,0.725,0.429,0.234,0.758,0.097,0.167,0.991,0.611,0.833,0.917,0.54,0.627,0.649,0.524,0.991,0.659,0.09,0.411,0.664,0.74,0.327,0.425,0.062,0.354,0.186,0.405,0.025,0.437,0.714,0.032,0.94,0.742,0.194,0.332,0.222,0.796,0.399,0.429,0.927,0.224,0.334,0.005,0.477,0.128,0.683,0.697,0.825,0.354,0.379,0.428,0.34,0.01,0.877,0.975,0.572,0.578,0.888,0.824,0.724,0.109,0.655,0.956,0.588,0.495,0.371,0.797,0.559,0.904,0.419,0.822,0.051,0.878,0.487,0.842,0.588,0.145,0.11,0.113,0.246,0.898,0.128,0.053,0.964,0.53,0.714,0.927,0.268,0.547,0.57,0.458,0.244,0.185,0.265,0.98,0.017,0.668,0.481,0.953,0.022,0.351,0.16,0.015,0.495,0.971,0.055,0.129,0.328
2020-02-01 19:55:27,0.341,0.211,0.515,0.286,0.849,0.411,0.45,0.878,0.629,0.475,0.214,0.984,0.302,0.982,0.446,0.217,0.045,0.895,0.584,0.026,0.094,0.645,0.457,0.89,0.751,0.216,0.976,0.774,0.399,0.246,0.798,0.2,0.294,0.033,0.513,0.382,0.317,0.28,0.947,0.007,0.564,0.838,0.755,0.077,0.663,0.712,0.909,0.543,0.619,0.343,0.121,0.097,0.341,0.396,0.818,0.635,0.166,0.912,0.677,0.292,0.125,0.364,0.741,0.602,0.953,0.859,0.519,0.097,0.451,0.312,0.378,0.533,0.542,0.178,0.241,0.789,0.705,0.381,0.363,0.042,0.359,0.972,0.127,0.138,0.005,0.933,0.388,0.775,0.703,0.741,0.389,0.146,0.661,0.722,0.777,0.488,0.351,0.401,0.51,0.923,0.321,0.174,0.246,0.198,0.994,0.638,0.581,0.061,0.075,0.117,0.883,0.314,0.016,0.008,0.813,0.899,0.715,0.158,0.494,0.292,0.597,0.346,0.389,0.024,0.734,0.709,0.413,0.882,0.227,0.635,0.674,0.828,0.476,0.148,0.183,0.76,0.648,0.039,0.974,0.561,0.384,0.467,0.014,0.153,0.889,0.014,0.059,0.706,0.795,0.399,0.37,0.729,0.888,0.399,0.444,0.106,0.627,0.231,0.19,0.606,0.69,0.088,0.557,0.305,0.368,0.895,0.399,0.782,0.182,0.098,0.971,0.366,0.645,0.42,0.273,0.908,0.514,0.588,0.375,0.252,0.975,0.621,0.778,0.97,0.643,0.311,0.987,0.689,0.047,0.108,0.406,0.269,0.672,0.129,0.525,0.135,0.034,0.899,0.488,0.938,0.606,0.596,0.457,0.233,0.473,0.459,0.172,0.025,0.714,0.121,0.301,0.721,0.624,0.092,0.272,0.832,0.532,0.172,0.504,0.919,0.665,0.627,0.804,0.837,0.782,0.039,0.555,0.471,0.034,0.193,0.589,0.037,0.623,0.085,0.369,0.548,0.738,0.693,0.489,0.304,0.26,0.016,0.635,0.326,0.803,0.962,0.842,0.282,0.87,0.534,0.375,0.752,0.16,0.901,0.602,0.449,0.131,0.415,0.377,0.053,0.406,0.035,0.73,0.677,0.952,0.434,0.545,0.664,0.137,0.806,0.675,0.474,0.359,0.72,0.74,0.85,0.552,0.338,0.922,0.545,0.569,0.965,0.443,0.354,0.742,0.508,0.577,0.017,0.213,0.955,0.376,0.265,0.198,0.112,0.382,0.132,0.84,0.099,0.638,0.84,0.597,0.919,0.123,0.249,0.737,0.717,0.353,0.121,0.944,0.294,0.298,0.525,0.111,0.173,0.872,0.592,0.07,0.812,0.318,0.694,0.129,0.706,0.524,0.684,0.198,0.545,0.648,0.359,0.154,0.686,0.983,0.636,0.126,0.436,0.952,0.999,0.135,0.814,0.532,0.034,0.302,0.399,0.611,0.656,0.16,0.543,0.508,0.598,0.997,0.188,0.595,0.908,0.557,0.088,0.692,0.877,0.566,0.868,0.829,0.596,0.849,0.038,0.848,0.51,0.866,0.592,0.165,0.077,0.425,0.455,0.445,0.561,0.488,0.199,0.526,0.772,0.723,0.884,0.474,0.337,0.869,0.708,0.667,0.002,0.638,0.167,0.375,0.816,0.304,0.876,0.488,0.986,0.872,0.307,0.362,0.6,0.916,0.3,0.612,0.718,0.623,0.893,0.065,0.968,0.923,0.14,0.303,0.947,0.058,0.41,0.702,0.629,0.081,0.089,0.131,0.569,0.831,0.261,0.942,0.067,0.293,0.298,0.085,0.653,0.782,0.695,0.176,0.037,0.687,0.03,0.457,0.316,0.573,0.342,0.646,0.135,0.354,0.139,0.664,0.095,0.548,0.842,0.97,0.47,0.747,0.383,0.895,0.837,0.355,0.479,0.804,0.238,0.838,0.81,0.239,0.218,0.258,0.632,0.734,0.553,0.827,0.659,0.321,0.307,0.668,0.596,0.703,0.778,0.68,0.296,0.187,0.697,0.963,0.427,0.388,0.118,0.034,0.563,0.831,0.139,0.659,0.202,0.319,0.086,0.204,0.258,0.273,0.159,0.499,0.07,0.677,0.205,0.604,0.373,0.279,0.84,0.581,0.521,0.057,0.042,0.826,0.315,0.616,0.699,0.013,0.889,0.927,0.237,0.311,0.608,0.69,0.884
2020-02-01 19:55:27,0.514,0.322,0.746,0.582,0.721,0.337,0.959,0.514,0.848,0.548,0.908,0.391,0.326,0.711,0.469,0.381,0.359,0.292,0.359,0.474,0.789,0.012,0.254,0.592,0.807,0.405,0.664,0.373,0.192,0.806,0.382,0.563,0.592,0.496,0.822,0.123,0.451,0.777,0.245,0.251,0.633,0.067,0.213,0.804,0.376,0.854,0.467,0.748,0.626,0.953,0.649,0.114,0.319,0.226,0.863,0.256,0.916,0.258,0.618,0.256,0.402,0.481,0.32,0.347,0.563,0.572,0.119,0.305,0.42,0.758,0.553,0.421,0.879,0.622,0.325,0.27,0.565,0.344,0.114,0.875,0.29,0.694,0.363,0.776,0.616,0.12,0.85,0.746,0.12,0.512,0.983,0.121,0.021,0.434,0.274,0.558,0.723,0.636,0.253,0.055,0.417,0.653,0.856,0.442,0.827,0.082,0.54,0.638,0.418,0.242,0.775,0.367,0.745,0.275,0.311,0.084,0.131,0.485,0.857,0.287,0.142,0.493,0.389,0.6,0.054,0.878,0.72,0.209,0.742,0.97,0.852,0.243,0.826,0.115,0.374,0.646,0.64,0.203,0.527,0.604,0.955,0.078,0.003,0.371,0.571,0.306,0.854,0.187,0.764,0.737,0.872,0.238,0.909,0.701,0.751,0.558,0.295,0.945,0.159,0.108,0.207,0.897,0.88,0.868,0.618,0.462,0.182,0.944,0.163,0.724,0.786,0.369,0.476,0.223,0.025,0.732,0.705,0.315,0.614,0.836,0.537,0.34,0.177,0.91,0.865,0.517,0.098,0.479,0.504,0.235,0.537,0.938,0.619,0.853,0.963,0.187,0.186,0.825,0.079,0.007,0.525,0.55,0.088,0.304,0.846,0.464,0.247,0.531,0.292,0.837,0.499,0.799,0.265,0.841,0.783,0.591,0.095,0.83,0.716,0.441,0.951,0.18,0.013,0.934,0.717,0.663,0.76,0.231,0.801,0.929,0.941,0.276,0.936,0.835,0.212,0.52,0.016,0.047,0.506,0.108,0.699,0.396,0.53,0.31,0.544,0.945,0.124,0.514,0.22,0.577,0.361,0.905,0.993,0.319,0.533,0.22,0.904,0.328,0.154,0.457,0.92,0.697,0.651,0.242,0.622,0.576,0.982,0.001,0.083,0.429,0.816,0.763,0.686,0.284,0.519,0.294,0.232,0.095,0.681,0.255,0.376,0.531,0.174,0.705,0.747,0.327,0.709,0.227,0.853,0.654,0.105,0.234,0.371,0.909,0.246,0.867,0.199,0.216,0.696,0.35,0.957,0.132,0.795,0.954,0.834,0.142,0.792,0.534,0.975,0.52,0.879,0.579,0.31,0.47,0.056,0.062,0.506,0.516,0.436,0.627,0.182,0.084,0.51,0.995,0.943,0.481,0.005,0.467,0.277,0.003,0.34,0.862,0.48,0.573,0.436,0.429,0.351,0.934,0.809,0.919,0.987,0.617,0.041,0.769,0.156,0.716,0.049,0.116,0.761,0.229,0.927,0.116,0.259,0.001,0.833,0.128,0.942,0.191,0.545,0.192,0.917,0.122,0.209,0.3,0.368,0.016,0.285,0.037,0.591,0.695,0.264,0.176,0.75,0.748,0.407,0.418,0.203,0.142,0.19,0.454,0.805,0.922,0.125,0.122,0.959,0.461,0.803,0.975,0.029,0.063,0.446,0.884,0.413,0.785,0.105,0.848,0.674,0.225,0.302,0.558,0.245,0.213,0.988,0.241,0.342,0.559,0.932,0.787,0.03,0.959,0.344,0.903,0.874,0.556,0.019,0.162,0.205,0.483,0.963,0.254,0.866,0.328,0.5,0.146,0.895,0.643,0.529,0.938,0.984,0.251,0.311,0.293,0.567,0.181,0.805,0.137,0.102,0.616,0.262,0.92,0.193,0.612,0.373,0.603,0.672,0.984,0.533,0.102,0.587,0.006,0.985,0.984,0.097,0.439,0.995,0.242,0.712,0.924,0.709,0.394,0.549,0.667,0.969,0.318,0.735,0.839,0.981,0.421,0.113,0.702,0.395,0.618,0.003,0.045,0.9,0.157,0.466,0.299,0.205,0.577,0.529,0.568,0.257,0.377,0.133,0.844,0.985,0.634,0.534,0.057,0.226,0.313,0.463,0.311,0.032,0.579,0.835,0.297,0.423,0.176,0.623,0.021,0.889,0.176,0.945,0.893,0.667,0.342,0.118,0.669,0.206,0.815
2020-02-01 19:55:27,0.61,0.403,0.115,0.036,0.577,0.879,0.409,0.327,0.065,0.317,0.218,0.172,0.853,0.385,0.103,0.561,0.878,0.095,0.82,0.982,0.002,0.907,0.687,0.634,0.662,0.066,0.129,0.629,0.406,0.35,0.916,0.86,0.666,0.698,0.412,0.364,0.066,0.847,0.268,0.865,0.06,0.576,0.638,0.326,0.932,0.195,0.11,0.111,0.197,0.198,0.669,0.333,0.892,0.811,0.665,0.298,0.629,0.681,0.484,0.773,0.163,0.624,0.595,0.886,0.922,0.045,0.403,0.923,0.218,0.56,0.981,0.587,0.114,0.391,0.604,0.098,0.16,0.392,0.18,0.781,0.453,0.64,0.857,0.559,0.963,0.74,0.249,0.36,0.782,0.967,0.252,0.363,0.978,0.446,0.11,0.68,0.254,0.078,0.895,0.648,0.488,0.609,0.677,0.344,0.422,0.536,0.347,0.812,0.309,0.591,0.324,0.594,0.404,0.808,0.349,0.31,0.578,0.749,0.911,0.888,0.19,0.953,0.748,0.74,0.899,0.224,0.046,0.477,0.543,0.11,0.642,0.49,0.881,0.869,0.429,0.659,0.827,0.053,0.886,0.208,0.789,0.174,0.44,0.466,0.859,0.24,0.105,0.31,0.083,0.421,0.648,0.029,0.955,0.616,0.378,0.813,0.702,0.14,0.282,0.807,0.511,0.374,0.61,0.421,0.889,0.647,0.651,0.803,0.487,0.034,0.573,0.602,0.167,0.721,0.402,0.227,0.965,0.101,0.803,0.451,0.109,0.578,0.694,0.535,0.315,0.617,0.02,0.859,0.777,0.549,0.147,0.458,0.971,0.547,0.598,0.404,0.086,0.35,0.199,0.176,0.464,0.429,0.548,0.506,0.141,0.901,0.154,0.93,0.365,0.698,0.64,0.961,0.642,0.121,0.736,0.589,0.406,0.64,0.694,0.565,0.931,0.157,0.192,0.19,0.234,0.699,0.163,0.514,0.039,0.011,0.87,0.414,0.543,0.756,0.84,0.052,0.999,0.562,0.809,0.246,0.744,0.51,0.355,0.689,0.666,0.535,0.077,0.64,0.874,0.005,0.81,0.505,0.219,0.873,0.697,0.789,0.53,0.436,0.522,0.225,0.411,0.573,0.436,0.871,0.744,0.175,0.724,0.203,0.965,0.91,0.068,0.47,0.462,0.451,0.122,0.631,0.421,0.163,0.864,0.361,0.125,0.059,0.215,0.198,0.749,0.015,0.387,0.746,0.111,0.809,0.084,0.013,0.118,0.201,0.492,0.443,0.0,0.519,0.411,0.805,0.824,0.072,0.136,0.392,0.725,0.752,0.92,0.097,0.993,0.342,0.631,0.827,0.822,0.032,0.266,0.915,0.002,0.988,0.573,0.093,0.958,0.003,0.398,0.247,0.195,0.03,0.289,0.473,0.347,0.877,0.783,0.903,0.857,0.495,0.554,0.035,0.156,0.164,0.321,0.34,0.765,0.636,0.948,0.263,0.615,0.915,0.537,0.668,0.888,0.199,0.398,0.941,0.344,0.498,0.764,0.179,0.106,0.031,0.759,0.997,0.59,0.605,0.061,0.019,0.57,0.665,0.41,0.606,0.504,0.594,0.914,0.102,0.003,0.261,0.707,0.358,0.005,0.715,0.07,0.938,0.739,0.459,0.725,0.673,0.242,0.953,0.058,0.619,0.632,0.766,0.649,0.264,0.134,0.246,0.854,0.817,0.735,0.016,0.065,0.882,0.643,0.794,0.652,0.663,0.334,0.119,0.138,0.823,0.979,0.528,0.743,0.08,0.365,0.807,0.187,0.235,0.422,0.024,0.616,0.989,0.691,0.301,0.814,0.732,0.877,0.863,0.271,0.651,0.825,0.145,0.233,0.863,0.833,0.083,0.291,0.151,0.461,0.155,0.516,0.912,0.572,0.374,0.095,0.731,0.16,0.366,0.249,0.286,0.55,0.731,0.71,0.046,0.789,0.893,0.427,0.301,0.828,0.531,0.347,0.317,0.252,0.381,0.387,0.299,0.185,0.449,0.826,0.207,0.604,0.597,0.756,0.317,0.455,0.21,0.783,0.519,0.479,0.896,0.218,0.897,0.97,0.665,0.04,0.599,0.133,0.28,0.729,0.896,0.18,0.028,0.215,0.352,0.216,0.536,0.133,0.312,0.821,0.625,0.89,0.19,0.688,0.938,0.451,0.549,0.139,0.142,0.672,0.198,0.934,0.647,0.219,0.469
2020-02-01 19:55:27,0.376,0.252,0.157,0.217,0.024,0.902,0.552,0.909,0.054,0.739,0.506,0.148,0.279,0.931,0.617,0.021,0.278,0.78,0.222,0.064,0.434,0.776,0.184,0.564,0.219,0.401,0.624,0.842,0.318,0.242,0.204,0.022,0.009,0.178,0.376,0.972,0.434,0.042,0.972,0.781,0.007,0.22,0.511,0.581,0.754,0.892,0.148,0.978,0.015,0.398,0.592,0.434,0.82,0.406,0.326,0.408,0.212,0.099,0.175,0.589,0.855,0.134,0.685,0.487,0.121,0.587,0.531,0.623,0.672,0.661,0.14,0.789,0.775,0.586,0.412,0.648,0.331,0.624,0.344,0.926,0.213,0.947,0.279,0.417,0.643,0.996,0.443,0.29,0.532,0.075,0.756,0.47,0.144,0.101,0.422,0.047,0.397,0.757,0.149,0.315,0.27,0.364,0.76,0.281,0.871,0.237,0.793,0.585,0.814,0.188,0.488,0.422,0.745,0.156,0.043,0.323,0.864,0.851,0.533,0.269,0.429,0.899,0.717,0.264,0.173,0.546,0.104,0.154,0.704,0.582,0.142,0.276,0.729,0.097,0.986,0.056,0.518,0.684,0.128,0.213,0.549,0.242,0.969,0.318,0.074,0.299,0.738,0.07,0.003,0.994,0.53,0.83,0.986,0.743,0.687,0.71,0.314,0.503,0.493,0.633,0.221,0.324,0.289,0.374,0.756,0.436,0.319,0.645,0.235,0.772,0.574,0.938,0.834,0.244,0.49,0.592,0.434,0.046,0.924,0.439,0.61,0.2,0.003,0.26,0.881,0.202,0.847,0.098,0.932,0.234,0.287,0.41,0.711,0.415,0.62,0.111,0.785,0.722,0.685,0.711,0.175,0.017,0.105,0.564,0.249,0.165,0.489,0.211,0.258,0.357,0.142,0.155,0.346,0.662,0.028,0.77,0.071,0.596,0.84,0.164,0.723,0.379,0.788,0.553,0.506,0.781,0.276,0.036,0.598,0.255,0.015,0.525,0.579,0.049,0.769,0.698,0.261,0.132,0.26,0.593,0.791,0.336,0.5,0.233,0.407,0.815,0.591,0.485,0.712,0.971,0.686,0.359,0.221,0.574,0.706,0.442,0.093,0.932,0.651,0.423,0.005,0.778,0.952,0.298,0.83,0.654,0.829,0.25,0.303,0.523,0.743,0.631,0.11,0.672,0.414,0.146,0.025,0.935,0.404,0.069,0.905,0.526,0.882,0.181,0.989,0.994,0.881,0.864,0.446,0.799,0.118,0.685,0.488,0.523,0.356,0.849,0.306,0.349,0.58,0.944,0.403,0.889,0.11,0.1,0.473,0.795,0.933,0.112,0.658,0.008,0.543,0.948,0.499,0.889,0.624,0.669,0.182,0.131,0.101,0.823,0.468,0.474,0.907,0.434,0.222,0.45,0.874,0.51,0.52,0.719,0.835,0.047,0.282,0.073,0.272,0.835,0.558,0.203,0.403,0.068,0.199,0.635,0.938,0.064,0.172,0.522,0.508,0.114,0.455,0.455,0.596,0.849,0.036,0.817,0.639,0.474,0.571,0.667,0.915,0.29,0.61,0.152,0.575,0.783,0.906,0.332,0.017,0.313,0.169,0.682,0.181,0.081,0.61,0.073,0.957,0.762,0.861,0.006,0.513,0.299,0.959,0.049,0.412,0.817,0.789,0.894,0.525,0.704,0.083,0.051,0.047,0.095,0.125,0.552,0.205,0.11,0.396,0.512,0.377,0.106,0.993,0.394,0.436,0.552,0.109,0.583,0.997,0.966,0.0,0.723,0.702,0.478,0.174,0.191,0.192,0.494,0.902,0.243,0.917,0.58,0.58,0.337,0.813,0.12,0.524,0.877,0.875,0.527,0.302,0.524,0.656,0.973,0.14,0.455,0.886,0.713,0.016,0.297,0.07,0.871,0.425,0.645,0.126,0.747,0.891,0.271,0.11,0.038,0.862,0.532,0.98,0.517,0.293,0.959,0.994,0.862,0.792,0.796,0.487,0.148,0.636,0.154,0.153,0.981,0.058,0.334,0.649,0.876,0.104,0.301,0.37,0.025,0.494,0.519,0.704,0.272,0.35,0.261,0.037,0.628,0.009,0.112,0.779,0.663,0.642,0.48,0.886,0.934,0.618,0.706,0.011,0.072,0.557,0.67,0.966,0.966,0.589,0.658,0.207,0.994,0.984,0.322,0.319,0.376,0.158,0.323,0.576,0.738,0.811,0.931,0.062,0.923
2020-02-01 19:55:27,0.859,0.741,0.869,0.352,0.151,0.196,0.034,0.89,0.31,0.569,0.473,0.757,0.967,0.119,0.879,0.07,0.667,0.135,0.048,0.234,0.282,0.396,0.98,0.368,0.355,0.759,0.354,0.5,0.219,0.931,0.322,0.364,0.304,0.057,0.418,0.84,0.765,0.773,0.898,0.33,0.389,0.654,0.655,0.196,0.341,0.2,0.679,0.379,0.301,0.51,0.659,0.202,0.553,0.429,0.832,0.661,0.043,0.159,0.207,0.564,0.531,0.965,0.212,0.992,0.054,0.327,0.087,0.073,0.197,0.99,0.311,0.317,0.569,0.53,0.64,0.804,0.663,0.904,0.177,0.829,0.404,0.695,0.725,0.389,0.631,0.018,0.574,0.581,0.273,0.892,0.785,0.209,0.413,0.277,0.554,0.086,0.139,0.436,0.813,0.209,0.005,0.141,0.801,0.271,0.236,0.034,0.999,0.448,0.788,0.811,0.566,0.063,0.982,0.655,0.023,0.469,0.356,0.664,0.743,0.138,0.702,0.606,0.46,0.156,0.429,0.884,0.512,0.885,0.652,0.438,0.139,0.529,0.741,0.542,0.71,0.888,0.607,0.595,0.024,0.963,0.461,0.335,0.059,0.488,0.744,0.448,0.632,0.093,0.717,0.729,0.665,0.176,0.157,0.036,0.643,0.865,0.127,0.329,0.093,0.209,0.864,0.316,0.888,0.719,0.824,0.98,0.233,0.772,0.596,0.547,0.054,0.034,0.999,0.019,0.136,0.06,0.2,0.683,0.057,0.707,0.496,0.746,0.737,0.378,0.539,0.751,0.989,0.091,0.718,0.041,0.034,0.283,0.343,0.747,0.17,0.465,0.376,0.597,0.714,0.835,0.608,0.935,0.741,0.622,0.811,0.55,0.344,0.037,0.053,0.182,0.994,0.339,0.295,0.035,0.451,0.84,0.318,0.894,0.925,0.261,0.668,0.423,0.714,0.917,0.633,0.388,0.793,0.537,0.654,0.383,0.761,0.399,0.32,0.658,0.059,0.854,0.175,0.91,0.223,0.972,0.177,0.453,0.885,0.713,0.042,0.758,0.7,0.927,0.621,0.619,0.242,0.804,0.115,0.8,0.009,0.373,0.514,0.217,0.623,0.896,0.59,0.861,0.995,0.641,0.645,0.915,0.416,0.024,0.064,0.171,0.536,0.765,0.848,0.962,0.641,0.465,0.554,0.822,0.529,0.295,0.485,0.546,0.397,0.275,0.156,0.134,0.089,0.376,0.748,0.858,0.536,0.062,0.978,0.059,0.047,0.487,0.497,0.114,0.698,0.71,0.917,0.303,0.123,0.525,0.857,0.136,0.462,0.299,0.459,0.643,0.367,0.692,0.827,0.402,0.5,0.123,0.317,0.84,0.534,0.988,0.947,0.846,0.543,0.104,0.363,0.425,0.568,0.347,0.83,0.403,0.81,0.563,0.498,0.463,0.659,0.624,0.648,0.621,0.785,0.829,0.36,0.879,0.378,0.923,0.84,0.209,0.748,0.586,0.187,0.168,0.679,0.707,0.04,0.061,0.612,0.64,0.873,0.035,0.318,0.012,0.139,0.368,0.999,0.654,0.175,0.87,0.831,0.44,0.583,0.093,0.912,0.706,0.008,0.445,0.94,0.82,0.119,0.689,0.863,0.643,0.278,0.672,0.461,0.198,0.142,0.439,0.752,0.716,0.624,0.126,0.543,0.24,0.92,0.215,0.338,0.242,0.377,0.376,0.173,0.622,0.174,0.164,0.517,0.349,0.078,0.244,0.964,0.302,0.251,0.565,0.439,0.173,0.972,0.378,0.448,0.034,0.592,0.172,0.573,0.38,0.075,0.997,0.833,0.715,0.823,0.555,0.773,0.455,0.323,0.668,0.05,0.096,0.313,0.327,0.974,0.116,0.061,0.655,0.956,0.235,0.26,0.026,0.912,0.532,0.258,0.901,0.576,0.737,0.874,0.518,0.432,0.67,0.117,0.954,0.377,0.771,0.833,0.652,0.809,0.4,0.711,0.465,0.136,0.276,0.38,0.141,0.076,0.649,0.924,0.835,0.497,0.355,0.361,0.07,0.593,0.239,0.047,0.11,0.634,0.836,0.369,0.341,0.657,0.416,0.886,0.033,0.14,0.227,0.113,0.111,0.831,0.213,0.143,0.359,0.388,0.822,0.113,0.988,0.553,0.757,0.832,0.651,0.584,0.366,0.17,0.762,0.095,0.79,0.726,0.335,0.472,0.925
2020-02-01 19:55:27,0.233,0.595,0.699,0.048,0.137,0.277,0.618,0.144,0.422,0.959,0.709,0.577,0.077,0.734,0.773,0.229,0.909,0.18,0.645,0.239,0.478,0.504,0.568,0.728,0.303,0.387,0.466,0.943,0.371,0.079,0.043,0.057,0.871,0.139,0.09,0.046,0.678,0.101,0.746,0.914,0.132,0.804,0.272,0.3,0.811,0.77,0.823,0.18,0.571,0.012,0.467,0.837,0.439,0.666,0.729,0.531,0.388,0.739,0.641,0.87,0.167,0.069,0.872,0.354,0.25,0.934,0.7,0.915,0.357,0.016,0.788,0.972,0.87,0.457,0.572,0.902,0.145,0.551,0.258,0.036,0.145,0.01,0.565,0.595,0.89,0.384,0.534,0.08,0.424,0.479,0.544,0.008,0.091,0.507,0.349,0.748,0.917,0.983,0.112,0.525,0.284,0.172,0.542,0.225,0.326,0.126,0.637,0.694,0.254,0.18,0.533,0.266,0.034,0.409,0.703,0.284,0.337,0.743,0.049,0.829,0.471,0.498,0.445,0.817,0.99,0.052,0.208,0.425,0.554,0.405,0.431,0.671,0.525,0.833,0.616,0.343,0.612,0.726,0.923,0.747,0.531,0.479,0.291,0.898,0.644,0.14,0.205,0.483,0.032,0.898,0.608,0.502,0.711,0.786,0.549,0.552,0.311,0.335,0.032,0.545,0.537,0.641,0.152,0.36,0.594,0.659,0.631,0.395,0.436,0.814,0.529,0.639,0.369,0.189,0.793,0.566,0.367,0.095,0.557,0.209,0.401,0.653,0.159,0.683,0.142,0.4,0.47,0.685,0.831,0.654,0.247,0.891,0.841,0.071,0.683,0.719,0.95,0.218,0.223,0.17,0.699,0.889,0.965,0.675,0.519,0.805,0.552,0.97,0.194,0.897,0.818,0.866,0.762,0.711,0.107,0.238,0.172,0.488,0.161,0.384,0.292,0.469,0.609,0.367,0.673,0.083,0.067,0.084,0.574,0.524,0.329,0.822,0.257,0.725,0.79,0.144,0.274,0.178,0.927,0.016,0.442,0.081,0.505,0.856,0.03,0.081,0.338,0.328,0.064,0.217,0.602,0.978,0.842,0.897,0.597,0.177,0.277,0.63,0.769,0.886,0.754,0.385,0.77,0.267,0.01,0.582,0.133,0.188,0.84,0.216,0.637,0.002,0.462,0.888,0.193,0.062,0.091,0.92,0.937,0.628,0.777,0.023,0.363,0.283,0.523,0.994,0.984,0.432,0.853,0.392,0.802,0.412,0.89,0.384,0.539,0.579,0.272,0.426,0.59,0.67,0.76,0.829,0.52,0.008,0.611,0.327,0.004,0.466,0.517,0.256,0.407,0.674,0.888,0.05,0.924,0.562,0.192,0.207,0.205,0.837,0.469,0.414,0.201,0.975,0.189,0.386,0.802,0.49,0.24,0.757,0.819,0.066,0.935,0.804,0.694,0.272,0.106,0.542,0.421,0.145,0.152,0.232,0.446,0.019,0.764,0.859,0.578,0.457,0.911,0.361,0.667,0.085,0.75,0.147,0.736,0.114,0.409,0.02,0.867,0.169,0.089,0.476,0.84,0.349,0.391,0.562,0.439,0.194,0.661,0.355,0.257,0.619,0.326,0.951,0.683,0.367,0.783,0.836,0.977,0.908,0.127,0.21,0.492,0.5,0.572,0.3,0.729,0.439,0.401,0.567,0.999,0.029,0.262,0.575,0.211,0.793,0.789,0.761,0.852,0.388,0.154,0.083,0.445,0.216,0.422,0.114,0.802,0.823,0.233,0.325,0.13,0.338,0.585,0.243,0.967,0.4,0.927,0.432,0.077,0.867,0.506,0.272,0.976,0.575,0.971,0.739,0.509,0.645,0.197,0.152,0.026,0.015,0.204,0.712,0.63,0.785,0.514,0.362,0.383,0.656,0.409,0.668,0.891,0.771,0.012,0.677,0.691,0.49,0.973,0.726,0.165,0.26,0.326,0.335,0.88,0.012,0.558,0.413,0.66,0.466,0.718,0.64,0.323,0.655,0.275,0.185,0.538,0.429,0.535,0.807,0.258,0.581,0.774,0.236,0.096,0.603,0.311,0.12,0.275,0.5,0.069,0.714,0.535,0.182,0.854,0.539,0.627,0.247,0.803,0.423,0.165,0.945,0.456,0.502,0.208,0.185,0.785,0.936,0.438,0.69,0.304,0.088,0.529,0.409,0.874,0.425,0.286,0.942,0.473,0.743,0.502,0.284
2020-02-01 19:55:27,0.534,0.311,0.139,0.011,0.121,0.443,0.887,0.112,0.733,0.072,0.784,0.771,0.413,0.998,0.407,0.72,0.271,0.944,0.105,0.974,0.218,0.751,0.451,0.064,0.389,0.54,0.031,0.448,0.899,0.643,0.456,0.74,0.558,0.425,0.099,0.214,0.971,0.416,0.045,0.169,0.619,0.913,0.973,0.246,0.24,0.794,0.948,0.473,0.301,0.147,0.888,0.522,0.496,0.832,0.091,0.423,0.497,0.164,0.616,0.923,0.894,0.128,0.798,0.862,0.531,0.529,0.953,0.802,0.346,0.875,0.759,0.412,0.576,0.427,0.324,0.222,0.305,0.074,0.955,0.955,0.597,0.237,0.155,0.443,0.382,0.335,0.739,0.41,0.745,0.722,0.713,0.004,0.908,0.833,0.703,0.065,0.833,0.495,0.104,0.298,0.972,0.64,0.631,0.654,0.318,0.236,0.971,0.806,0.403,0.184,0.459,0.912,0.856,0.166,0.786,0.329,0.941,0.271,0.382,0.452,0.455,0.111,0.093,0.662,0.46,0.584,0.511,0.535,0.688,0.037,0.12,0.743,0.488,0.348,0.972,0.767,0.472,0.805,0.701,0.318,0.672,0.6,0.812,0.377,0.393,0.042,0.466,0.877,0.784,0.672,0.477,0.779,0.998,0.559,0.555,0.776,0.685,0.339,0.361,0.363,0.709,0.873,0.648,0.061,0.734,0.963,0.327,0.615,0.421,0.595,0.554,0.216,0.316,0.83,0.186,0.679,0.456,0.748,0.765,0.292,0.501,0.339,0.742,0.408,0.942,0.796,0.074,0.0,0.965,0.724,0.949,0.04,0.581,0.01,0.159,0.337,0.272,0.935,0.254,0.513,0.031,0.851,0.036,0.445,0.875,0.615,0.017,0.807,0.777,0.191,0.793,0.89,0.766,0.146,0.736,0.466,0.768,0.88,0.963,0.654,0.118,0.565,0.718,0.898,0.627,0.496,0.595,0.73,0.246,0.82,0.016,0.227,0.782,0.975,0.718,0.896,0.656,0.024,0.992,0.306,0.079,0.876,0.033,0.914,0.826,0.277,0.906,0.841,0.729,0.015,0.927,0.348,0.842,0.166,0.064,0.351,0.872,0.673,0.959,0.387,0.7,0.078,0.23,0.037,0.162,0.137,0.185,0.695,0.793,0.393,0.076,0.906,0.231,0.638,0.632,0.266,0.524,0.828,0.81,0.275,0.403,0.46,0.547,0.062,0.643,0.72,0.896,0.955,0.305,0.013,0.576,0.438,0.054,0.666,0.671,0.145,0.502,0.996,0.15,0.928,0.581,0.839,0.755,0.515,0.767,0.467,0.8,0.269,0.293,0.915,0.181,0.147,0.334,0.309,0.37,0.438,0.443,0.961,0.076,0.878,0.01,0.415,0.898,0.514,0.753,0.913,0.929,0.613,0.146,0.015,0.363,0.431,0.32,0.252,0.441,0.035,0.307,0.911,0.58,0.988,0.648,0.456,0.283,0.845,0.088,0.807,0.043,0.335,0.091,0.227,0.254,0.748,0.247,0.319,0.419,0.033,0.672,0.834,0.749,0.175,0.442,0.899,0.781,0.288,0.08,0.186,0.984,0.346,0.835,0.074,0.281,0.995,0.85,0.576,0.718,0.079,0.54,0.113,0.484,0.793,0.166,0.612,0.244,0.593,0.116,0.257,0.187,0.543,0.172,0.9,0.176,0.572,0.17,0.0,0.333,0.363,0.463,0.967,0.692,0.923,0.263,0.626,0.26,0.4,0.139,0.593,0.059,0.25,0.187,0.697,0.981,0.453,0.179,0.791,0.745,0.022,0.247,0.054,0.489,0.042,0.545,0.109,0.848,0.595,0.411,0.217,0.588,0.805,0.656,0.659,0.834,0.159,0.43,0.293,0.155,0.063,0.352,0.979,0.587,0.795,0.972,0.861,0.43,0.63,0.314,0.721,0.489,0.922,0.523,0.357,0.903,0.657,0.98,0.153,0.606,0.409,0.305,0.23,0.748,0.547,0.197,0.563,0.46,0.675,0.142,0.674,0.781,0.745,0.793,0.03,0.398,0.124,0.33,0.418,0.413,0.21,0.732,0.129,0.523,0.472,0.882,0.214,0.023,0.47,0.098,0.949,0.956,0.025,0.126,0.659,0.542,0.04,0.198,0.646,0.686,0.194,0.798,0.615,0.654,0.231,0.013,0.053,0.984,0.923,0.826,0.288,0.315,0.581,0.682,0.199,0.881,0.231
2020-02-01 19:55:27,0.409,0.442,0.333,0.207,0.497,0.568,0.144,0.108,0.294,0.711,0.768,0.35,0.425,0.428,0.965,0.54,0.005,0.534,0.157,0.482,0.497,0.449,0.555,0.242,0.443,0.155,0.304,0.448,0.861,0.427,0.492,0.994,0.111,0.572,0.543,0.04,0.829,0.369,0.725,0.873,0.175,0.509,0.778,0.972,0.904,0.452,0.401,0.005,0.175,0.545,0.633,0.966,0.165,0.28,0.594,0.852,0.381,0.204,0.235,0.397,0.989,0.244,0.262,0.139,0.378,0.39,0.646,0.121,0.759,0.667,0.843,0.728,0.181,0.587,0.809,0.636,0.605,0.893,0.953,0.719,0.137,0.534,0.095,0.765,0.189,0.342,0.083,0.719,0.167,0.895,0.421,0.411,0.635,0.007,0.296,0.332,0.716,0.448,0.729,0.384,0.733,0.091,0.186,0.303,0.27,0.291,0.384,0.198,0.973,0.634,0.777,0.468,0.018,0.07,0.228,0.739,0.761,0.67,0.197,0.242,0.995,0.376,0.784,0.236,0.19,0.249,0.427,0.213,0.347,0.621,0.133,0.167,0.999,0.329,0.052,0.899,0.72,0.547,0.428,0.57,0.398,0.817,0.919,0.628,0.304,0.682,0.022,0.169,0.703,0.822,0.897,0.585,0.077,0.451,0.323,0.019,0.576,0.232,0.627,0.647,0.937,0.501,0.216,0.174,0.642,0.84,0.721,0.031,0.338,0.122,0.388,0.422,0.589,0.277,0.749,0.047,0.653,0.041,0.365,0.378,0.178,0.561,0.861,0.736,0.326,0.102,0.639,0.601,0.556,0.323,0.203,0.359,0.188,0.11,0.722,0.42,0.026,0.879,0.75,0.468,0.367,0.674,0.851,0.088,0.274,0.629,0.072,0.553,0.139,0.466,0.571,0.297,0.105,0.908,0.027,0.622,0.414,0.693,0.958,0.367,0.441,0.653,0.66,0.064,0.13,0.892,0.266,0.887,0.448,0.789,0.201,0.311,0.916,0.336,0.678,0.781,0.375,0.401,0.641,0.316,0.746,0.614,0.221,0.776,0.415,0.889,0.041,0.977,0.001,0.717,0.535,0.701,0.952,0.328,0.606,0.745,0.907,0.161,0.567,0.096,0.989,0.475,0.734,0.082,0.323,0.286,0.116,0.944,0.352,0.086,0.796,0.97,0.678,0.63,0.779,0.57,0.481,0.069,0.404,0.252,0.425,0.363,0.756,0.39,0.167,0.593,0.936,0.206,0.084,0.005,0.835,0.127,0.14,0.552,0.365,0.497,0.257,0.642,0.304,0.627,0.895,0.854,0.018,0.981,0.039,0.539,0.973,0.668,0.332,0.405,0.268,0.446,0.052,0.145,0.491,0.431,0.575,0.687,0.434,0.049,0.759,0.624,0.145,0.825,0.139,0.498,0.887,0.348,0.183,0.907,0.214,0.236,0.527,0.882,0.739,0.56,0.003,0.577,0.959,0.214,0.434,0.694,0.691,0.385,0.464,0.373,0.499,0.373,0.017,0.868,0.528,0.212,0.625,0.575,0.738,0.443,0.653,0.956,0.633,0.215,0.497,0.354,0.261,0.415,0.055,0.606,0.595,0.711,0.253,0.754,0.261,0.651,0.468,0.779,0.766,0.717,0.7,0.282,0.674,0.941,0.223,0.713,0.745,0.426,0.82,0.404,0.725,0.1,0.428,0.904,0.551,0.695,0.932,0.679,0.809,0.595,0.369,0.736,0.939,0.378,0.478,0.391,0.829,0.794,0.648,0.661,0.132,0.552,0.173,0.574,0.447,0.183,0.669,0.488,0.525,0.206,0.458,0.09,0.151,0.668,0.999,0.318,0.928,0.914,0.716,0.95,0.504,0.985,0.338,0.805,0.805,0.539,0.607,0.06,0.444,0.193,0.071,0.897,0.183,0.104,0.613,0.27,0.5,0.325,0.597,0.377,0.758,0.121,0.377,0.334,0.182,0.918,0.451,0.082,0.371,0.586,0.469,0.103,0.518,0.264,0.242,0.587,0.003,0.364,0.839,0.116,0.465,0.742,0.651,0.428,0.268,0.635,0.095,0.822,0.297,0.865,0.592,0.445,0.123,0.464,0.308,0.187,0.141,0.381,0.963,0.941,0.499,0.142,0.829,0.644,0.857,0.51,0.035,0.944,0.485,0.775,0.404,0.519,0.305,0.516,0.001,0.677,0.917,0.761,0.582,0.575,0.508,0.037,0.002,0.045,0.321,0.372
2020-02-01 19:55:27,0.261,0.122,0.2,0.078,0.992,0.19,0.515,0.478,0.32,0.861,0.735,0.663,0.734,0.406,0.104,0.158,0.316,0.271,0.534,0.966,0.655,0.247,0.665,0.508,0.971,0.111,0.199,0.276,0.299,0.454,0.875,0.41,0.952,0.053,0.422,0.636,0.274,0.586,0.822,0.735,0.735,0.111,0.331,0.581,0.557,0.936,0.863,0.596,0.053,0.376,0.285,0.142,0.803,0.793,0.181,0.223,0.384,0.437,0.348,0.231,0.285,0.551,0.326,0.883,0.916,0.037,0.835,0.162,0.586,0.178,0.306,0.563,0.687,0.586,0.41,0.045,0.031,0.052,0.391,0.084,0.204,0.706,0.778,0.4,0.257,0.557,0.736,0.79,0.881,0.29,0.086,0.321,0.322,0.5,0.576,0.506,0.758,0.091,0.473,0.11,0.759,0.172,0.217,0.488,0.789,0.023,0.202,0.461,0.315,0.653,0.212,0.279,0.688,0.964,0.623,0.663,0.855,0.272,0.251,0.786,0.47,0.765,0.274,0.666,0.929,0.267,0.697,0.356,0.83,0.87,0.874,0.337,0.875,0.315,0.789,0.292,0.362,0.069,0.482,0.49,0.765,0.058,0.626,0.792,0.189,0.825,0.655,0.778,0.635,0.644,0.007,0.867,0.524,0.954,0.157,0.353,0.794,0.915,0.193,0.836,0.694,0.518,0.521,0.168,0.574,0.325,0.277,0.984,0.932,0.115,0.34,0.504,0.776,0.149,0.714,0.975,0.693,0.742,0.869,0.083,0.316,0.38,0.61,0.108,0.446,0.882,0.715,0.684,0.309,0.801,0.236,0.296,0.06,0.848,0.683,0.495,0.927,0.594,0.19,0.949,0.969,0.899,0.903,0.719,0.954,0.532,0.739,0.083,0.925,0.729,0.323,0.94,0.009,0.767,0.822,0.262,0.087,0.43,0.203,0.395,0.358,0.129,0.991,0.715,0.399,0.095,0.136,0.195,0.822,0.856,0.019,0.679,0.776,0.071,0.387,0.498,0.986,0.712,0.662,0.004,0.178,0.192,0.995,0.108,0.304,0.581,0.432,0.679,0.983,0.688,0.878,0.684,0.155,0.852,0.614,0.394,0.247,0.365,0.083,0.43,0.878,0.89,0.643,0.288,0.535,0.621,0.921,0.212,0.763,0.124,0.095,0.866,0.224,0.943,0.03,0.274,0.576,0.611,0.389,0.706,0.223,0.448,0.678,0.285,0.275,0.775,0.727,0.271,0.884,0.71,0.372,0.882,0.231,0.172,0.217,0.728,0.243,0.248,0.7,0.106,0.009,0.406,0.499,0.642,0.262,0.677,0.552,0.297,0.89,0.918,0.77,0.814,0.606,0.226,0.06,0.155,0.143,0.651,0.846,0.744,0.26,0.495,0.973,0.178,0.166,0.13,0.827,0.74,0.873,0.924,0.019,0.986,0.436,0.928,0.599,0.972,0.173,0.237,0.77,0.629,0.662,0.185,0.26,0.353,0.185,0.97,0.872,0.071,0.455,0.304,0.968,0.511,0.163,0.433,0.437,0.567,0.046,0.912,0.337,0.622,0.19,0.608,0.342,0.598,0.046,0.562,0.819,0.15,0.899,0.492,0.78,0.358,0.434,0.277,0.413,0.802,0.37,0.698,0.783,0.312,0.048,0.379,0.014,0.689,0.456,0.976,0.897,0.823,0.484,0.712,0.795,0.313,0.251,0.709,0.808,0.833,0.686,0.34,0.537,0.327,0.47,0.815,0.736,0.533,0.547,0.177,0.701,0.799,0.094,0.341,0.166,0.695,0.066,0.933,0.578,0.422,0.007,0.885,0.963,0.201,0.936,0.662,0.437,0.265,0.495,0.163,0.119,0.058,0.447,0.039,0.312,0.652,0.515,0.753,0.532,0.002,0.641,0.176,0.547,0.611,0.689,0.174,0.154,0.043,0.627,0.19,0.495,0.033,0.987,0.014,0.233,0.58,0.102,0.487,0.044,0.82,0.566,0.323,0.714,0.038,0.971,0.679,0.646,0.077,0.969,0.469,0.866,0.234,0.413,0.551,0.962,0.771,0.452,0.145,0.144,0.233,0.145,0.639,0.086,0.933,0.953,0.536,0.803,0.758,0.742,0.037,0.952,0.88,0.285,0.132,0.028,0.408,0.745,0.707,0.26,0.437,0.247,0.387,0.806,0.349,0.481,0.085,0.768,0.348,0.947,0.179,0.352,0.14,0.553,0.814,0.196,0.788
2020-02-01 19:55:27,0.05,0.776,0.048,0.441,0.906,0.971,0.235,0.483,0.7,0.742,0.034,0.713,0.588,0.824,0.692,0.373,0.068,0.094,0.457,0.794,0.805,0.592,0.426,0.663,0.013,0.977,0.976,0.428,0.505,0.597,0.44,0.538,0.255,0.581,0.809,0.235,0.043,0.091,0.07,0.018,0.225,0.726,0.681,0.545,0.215,0.429,0.24,0.009,0.164,0.017,0.351,0.389,0.786,0.739,0.685,0.065,0.594,0.715,0.895,0.182,0.775,0.038,0.512,0.857,0.367,0.038,0.657,0.778,0.741,0.864,0.129,0.516,0.232,0.874,0.515,0.401,0.359,0.373,0.915,0.491,0.957,0.17,0.855,0.356,0.089,0.084,0.916,0.477,0.779,0.81,0.953,0.697,0.336,0.16,0.291,0.945,0.461,0.187,0.104,0.82,0.467,0.25,0.099,0.155,0.199,0.504,0.137,0.163,0.783,0.481,0.144,0.77,0.528,0.12,0.318,0.02,0.86,0.678,0.203,0.375,0.812,0.306,0.025,0.561,0.798,0.637,0.975,0.695,0.782,0.803,0.494,0.962,0.236,0.265,0.91,0.839,0.474,0.577,0.245,0.003,0.61,0.051,0.123,0.587,0.167,0.637,0.638,0.934,0.113,0.012,0.535,0.759,0.234,0.515,0.961,0.831,0.45,0.484,0.662,0.709,0.481,0.49,0.324,0.482,0.565,0.068,0.726,0.577,0.204,0.897,0.475,0.562,0.398,0.121,0.966,0.493,0.852,0.275,0.027,0.647,0.94,0.839,0.162,0.801,0.203,0.581,0.138,0.864,0.495,0.901,0.853,0.865,0.821,0.048,0.662,0.108,0.327,0.219,0.91,0.367,0.631,0.021,0.733,0.649,0.818,0.906,0.32,0.419,0.433,0.16,0.496,0.494,0.072,0.302,0.835,0.838,0.379,0.502,0.245,1.0,0.289,0.94,0.915,0.895,0.494,0.657,0.366,0.756,0.668,0.127,0.589,0.936,0.072,0.863,0.485,0.55,0.62,0.062,0.288,0.721,0.2,0.207,0.382,0.734,0.019,0.232,0.089,0.324,0.955,0.876,0.242,0.42,0.042,0.055,0.688,0.314,0.857,0.726,0.827,0.739,0.574,0.676,0.256,0.175,0.52,0.27,0.545,0.814,0.655,0.436,0.936,0.223,0.328,0.123,0.21,0.045,0.152,0.314,0.587,0.007,0.151,0.449,0.982,0.236,0.945,0.936,0.427,0.746,0.45,0.244,0.75,0.236,0.086,0.798,0.479,0.211,0.917,0.74,0.937,0.221,0.032,0.836,0.847,0.789,0.745,0.317,0.243,0.812,0.766,0.887,0.201,0.576,0.424,0.559,0.254,0.342,0.983,0.36,0.905,0.746,0.332,0.395,0.119,0.799,0.632,0.925,0.423,0.377,0.456,0.753,0.892,0.625,0.416,0.373,0.612,0.169,0.105,0.102,0.455,0.201,0.121,0.3,0.799,0.289,0.632,0.793,0.834,0.669,0.352,0.622,0.345,0.205,0.268,0.086,0.424,0.417,0.76,0.319,0.192,0.563,0.001,0.097,0.2,0.11,0.944,0.95,0.252,0.557,0.599,0.427,0.215,0.122,0.743,0.407,0.882,0.821,0.45,0.577,0.707,0.56,0.831,0.7,0.371,0.394,0.587,0.632,0.111,0.783,0.204,0.045,0.14,0.078,0.704,0.908,0.172,0.68,0.164,0.015,0.162,0.743,0.05,0.704,0.809,0.481,0.342,0.188,0.145,0.928,0.622,0.855,0.231,0.218,0.414,0.498,0.954,0.776,0.188,0.524,0.078,0.14,0.561,0.132,0.547,0.963,0.919,0.488,0.822,0.934,0.724,0.064,0.324,0.319,0.83,0.928,0.155,0.024,0.628,0.748,0.856,0.117,0.53,0.597,0.401,0.76,0.243,0.695,0.557,0.126,0.218,0.824,0.723,0.156,0.727,0.995,0.595,0.354,0.555,0.381,0.528,0.856,0.02,0.892,0.216,0.154,0.544,0.179,0.719,0.008,0.536,0.524,0.594,0.007,0.344,0.579,0.055,0.259,0.268,0.78,0.57,0.315,0.268,0.797,0.431,0.155,0.865,0.777,0.25,0.895,0.027,0.076,0.892,0.97,0.699,0.643,0.979,0.127,0.777,0.734,0.241,0.456,0.363,0.28,0.702,0.025,0.766,0.369,0.918,0.147,0.645,0.084,0.633,0.935
2020-02-01 19:55:27,0.227,0.54,0.401,0.628,0.654,0.617,0.323,0.931,0.155,0.375,0.556,0.924,0.669,0.309,0.575,0.034,0.2,0.939,0.694,0.815,0.383,0.353,0.848,0.088,0.141,0.52,0.195,0.351,0.513,0.416,0.216,0.569,0.627,0.13,0.745,0.279,0.001,0.986,0.154,0.451,0.831,0.21,0.259,0.926,0.206,0.398,0.471,0.419,0.365,0.496,0.105,0.513,0.37,0.412,0.929,0.574,0.273,0.942,0.086,0.992,0.931,0.526,0.151,0.717,0.757,0.058,0.788,0.822,0.554,0.614,0.74,0.165,0.113,0.226,0.002,0.757,0.463,0.655,0.85,0.239,0.537,0.953,0.814,0.851,0.837,0.405,0.565,0.907,0.699,0.628,0.735,0.315,0.663,0.974,0.839,0.616,0.287,0.777,0.249,0.922,0.207,0.157,0.443,0.68,0.464,0.79,0.25,0.211,0.542,0.953,0.541,0.769,0.746,0.164,0.574,0.779,0.148,0.797,0.959,0.922,0.687,0.944,0.43,0.212,0.315,0.784,0.576,0.562,0.388,0.324,0.308,0.569,0.679,0.583,0.872,0.601,0.626,0.037,0.462,0.688,0.56,0.418,0.293,0.177,0.632,0.254,0.388,0.983,0.497,0.983,0.928,0.999,0.664,0.997,0.207,0.036,0.866,0.009,0.479,0.849,0.554,0.586,0.673,0.436,0.37,0.15,0.568,0.755,0.263,0.882,0.535,0.966,0.44,0.901,0.747,0.288,0.074,0.259,0.069,0.302,0.868,0.663,0.662,0.341,0.674,0.089,0.394,0.199,0.85,0.282,0.95,0.226,0.47,0.195,0.58,0.01,0.643,0.693,0.154,0.896,0.548,0.157,0.402,0.738,0.931,0.375,0.012,0.904,0.365,0.965,0.871,0.208,0.856,0.291,0.105,0.93,0.71,0.23,0.313,0.103,0.499,0.538,0.207,0.737,0.9,0.232,0.548,0.375,0.035,0.712,0.996,0.918,0.274,0.411,0.053,0.077,0.977,0.415,0.136,0.622,0.5,0.501,0.701,0.301,0.845,0.666,0.976,0.546,0.694,0.613,0.453,0.52,0.418,0.821,0.759,0.332,0.372,0.625,0.41,0.116,0.064,0.635,0.458,0.652,0.981,0.383,0.521,0.178,0.363,0.637,0.362,0.616,0.171,0.641,0.818,0.67,0.846,0.574,0.811,0.13,0.075,0.964,0.503,0.091,0.58,0.549,0.306,0.97,0.682,0.182,0.38,0.097,0.12,0.483,0.304,0.798,0.604,0.311,0.436,0.148,0.284,0.637,0.054,0.936,0.578,0.871,0.436,0.143,0.609,0.555,0.364,0.422,0.196,0.938,0.35,0.852,0.34,0.076,0.689,0.554,0.268,0.33,0.039,0.488,0.289,0.952,0.183,0.301,0.991,0.817,0.524,0.786,0.496,0.148,0.756,0.448,0.19,0.36,0.299,0.44,0.299,0.613,0.254,0.632,0.104,0.312,0.49,0.372,0.575,0.228,0.577,0.707,0.549,0.064,0.892,0.978,0.674,0.03,0.825,0.088,0.506,0.192,0.637,0.404,0.419,0.914,0.208,0.717,0.79,0.224,0.806,0.899,0.764,0.82,0.691,0.14,0.123,0.532,0.568,0.787,0.905,0.971,0.942,0.704,0.163,0.053,0.409,0.876,0.04,0.078,0.835,0.268,0.574,0.279,0.609,0.017,0.53,0.807,0.222,0.729,0.51,0.901,0.424,0.591,0.952,0.404,0.366,0.661,0.074,0.235,0.054,0.544,0.177,0.685,0.494,0.437,0.865,0.646,0.701,0.584,0.897,0.576,0.551,0.785,0.325,0.144,0.707,0.654,0.2,0.588,0.558,0.322,0.669,0.833,0.859,0.17,0.337,0.721,0.955,0.883,0.979,0.39,0.712,0.064,0.503,0.701,0.845,0.695,0.717,0.694,0.987,0.642,0.993,0.539,0.21,0.706,0.726,0.12,0.191,0.963,0.945,0.784,0.384,0.125,0.927,0.159,0.024,0.288,0.27,0.069,0.324,0.904,0.59,0.245,0.136,0.644,0.891,0.91,0.703,0.101,0.373,0.381,0.868,0.58,0.531,0.648,0.435,0.469,0.286,0.5,0.424,0.599,0.104,0.324,0.682,0.149,0.174,0.288,0.042,0.171,0.506,0.828,0.767,0.352,0.967,0.805,0.063,0.474,0.481,0.977,0.284,0.724
2020-02-01 19:55:27,0.573,0.553,0.729,0.927,0.016,0.886,0.406,0.799,0.178,0.546,0.272,0.936,0.376,0.877,0.258,0.497,0.631,0.585,0.491,0.999,0.414,0.143,0.678,0.774,0.471,0.167,0.719,0.886,0.054,0.418,0.77,0.321,0.777,0.21,0.671,0.134,0.71,0.538,0.424,0.634,0.531,0.083,0.193,0.699,0.299,0.258,0.561,0.255,0.479,0.036,0.431,0.276,0.24,0.636,0.104,0.654,0.754,0.43,0.889,0.376,0.126,0.015,0.573,0.768,0.744,0.233,0.795,0.527,0.324,0.874,0.151,0.279,0.423,0.003,0.056,0.925,0.291,0.67,0.172,0.578,0.22,0.579,0.823,0.334,0.652,0.971,0.958,0.074,0.329,0.28,0.316,0.993,0.002,0.746,0.461,0.576,0.457,0.863,0.165,0.038,0.564,0.866,0.761,0.09,0.677,0.854,0.295,0.797,0.285,0.548,0.587,0.152,0.012,0.377,0.518,0.245,0.026,0.346,0.309,0.072,0.527,0.939,0.701,0.995,0.593,0.906,0.078,0.712,0.618,0.483,0.651,0.68,0.698,0.291,0.279,0.937,0.381,0.897,0.034,0.094,0.362,0.858,0.63,0.636,0.562,0.514,0.464,0.598,0.629,0.79,0.541,0.874,0.346,0.973,0.292,0.077,0.568,0.925,0.855,0.09,0.401,0.457,0.316,0.091,0.612,0.336,0.205,0.292,0.468,0.878,0.111,0.967,0.02,0.68,0.737,0.287,0.184,0.785,0.143,0.067,0.951,0.607,0.598,0.835,0.396,0.818,0.61,0.33,0.366,0.482,0.78,0.858,0.863,0.876,0.201,0.583,0.051,0.251,0.559,0.552,0.316,0.317,0.898,0.849,0.166,0.181,0.788,0.791,0.392,0.311,0.917,0.816,0.828,0.275,0.372,0.401,0.465,0.221,0.335,0.456,0.835,0.043,0.642,0.313,0.355,0.109,0.878,0.586,0.466,0.718,0.001,0.577,0.774,0.196,0.959,0.067,0.517,0.698,0.09,0.463,0.418,0.477,0.593,0.562,0.551,0.589,0.401,0.129,0.631,0.441,0.627,0.594,0.086,0.952,0.235,0.623,0.697,0.167,0.079,0.801,0.439,0.595,0.841,0.713,0.163,0.087,0.391,0.404,0.169,0.813,0.758,0.422,0.327,0.633,0.549,0.001,0.642,0.643,0.099,0.691,0.263,0.114,0.357,0.469,0.391,0.867,0.719,0.143,0.35,0.699,0.68,0.104,0.942,0.192,0.217,0.646,0.123,0.862,0.223,0.008,0.303,0.333,0.04,0.549,0.799,0.188,0.07,0.019,0.853,0.574,0.881,0.495,0.324,0.916,0.764,0.804,0.178,0.124,0.85,0.761,0.18,0.348,0.269,0.236,0.536,0.914,0.007,0.349,0.892,0.344,0.594,0.9,0.249,0.895,0.744,0.939,0.475,0.555,0.559,0.428,0.188,0.787,0.65,0.339,0.234,0.825,0.93,0.411,0.65,0.389,0.468,0.927,0.662,0.214,0.567,0.616,0.404,0.76,0.294,0.844,0.736,0.698,0.065,0.344,0.536,0.921,0.137,0.488,0.781,0.722,0.007,0.358,0.924,0.959,0.264,0.862,0.067,0.753,0.832,0.671,0.77,0.37,0.342,0.678,0.52,0.66,0.084,0.881,0.302,0.829,0.104,0.546,0.219,0.265,0.43,0.636,0.982,0.052,0.193,0.396,0.198,0.386,0.445,0.767,0.719,0.87,0.613,0.363,0.748,0.265,0.894,0.862,0.222,0.569,0.008,0.19,0.027,0.655,0.617,0.565,0.028,0.862,0.212,0.336,0.731,0.161,0.505,0.661,0.658,0.627,0.727,0.774,0.65,0.484,0.64,0.762,0.721,0.196,0.034,0.466,0.303,0.873,0.229,0.84,0.232,0.267,0.28,0.647,0.659,0.377,0.063,0.896,0.111,0.175,0.727,0.473,0.858,0.653,0.25,0.439,0.709,0.926,0.328,0.438,0.149,0.24,0.975,0.87,0.987,0.88,0.38,0.464,0.859,0.065,0.382,0.417,0.532,0.555,0.702,0.756,0.771,0.864,0.855,0.723,0.441,0.154,0.397,0.495,0.663,0.018,0.646,0.951,0.402,0.103,0.561,0.855,0.656,0.023,0.582,0.408,0.78,0.364,0.666,0.306,0.677,0.567,0.967,0.596,0.717,0.038,0.137,0.439
2020-02-01 19:55:27,0.006,0.743,0.527,0.617,0.195,0.159,0.35,0.703,0.492,0.554,0.98,0.777,0.922,0.377,0.855,0.736,0.103,0.416,0.878,0.943,0.631,0.793,0.379,0.686,0.782,0.392,0.174,0.572,0.282,0.04,0.79,0.315,0.75,0.446,0.552,0.954,0.709,0.708,0.294,0.852,0.332,0.412,0.174,0.123,0.645,0.136,0.526,0.482,0.541,0.53,0.816,0.126,0.773,0.715,0.3,0.366,0.356,0.228,0.624,0.76,0.02,0.36,0.529,0.81,0.549,0.117,0.095,0.599,0.623,0.446,0.187,0.352,0.369,0.452,0.453,0.37,0.53,0.059,0.971,0.502,0.204,0.039,0.528,0.717,0.426,0.057,0.994,0.662,0.309,0.381,0.379,0.718,0.142,0.938,0.87,0.798,0.035,0.674,0.797,0.539,0.48,0.708,0.723,0.363,0.111,0.687,0.657,0.235,0.512,0.603,0.228,0.657,0.17,0.346,0.805,0.431,0.348,0.41,0.477,0.167,0.983,0.637,0.463,0.889,0.873,0.368,0.428,0.644,0.358,0.512,0.402,0.803,0.171,0.438,0.587,0.039,0.325,0.38,0.956,0.978,0.842,0.801,0.81,0.38,0.859,0.179,0.938,0.113,0.419,0.452,0.051,0.528,0.02,0.596,0.458,0.15,0.885,0.377,0.031,0.108,0.649,0.422,0.7,0.496,0.802,0.685,0.896,0.623,0.717,0.089,0.986,0.342,0.469,0.829,0.463,0.985,0.213,0.232,0.065,0.714,0.554,0.907,0.643,0.561,0.654,0.522,0.828,0.749,0.852,0.459,0.729,0.03,0.587,0.235,0.509,0.993,0.994,0.454,0.934,0.158,0.099,0.485,0.436,0.105,0.313,0.637,0.696,0.602,0.015,0.492,0.744,0.621,0.133,0.029,0.716,0.889,0.768,0.379,0.291,0.309,0.315,0.265,0.451,0.316,0.07,0.294,0.377,0.768,0.483,0.964,0.68,0.116,0.634,0.797,0.258,0.573,0.64,0.854,0.674,0.417,0.098,0.253,0.293,0.397,0.789,0.916,0.19,0.449,0.934,0.163,0.234,0.696,0.576,0.499,0.901,0.318,0.795,0.037,0.143,0.829,0.481,0.155,0.991,0.468,0.815,0.866,0.225,0.727,0.504,0.252,0.865,0.284,0.258,0.647,0.634,0.54,0.137,0.379,0.237,0.528,0.056,0.985,0.032,0.857,0.49,0.614,0.874,0.765,0.428,0.769,0.571,0.049,0.944,0.185,0.361,0.872,0.635,0.163,0.01,0.343,0.085,0.318,0.353,0.364,0.134,0.505,0.785,0.595,0.249,0.261,0.478,0.219,0.671,0.768,0.584,0.18,0.789,0.696,0.12,0.344,0.755,0.487,0.336,0.219,0.521,0.656,0.087,0.122,0.678,0.563,0.352,0.331,0.755,0.378,0.681,0.434,0.403,0.632,0.03,0.612,0.458,0.858,0.5,0.636,0.193,0.656,0.718,0.795,0.831,0.752,0.171,0.289,0.554,0.253,0.216,0.535,0.712,0.739,0.763,0.322,0.305,0.209,0.736,0.359,0.309,0.95,0.655,0.402,0.974,0.555,0.022,0.572,0.763,0.613,0.517,0.186,0.545,0.147,0.075,0.755,0.596,0.067,0.847,0.506,0.956,0.319,0.715,0.545,0.453,0.317,0.532,0.644,0.787,0.334,0.395,0.895,0.609,0.564,0.474,0.091,0.535,0.619,0.235,0.364,0.592,0.108,0.468,0.926,0.178,0.782,0.545,0.998,0.988,0.944,0.52,0.514,0.902,0.729,0.704,0.354,0.424,0.839,0.357,0.766,0.195,0.838,0.645,0.463,0.01,0.101,0.138,0.054,0.38,0.611,0.282,0.234,0.663,0.352,0.725,0.946,0.577,0.912,0.261,0.228,0.674,0.737,0.036,0.245,0.336,0.687,0.665,0.994,0.045,0.629,0.343,0.719,0.118,0.251,0.95,0.557,0.361,0.522,0.384,0.364,0.253,0.807,0.72,0.645,0.6,0.914,0.583,0.24,0.753,0.222,0.038,0.397,0.059,0.772,0.836,0.271,0.764,0.781,0.673,0.343,0.852,0.51,0.793,0.835,0.495,0.717,0.326,0.84,0.149,0.4,0.706,0.91,0.923,0.48,0.341,0.944,0.627,0.567,0.546,0.628,0.692,0.079,0.305,0.377,0.744,0.886,0.261,0.143
2020-02-01 19:55:27,0.311,0.558,0.898,0.309,0.696,0.478,0.949,0.972,0.982,0.765,0.166,0.686,0.266,0.078,0.367,0.105,0.207,0.499,0.328,0.25,0.092,0.411,0.287,0.123,0.124,0.137,0.685,0.082,0.356,0.951,0.341,0.807,0.358,0.239,0.89,0.662,0.592,0.332,0.263,0.311,0.634,0.655,0.671,0.358,0.078,0.57,0.901,0.491,0.159,0.785,0.634,0.717,0.425,0.551,0.629,0.637,0.97,0.676,0.814,0.216,0.863,0.698,0.014,0.875,0.061,0.073,0.27,0.998,0.979,0.541,0.389,0.051,0.308,0.379,0.883,0.768,0.838,0.414,0.105,0.342,0.822,0.94,0.335,0.112,0.646,0.399,0.025,0.909,0.043,0.707,0.78,0.263,0.86,0.124,0.773,0.312,0.095,0.451,0.577,0.01,0.98,0.41,0.92,0.467,0.502,0.293,0.206,0.988,0.417,0.874,0.46,0.632,0.349,0.166,0.689,0.886,0.388,0.069,0.971,0.031,0.91,0.503,0.472,0.105,0.033,0.071,0.908,0.016,0.436,0.315,0.87,0.328,0.54,0.394,0.666,0.76,0.663,0.918,0.846,0.66,0.253,0.598,0.275,0.18,0.567,0.489,0.366,0.402,0.318,0.867,0.321,0.022,0.169,0.55,0.836,0.393,0.615,0.377,0.47,0.293,0.704,0.32,0.213,0.582,0.634,0.932,0.604,0.871,0.593,0.455,0.524,0.087,0.556,0.934,0.18,0.227,0.219,0.9,0.243,0.379,0.477,0.814,0.059,0.116,0.702,0.023,0.451,0.872,0.022,0.879,0.031,0.98,0.057,0.646,0.073,0.434,0.923,0.469,0.969,0.851,0.67,0.05,0.733,0.97,0.078,0.624,0.405,0.078,0.659,0.857,0.364,0.399,0.128,0.71,0.122,0.493,0.299,0.788,0.58,0.519,0.427,0.66,0.24,0.486,0.596,0.814,0.739,0.524,0.767,0.138,0.422,0.234,0.672,0.401,0.66,0.895,0.2,0.536,0.147,0.088,0.943,0.594,0.755,0.201,0.876,0.777,0.3,0.036,0.783,0.221,0.068,0.332,0.257,0.694,0.388,0.646,0.819,0.662,0.106,0.775,0.911,0.931,0.392,0.342,0.648,0.87,0.168,0.265,0.967,0.099,0.494,0.18,0.228,0.494,0.664,0.789,0.077,0.347,0.128,0.1,0.456,0.248,0.385,0.338,0.131,0.237,0.88,0.42,0.715,0.624,0.359,0.23,0.531,0.624,0.076,0.812,0.341,0.5,1.0,0.266,0.562,0.184,0.504,0.772,0.79,0.082,0.257,0.622,0.89,0.801,0.445,0.746,0.962,0.967,0.317,0.54,0.632,0.085,0.422,0.479,0.152,0.218,0.675,0.639,0.442,0.894,0.086,0.98,0.634,0.931,0.75,0.872,0.606,0.911,0.739,0.581,0.228,0.674,0.185,0.636,0.256,0.707,0.296,0.268,0.17,0.897,0.147,0.675,1.0,0.006,0.414,0.423,0.189,0.147,0.193,0.84,0.841,0.88,0.046,0.144,0.281,0.126,0.013,0.034,0.348,0.039,0.764,0.029,0.512,0.951,0.393,0.014,0.919,0.3,0.305,0.442,0.817,0.134,0.199,0.593,0.133,0.24,0.596,0.245,0.825,0.723,0.785,0.813,0.703,0.148,0.223,0.269,0.745,0.585,0.118,0.408,0.808,0.285,0.18,0.55,0.643,0.981,0.465,0.482,0.458,0.78,0.801,0.949,0.357,0.841,0.335,0.013,0.042,0.755,0.063,0.666,0.948,0.715,0.064,0.982,0.691,0.593,0.104,0.215,0.863,0.578,0.264,0.612,0.372,0.938,0.807,0.004,0.243,0.922,0.017,0.685,0.989,0.978,0.172,0.974,0.682,0.649,0.887,0.527,0.675,0.903,0.621,0.42,0.368,0.728,0.843,0.585,0.707,0.807,0.363,0.905,0.908,0.402,0.755,0.822,0.965,0.801,0.537,0.646,0.459,0.659,0.07,0.148,0.757,0.921,0.867,0.155,0.188,0.819,0.753,0.491,0.664,0.568,0.488,0.9,0.091,0.416,0.433,0.752,0.526,0.666,0.37,0.085,0.216,0.666,0.524,0.85,0.319,0.587,0.651,0.864,0.313,0.711,0.109,0.659,0.885,0.091,0.756,0.384,0.998,0.855,0.68,0.394,0.084,0.009,0.405,0.122
2020-02-01 19:55:27,0.946,0.969,0.849,0.46,0.823,0.593,0.253,0.129,0.891,0.272,0.739,0.006,0.915,0.984,0.267,0.824,0.728,0.511,0.475,0.527,0.077,0.923,0.417,0.249,0.443,0.118,0.461,0.252,0.064,0.422,0.299,0.765,0.174,0.433,0.511,0.613,0.595,0.959,0.935,0.377,0.75,0.086,0.677,0.174,0.565,0.12,0.156,0.642,0.939,0.357,0.356,0.603,0.957,0.615,0.957,0.257,0.255,0.508,0.54,0.485,0.873,0.361,0.986,0.541,0.53,0.499,0.368,0.691,0.714,0.999,0.689,0.833,0.55,0.553,0.689,0.946,0.675,0.608,0.851,0.525,0.05,0.879,0.684,0.383,0.525,0.912,0.079,0.758,0.225,0.048,0.885,0.177,0.057,0.38,0.289,0.103,0.771,0.368,0.039,0.281,0.727,0.557,0.214,0.773,0.846,0.399,0.785,0.967,0.816,0.17,0.659,0.196,0.18,0.474,0.286,0.342,0.457,0.951,0.285,0.632,0.713,0.645,0.652,0.933,0.775,0.865,0.864,0.836,0.486,0.044,0.552,0.258,0.74,0.841,0.991,0.36,0.654,0.942,0.469,0.599,0.235,0.666,0.332,0.965,0.549,0.803,0.768,0.797,0.573,0.151,0.688,0.358,0.599,0.959,0.306,0.956,0.948,0.207,0.463,0.668,0.475,0.861,0.269,0.121,0.593,0.325,0.223,0.729,0.767,0.527,0.3,0.612,0.759,0.408,0.189,0.666,0.615,0.428,0.698,0.898,0.349,0.353,0.995,0.107,0.829,0.727,0.451,0.939,0.969,0.129,0.974,0.725,0.24,0.599,0.915,0.643,0.441,0.661,0.885,0.459,0.521,0.24,0.379,0.098,0.534,0.913,0.994,0.617,0.645,0.053,0.444,0.387,0.513,0.238,0.405,0.505,0.831,0.739,0.238,0.879,0.863,0.942,0.454,0.445,0.386,0.374,0.982,0.194,0.221,0.457,0.538,0.158,0.567,0.921,0.776,0.449,0.077,0.929,0.521,0.22,0.899,0.802,0.012,0.493,0.429,0.919,0.075,0.926,0.312,0.869,0.429,0.768,0.027,0.531,0.213,0.291,0.392,0.304,0.578,0.212,0.447,0.855,0.632,0.255,0.203,0.789,0.718,0.052,0.123,0.34,0.523,0.297,0.211,0.658,0.075,0.193,0.642,0.095,0.898,0.814,0.289,0.657,0.66,0.147,0.341,0.464,0.808,0.719,0.192,0.683,0.031,0.202,0.166,0.048,0.46,0.862,0.919,0.712,0.126,0.237,0.078,0.527,0.75,0.153,0.403,0.133,0.351,0.074,0.742,0.671,0.495,0.344,0.272,0.901,0.389,0.513,0.197,0.296,0.423,0.315,0.284,0.889,0.328,0.391,0.1,0.608,0.437,0.222,0.135,0.252,0.031,0.275,0.119,0.245,0.972,0.318,0.652,0.316,0.166,0.606,0.621,0.222,0.817,0.476,0.025,0.275,0.772,0.091,0.551,0.612,0.677,0.684,0.659,0.696,0.89,0.133,0.508,0.482,0.619,0.092,0.896,0.927,0.878,0.134,0.958,0.687,0.694,0.438,0.592,0.422,0.298,0.345,0.501,0.254,0.261,0.152,0.588,0.126,0.098,0.213,1.0,0.585,0.901,0.985,0.989,0.397,0.396,0.815,0.528,0.671,0.607,0.454,0.958,0.952,0.27,0.569,0.432,0.648,0.746,0.362,0.89,0.503,0.412,0.482,0.834,0.996,0.376,0.728,0.738,0.217,0.056,0.366,0.074,0.789,0.273,0.162,0.298,0.492,0.562,0.177,0.407,0.687,0.061,0.896,0.08,0.943,0.448,0.674,0.912,0.837,0.136,0.166,0.48,0.026,0.465,0.406,0.134,0.412,0.208,0.059,0.199,0.99,0.242,0.882,0.882,0.845,0.639,0.539,0.637,0.22,0.681,0.881,0.935,0.056,0.167,0.425,0.333,0.972,0.49,0.962,0.804,0.268,0.504,0.286,0.511,0.044,0.793,0.953,0.811,0.785,0.253,0.386,0.08,0.388,0.787,0.372,0.77,0.798,0.134,0.192,0.053,0.081,0.738,0.53,0.564,0.335,0.935,0.18,0.459,0.976,0.172,0.98,0.555,0.51,0.827,0.256,0.122,0.581,0.406,0.957,0.355,0.924,0.849,0.479,0.58,0.427,0.277,0.629,0.103,0.199,0.478,0.963
2020-02-01 19:55:27,0.378,0.292,0.792,0.43,0.144,0.483,0.379,0.9,0.055,0.523,0.749,0.955,0.801,0.781,0.85,0.848,0.88,0.704,0.361,0.532,0.033,0.087,0.18,0.655,0.406,0.267,0.317,0.976,0.072,0.781,0.172,0.31,0.873,0.804,0.192,0.544,0.165,0.461,0.647,0.888,0.879,0.883,0.849,0.055,0.293,0.74,0.675,0.99,0.269,0.259,0.227,0.545,0.454,0.848,0.586,0.486,0.277,0.774,0.654,0.12,0.922,0.514,0.789,0.693,0.957,0.315,0.536,0.597,0.535,0.991,0.595,0.393,0.564,0.406,0.398,0.33,0.499,0.756,0.348,0.257,0.723,0.503,0.976,0.403,0.689,0.403,0.3,0.817,0.949,0.172,0.852,0.97,0.416,0.238,0.757,0.758,0.918,0.525,0.384,0.055,0.74,0.587,0.145,0.566,0.792,0.471,0.282,0.458,0.421,0.375,0.184,0.153,0.075,0.896,0.385,0.187,0.429,0.157,0.739,0.286,0.418,0.233,0.589,0.857,0.353,0.965,0.906,0.54,0.012,0.15,0.021,0.814,0.321,0.567,0.535,0.022,0.32,0.954,0.359,0.191,0.167,0.137,0.034,0.218,0.76,0.522,0.467,0.334,0.913,0.015,0.268,0.799,0.94,0.995,0.827,0.821,0.919,0.512,0.217,0.903,0.098,0.205,0.806,0.262,0.134,0.443,0.173,0.353,0.513,0.503,0.39,0.182,0.863,0.377,0.599,0.437,0.439,0.782,0.852,0.041,0.737,0.888,0.679,0.943,0.687,0.887,0.288,0.343,0.059,0.199,0.63,0.131,0.946,0.054,0.482,0.08,0.037,0.602,0.549,0.466,0.812,0.476,0.823,0.147,0.682,0.557,0.781,0.107,0.672,0.331,0.768,0.325,0.176,0.081,0.37,0.23,0.741,0.273,0.769,0.041,0.66,0.665,0.038,0.583,0.794,0.736,0.066,0.926,0.986,0.478,0.997,0.689,0.446,0.446,0.371,0.308,0.946,0.732,0.803,0.482,0.645,0.86,0.026,0.47,0.685,0.77,0.17,0.681,0.52,0.82,0.287,0.088,0.949,0.605,0.638,0.612,0.016,0.416,0.849,0.247,0.235,0.85,0.871,0.787,0.728,0.513,0.971,0.248,0.289,0.615,0.504,0.603,0.863,0.388,0.615,0.264,0.136,0.986,0.737,0.528,0.697,0.177,0.256,0.517,0.721,0.74,0.497,0.432,0.576,0.362,0.879,0.193,0.203,0.284,0.676,0.958,0.911,0.193,0.351,0.747,0.472,0.252,0.089,0.117,0.363,0.355,0.838,0.781,0.979,0.724,0.8,0.78,0.196,0.399,0.766,0.334,0.01,0.935,0.019,0.709,0.461,0.235,0.465,0.375,0.485,0.515,0.813,0.614,0.31,0.221,0.549,0.353,0.147,0.936,0.959,0.466,0.585,0.142,0.2,0.799,0.161,0.188,0.697,0.905,0.69,0.746,0.123,0.36,0.914,0.694,0.551,0.61,0.915,0.306,0.185,0.935,0.656,0.16,0.549,0.188,0.866,0.29,0.25,0.768,0.882,0.305,0.382,0.031,0.789,0.28,0.426,0.879,0.77,0.2,0.487,0.434,0.116,0.554,0.304,0.317,0.602,0.26,0.938,0.372,0.856,0.385,0.109,0.786,0.777,0.644,0.365,0.638,0.492,0.468,0.386,0.578,0.092,0.872,0.131,0.529,0.893,0.878,0.942,0.366,0.392,0.811,0.117,0.526,0.027,0.71,0.588,0.445,0.932,0.523,0.066,0.255,0.433,0.368,0.811,0.658,0.463,0.128,0.647,0.87,0.743,0.26,0.28,0.778,0.724,0.37,0.204,0.333,0.388,0.973,0.394,0.472,0.766,0.758,0.392,0.75,0.103,0.822,0.521,0.937,0.255,0.049,0.195,0.06,0.65,0.52,0.61,0.277,0.833,0.385,0.035,0.61,0.274,0.722,0.635,0.521,0.758,0.125,0.756,0.135,0.296,0.793,0.039,0.839,0.872,0.239,0.546,0.684,0.319,0.038,0.496,0.82,0.725,0.354,0.015,0.057,0.505,0.262,0.519,0.615,0.873,0.563,0.513,0.667,0.085,0.239,0.006,0.277,0.639,0.77,0.77,0.599,0.477,0.135,0.652,0.754,0.969,0.367,0.909,0.561,0.314,0.529,0.049,0.506,0.274,0.393,0.598,0.915
2020-02-01 19:55:27,0.35,0.466,0.136,0.925,0.979,0.502,0.841,0.595,0.651,0.78,0.744,0.219,0.756,0.696,0.565,0.195,0.949,0.112,0.426,0.182,0.461,0.658,0.12,0.154,0.513,0.35,0.299,0.117,0.619,0.56,0.999,0.845,0.417,0.114,0.256,0.591,0.324,0.491,0.282,0.324,0.294,0.022,0.315,0.459,0.627,0.938,0.586,0.859,0.004,0.256,0.831,0.942,0.896,0.899,0.01,0.897,0.647,0.826,0.909,0.824,0.071,0.812,0.866,0.203,0.887,0.196,0.432,0.012,0.09,0.892,0.467,0.616,0.104,0.014,0.968,0.643,0.77,0.266,0.418,0.521,0.492,0.023,0.217,0.6,0.56,0.505,0.808,0.136,0.719,0.623,0.941,0.575,0.62,0.123,0.643,0.093,0.284,0.404,0.282,0.317,0.183,0.579,0.523,0.901,0.154,0.724,0.413,0.496,0.639,0.013,0.422,0.568,0.444,0.132,0.93,0.045,0.971,0.44,0.068,0.9,0.753,0.351,0.092,0.767,0.223,0.698,0.949,0.238,0.962,0.01,0.58,0.499,0.178,0.057,0.762,0.913,0.682,0.971,0.065,0.363,0.174,0.183,0.523,0.101,0.551,0.113,0.303,0.893,0.196,0.463,0.82,0.05,0.229,0.757,0.279,0.96,0.786,0.825,0.451,0.284,0.505,0.757,0.823,0.115,0.389,0.176,0.743,0.611,0.957,0.258,0.796,0.556,0.679,0.302,0.775,0.647,0.784,0.987,0.314,0.507,0.071,0.134,0.071,0.358,0.628,0.271,0.757,0.29,0.589,0.931,0.156,0.721,0.01,0.753,0.983,0.467,0.236,0.536,0.191,0.144,0.933,0.687,0.018,0.574,0.972,0.021,0.045,1.0,0.437,0.718,0.373,0.904,0.849,0.634,0.262,0.298,0.745,0.358,0.117,0.496,0.524,0.967,0.178,0.897,0.276,0.203,0.414,0.651,0.55,0.942,0.814,0.314,0.396,0.485,0.014,0.271,0.975,0.186,0.363,0.865,0.328,0.408,0.629,0.311,0.575,0.091,0.689,0.208,0.426,0.161,0.804,0.523,0.694,0.056,0.433,0.326,0.815,0.876,0.015,0.436,0.99,0.633,0.367,0.308,0.375,0.396,0.051,0.999,0.134,0.471,0.089,0.62,0.699,0.148,0.727,0.213,0.691,0.188,0.548,0.04,0.618,0.094,0.403,0.965,0.965,0.529,0.812,0.484,0.418,0.968,0.769,0.287,0.022,0.718,0.112,0.694,0.673,0.848,0.029,0.494,0.491,0.084,0.216,0.119,0.654,0.061,0.175,0.746,0.82,0.532,0.029,0.126,0.972,0.974,0.267,0.643,0.63,0.658,0.929,0.126,0.55,0.553,0.649,0.222,0.307,0.842,0.931,0.595,0.829,0.215,0.813,0.532,0.779,0.514,0.693,0.208,0.575,0.997,0.875,0.067,0.496,0.796,0.675,0.918,0.433,0.483,0.421,0.363,0.866,0.258,0.068,0.317,0.592,0.302,0.342,0.186,0.291,0.064,0.578,0.947,0.956,0.131,0.512,0.64,0.644,0.494,0.444,0.291,0.87,0.845,0.176,0.409,0.083,0.136,0.537,0.441,0.947,0.313,0.518,0.603,0.304,0.009,0.394,0.954,0.383,0.505,0.939,0.826,0.093,0.893,0.096,0.132,0.085,0.077,0.046,0.002,0.94,0.551,0.142,0.163,0.384,0.227,0.976,0.118,0.252,0.224,0.222,0.017,0.271,0.721,0.964,0.971,0.512,0.165,0.622,0.199,0.916,0.458,0.673,0.017,0.113,0.257,0.338,0.051,0.781,0.406,0.218,0.516,0.12,0.142,0.24,0.653,0.711,0.187,0.039,0.738,0.758,0.434,0.103,0.928,0.246,0.175,0.642,0.423,0.731,0.703,0.749,0.925,0.188,0.103,0.781,0.643,0.237,0.234,0.882,0.492,0.911,0.77,0.863,0.428,0.689,0.232,0.704,0.048,0.396,0.569,0.423,0.053,0.649,0.893,0.138,0.748,0.024,0.329,0.571,0.308,0.894,0.607,0.143,0.417,0.808,0.35,0.51,0.105,0.549,0.233,0.598,0.822,0.212,0.254,0.095,0.317,0.896,0.676,0.234,0.663,0.049,0.719,0.528,0.208,0.348,0.438,0.154,0.981,0.278,0.91,0.698,0.115,0.586,0.09,0.042,0.882
2020-02-01 19:55:27,0.064,0.1,0.912,0.254,0.703,0.802,0.897,0.081,0.718,0.283,0.682,0.646,0.77,0.053,0.969,0.698,0.758,0.615,0.049,0.701,0.991,0.784,0.221,0.995,0.436,0.474,0.202,0.546,0.084,0.975,0.718,0.066,0.608,0.7,0.899,0.004,0.441,0.261,0.447,0.304,0.578,0.44,0.718,0.222,0.035,0.577,0.929,0.489,0.131,0.294,0.929,0.16,0.709,0.885,0.609,0.865,0.073,0.912,0.938,0.54,0.157,0.469,0.957,0.639,0.818,0.62,0.913,0.905,0.255,0.366,0.32,0.54,0.005,0.557,0.989,0.971,0.672,0.969,0.704,0.023,0.638,0.137,0.086,0.202,0.758,0.385,0.582,0.082,0.556,0.72,0.815,0.719,0.315,0.604,0.198,0.856,0.708,0.7,0.0,0.434,0.207,0.106,0.246,0.993,0.701,0.642,0.63,0.016,0.419,0.093,0.82,0.47,0.045,0.76,0.748,0.067,0.629,0.168,0.261,0.068,0.412,0.49,0.866,0.781,0.729,0.302,0.375,0.801,0.234,0.536,0.076,0.792,0.27,0.703,0.876,0.988,0.576,0.425,0.563,0.295,0.356,0.871,0.652,0.844,0.316,0.853,0.119,0.691,0.717,0.872,0.004,0.8,0.977,0.276,0.598,0.975,0.809,0.1,0.305,0.893,0.312,0.418,0.513,0.398,0.566,0.762,0.025,0.253,0.825,0.291,0.015,0.479,0.084,0.846,0.732,0.016,0.689,0.621,0.869,0.336,0.734,0.103,0.785,0.403,0.577,0.548,0.974,0.908,0.682,0.737,0.641,0.505,0.206,0.408,0.489,0.255,0.906,0.876,0.396,0.915,0.894,0.36,0.306,0.464,0.809,0.178,0.864,0.006,0.191,0.773,0.043,0.643,0.56,0.788,0.106,0.628,0.081,0.589,0.047,0.791,0.862,0.697,0.628,0.546,0.284,0.635,0.176,0.526,0.929,0.9,0.944,0.455,0.495,0.65,0.726,0.908,0.8,0.811,0.209,0.665,0.308,0.819,0.262,0.058,0.534,0.596,0.764,0.203,0.581,0.622,0.18,0.347,0.632,0.254,0.729,0.676,0.166,0.777,0.036,0.716,0.643,0.653,0.047,0.361,0.622,0.926,0.2,0.707,0.178,0.537,0.185,0.32,0.717,0.368,0.639,0.131,0.217,0.928,0.156,0.429,0.197,0.299,0.81,0.192,0.282,0.426,0.922,0.948,0.099,0.921,0.431,0.184,0.645,0.393,0.451,0.316,0.32,0.746,0.341,0.409,0.6,0.167,0.227,0.814,0.702,0.481,0.307,0.773,0.178,0.066,0.69,0.306,0.272,0.126,0.713,0.078,0.397,0.359,0.06,0.563,0.691,0.239,0.454,0.593,0.907,0.597,0.084,0.161,0.888,0.174,0.46,0.203,0.968,0.975,0.436,0.721,0.695,0.475,0.228,0.743,0.556,0.54,0.751,0.632,0.771,0.844,0.744,0.119,0.831,0.905,0.754,0.722,0.053,0.557,0.657,0.985,0.022,0.808,0.222,0.767,0.251,0.112,0.533,0.799,0.849,0.695,0.817,0.191,0.58,0.616,0.679,0.489,0.817,0.115,0.155,0.246,0.582,0.184,0.697,0.759,0.234,0.166,0.325,0.262,0.303,0.994,0.218,0.726,0.583,0.781,0.267,0.067,0.619,0.281,0.906,0.272,0.155,0.441,0.072,0.267,0.374,0.469,0.023,0.568,0.816,0.826,0.882,0.552,0.435,0.668,0.364,0.835,0.977,0.49,0.874,0.764,0.699,0.674,0.784,0.21,0.992,0.737,0.364,0.071,0.833,0.986,0.613,0.623,0.115,0.645,0.295,0.472,0.98,0.826,0.911,0.615,0.448,0.252,0.627,0.871,0.882,0.978,0.045,0.904,0.451,0.758,0.91,0.613,0.516,0.862,0.775,0.096,0.363,0.407,0.216,0.951,0.847,0.541,0.271,0.141,0.06,0.323,0.539,0.537,0.308,0.554,0.438,0.846,0.836,0.49,0.008,0.509,0.858,0.756,0.087,0.87,0.224,0.535,0.548,0.588,0.851,0.668,0.556,0.739,0.687,0.192,0.107,0.919,0.391,0.279,0.802,0.527,0.83,0.391,0.241,0.67,0.884,0.573,0.221,0.504,0.815,0.241,0.674,0.453,0.337,0.807,0.892,0.354,0.018,0.182,0.649,0.943
2020-02-01 19:55:27,0.611,0.322,0.083,0.502,0.606,0.847,0.729,0.784,0.536,0.688,0.263,0.883,0.359,0.995,0.3,0.215,0.918,0.888,0.659,0.87,0.659,0.777,0.798,0.982,0.5,0.307,0.034,0.841,0.878,0.014,0.796,0.386,0.022,0.459,0.191,0.61,0.934,0.339,0.331,0.256,0.462,0.894,0.651,0.661,0.982,0.88,0.955,0.584,0.243,0.809,0.653,0.263,0.371,0.517,0.047,0.678,0.52,0.458,0.072,0.214,0.678,0.277,0.206,0.018,0.075,0.356,0.519,0.494,0.089,0.046,0.61,0.499,0.275,0.854,0.438,0.899,0.67,0.18,0.297,0.281,0.983,0.737,0.298,0.85,0.131,0.176,0.867,0.376,0.368,0.59,0.814,0.01,0.903,0.349,0.392,0.919,0.109,0.683,0.502,0.781,0.648,0.174,0.708,0.853,0.294,0.878,0.285,0.141,0.955,0.855,0.479,0.956,0.152,0.101,0.998,0.59,0.258,0.193,0.896,0.545,0.169,0.385,0.052,0.428,0.879,0.317,0.482,0.924,0.562,0.064,0.962,0.236,0.23,0.448,0.782,0.159,0.006,0.521,0.468,0.539,0.827,0.57,0.612,0.333,0.84,0.538,0.753,0.391,0.778,0.446,0.134,0.333,0.59,0.293,0.338,0.247,0.282,0.044,0.482,0.391,0.863,0.246,0.335,0.138,0.217,0.492,0.131,0.654,0.107,0.714,0.936,0.39,0.232,0.095,0.502,0.23,0.988,0.921,0.106,0.511,0.831,0.625,0.026,0.825,0.276,0.068,0.617,0.119,0.744,0.908,0.035,0.333,0.128,0.285,0.538,0.641,0.06,0.344,0.52,0.077,0.955,0.3,0.013,0.93,0.438,0.253,0.234,0.122,0.803,0.101,0.767,0.872,0.583,0.717,0.733,0.06,0.364,0.008,0.912,0.974,0.54,0.072,0.605,0.163,0.11,0.494,0.176,0.67,0.0,0.369,0.121,0.427,0.777,0.723,0.499,0.744,0.68,0.747,0.739,0.509,0.939,0.166,0.475,0.241,0.393,0.495,0.128,0.384,0.289,0.07,0.912,0.14,0.745,0.155,0.036,0.018,0.51,0.232,0.055,0.579,0.089,0.206,0.187,0.461,0.005,0.705,0.13,0.773,0.275,0.345,0.651,0.632,0.688,0.808,0.643,0.36,0.062,0.108,0.084,0.964,0.469,0.549,0.23,0.504,0.133,0.239,0.7,0.902,0.638,0.331,0.459,0.455,0.84,0.067,0.707,0.043,0.187,0.154,0.109,0.624,0.075,0.812,0.153,0.468,0.439,0.324,0.228,0.977,0.038,0.843,0.884,0.288,0.949,0.988,0.156,0.252,0.36,0.745,0.35,0.417,0.336,0.356,0.067,0.887,0.201,0.702,0.239,0.832,0.564,0.433,0.86,0.642,0.089,0.09,0.863,0.103,0.185,0.663,0.739,0.961,0.108,0.424,0.107,0.574,0.642,0.882,0.01,0.173,0.63,0.633,0.871,0.315,0.106,0.772,0.11,0.261,0.273,0.527,0.185,0.028,0.952,0.636,0.9,0.732,0.111,0.206,0.017,0.594,0.276,0.742,0.215,0.439,0.285,0.786,0.78,0.076,0.213,0.732,0.815,0.254,0.893,0.211,0.47,0.643,0.755,0.885,0.832,0.889,0.994,0.292,0.076,0.179,0.662,0.365,0.898,0.362,0.57,0.062,0.686,0.235,0.57,0.84,0.802,0.501,0.477,0.754,0.98,0.968,0.26,0.381,0.902,0.7,0.99,0.307,0.219,0.014,0.543,0.007,0.509,0.826,0.822,0.742,0.724,0.213,0.773,0.247,0.516,0.425,0.55,0.842,0.734,0.042,0.63,0.684,0.974,0.444,0.404,0.622,0.235,0.006,0.798,0.725,0.011,0.784,0.616,0.933,0.466,0.341,0.935,0.814,0.689,0.42,0.879,0.151,0.392,0.594,0.636,0.933,0.793,0.175,0.772,0.418,0.092,0.967,0.85,0.781,0.922,0.134,0.007,0.555,0.789,0.289,0.896,0.073,0.925,0.802,0.375,0.991,0.027,0.939,0.904,0.737,0.79,0.266,0.556,0.862,0.243,0.078,0.327,0.595,0.459,0.931,0.946,0.16,0.788,0.103,0.665,0.943,0.156,0.755,0.904,0.105,0.064,0.202,0.297,0.463,0.419,0.238,0.328,0.525,0.054,0.633
2020-02-01 19:55:27,0.644,0.114,0.489,0.009,0.68,0.929,0.103,0.833,0.254,0.654,0.825,0.621,0.004,0.224,0.392,0.059,0.243,0.889,0.866,0.134,0.033,0.554,0.291,0.673,0.617,0.324,0.807,0.435,0.859,0.449,0.899,0.038,0.346,0.641,0.968,0.608,0.594,0.95,0.068,0.949,0.682,0.77,0.592,0.767,0.303,0.243,0.694,0.272,0.213,0.747,0.459,0.037,0.71,0.031,0.944,0.002,0.489,0.066,0.706,0.122,0.165,0.286,0.172,0.697,0.358,0.073,0.93,0.038,0.808,0.543,0.773,0.196,0.539,0.899,0.927,0.669,0.516,0.423,0.244,0.242,0.964,0.402,0.581,0.631,0.593,0.448,0.084,0.024,0.052,0.22,0.435,0.755,0.185,0.21,0.585,0.784,0.462,0.16,0.341,0.924,0.861,0.432,0.082,0.737,0.874,0.158,0.015,0.911,0.064,0.177,0.97,0.668,0.8,0.161,0.792,0.085,0.58,0.4,0.914,0.481,0.053,0.399,0.125,0.408,0.296,0.776,0.777,0.389,0.163,0.202,0.265,0.582,0.643,0.054,0.429,0.973,0.624,0.006,0.523,0.589,0.706,0.543,0.58,0.023,0.366,0.455,0.088,0.553,0.72,0.742,0.761,0.602,0.575,0.224,0.278,0.136,0.216,0.559,0.588,0.36,0.4,0.487,0.554,0.762,0.08,0.589,0.201,0.294,0.443,0.786,0.605,0.805,0.088,0.819,0.615,0.953,0.96,0.746,0.201,0.514,0.899,0.688,0.984,0.587,0.072,0.131,0.189,0.257,0.243,0.131,0.33,0.411,0.819,0.089,0.128,0.359,0.666,0.707,0.762,0.916,0.773,0.717,0.007,0.867,0.36,0.091,0.672,0.529,0.854,0.783,0.784,0.25,0.451,0.38,0.661,0.939,0.697,0.373,0.767,0.557,0.624,0.878,0.389,0.573,0.292,0.193,0.56,0.885,0.633,0.215,0.42,0.54,0.665,0.942,0.356,0.532,0.242,0.198,0.202,0.912,0.415,0.985,0.689,0.691,0.058,0.639,0.285,0.707,0.485,0.825,0.211,0.229,0.277,0.634,0.847,0.927,0.246,0.989,0.474,0.646,0.834,0.464,0.167,0.902,0.428,0.769,0.267,0.415,0.324,0.728,0.797,0.405,0.156,0.148,0.452,0.245,0.172,0.057,0.805,0.93,0.773,0.976,0.769,0.023,0.817,0.81,0.717,0.006,0.906,0.289,0.537,0.32,0.111,0.261,0.431,0.964,0.499,0.327,0.641,0.569,0.619,0.944,0.675,0.076,0.41,0.46,0.553,0.359,0.784,0.627,0.843,0.554,0.764,0.761,0.336,0.338,0.293,0.712,0.574,0.175,0.826,0.883,0.636,0.275,0.147,0.135,0.433,0.308,0.871,0.811,0.934,0.618,0.032,0.831,0.47,0.211,0.365,0.461,0.251,0.134,0.842,0.934,0.613,0.761,0.149,0.9,0.51,0.24,0.431,0.415,0.455,0.757,0.81,0.227,0.99,0.72,0.757,0.992,0.495,0.035,0.143,0.746,0.096,0.85,0.134,0.987,0.245,0.659,0.457,0.91,0.828,0.219,0.655,0.004,0.809,0.521,0.632,0.878,0.917,0.914,0.189,0.739,0.571,0.531,0.032,0.598,0.256,0.722,0.348,0.474,0.729,0.759,0.401,0.144,0.421,0.369,0.286,0.818,0.096,0.664,0.931,0.494,0.908,0.761,0.929,0.091,0.859,0.358,0.537,0.358,0.129,0.542,0.807,0.748,0.295,0.695,0.901,0.711,0.772,0.099,0.291,0.685,0.422,0.292,0.225,0.087,0.278,0.724,0.019,0.671,0.3,0.78,0.86,0.407,0.42,0.613,0.486,0.92,0.88,0.253,0.122,0.978,0.484,0.94,0.15,0.186,0.102,0.624,0.967,0.356,0.969,0.303,0.036,0.077,0.29,0.291,0.564,0.965,0.156,0.996,0.887,0.005,0.642,0.505,0.374,0.044,0.593,0.392,0.673,0.427,0.029,0.101,0.642,0.526,0.992,0.953,0.063,0.186,0.67,0.776,0.502,0.228,0.665,0.559,0.885,0.529,0.82,0.293,0.337,0.763,0.961,0.234,0.109,0.106,0.339,0.024,0.796,0.897,0.533,0.321,0.794,0.45,0.215,0.83,0.889,0.184,0.58,0.061,0.48,0.716,0.008,0.444
2020-02-01 19:55:27,0.307,0.611,0.079,0.691,0.9,0.896,0.098,0.055,0.497,0.733,0.066,0.966,0.347,0.043,0.008,0.932,0.266,0.54,0.43,0.899,0.703,0.831,0.584,0.494,0.141,0.449,0.868,0.124,0.734,0.845,0.742,0.294,0.286,0.836,0.034,0.451,0.781,0.051,0.823,0.23,0.072,0.052,0.905,0.207,0.845,0.84,0.849,0.051,0.974,0.061,0.377,0.933,0.192,0.853,0.475,0.502,0.873,0.125,0.466,0.521,0.768,0.435,0.746,0.968,0.891,0.959,0.963,0.998,0.478,0.275,0.357,0.813,0.094,0.614,0.82,0.632,0.457,0.848,0.676,0.499,0.305,0.19,0.288,0.888,0.105,0.985,0.789,0.244,0.354,0.692,0.564,0.592,0.094,0.011,0.797,0.706,0.774,0.733,0.549,0.999,0.228,0.443,0.427,0.477,0.712,0.961,0.834,0.757,0.675,0.02,0.53,0.985,0.625,0.689,0.138,0.466,0.004,0.286,0.6,0.387,0.292,0.676,0.865,0.826,0.272,0.269,0.526,0.018,0.376,0.301,0.842,0.557,0.16,0.466,0.485,0.039,0.784,0.217,0.892,0.833,0.578,0.657,0.249,0.512,0.92,0.299,0.455,0.802,0.066,0.696,0.737,0.539,0.574,0.317,0.908,0.425,0.161,0.845,0.543,0.083,0.111,0.546,0.491,0.553,0.146,0.084,0.345,0.433,0.622,0.67,0.383,0.692,0.964,0.212,0.675,0.553,0.316,0.507,0.812,0.946,0.613,0.985,0.87,0.659,0.09,0.141,0.263,0.997,0.486,0.741,0.799,0.662,0.252,0.772,0.599,0.462,0.512,0.62,0.209,0.39,0.028,0.79,0.876,0.197,0.416,0.4,0.05,0.228,0.449,0.062,0.75,0.006,0.708,0.66,0.548,0.657,0.023,0.673,0.883,0.874,0.529,0.394,0.004,0.752,0.611,0.498,0.689,0.269,0.208,0.486,0.139,0.756,0.88,0.977,0.544,0.379,0.55,0.966,0.1,0.068,0.698,0.891,0.376,0.436,0.18,0.601,0.162,0.968,0.893,0.292,0.443,0.282,0.299,0.978,0.37,0.716,0.6,0.289,0.053,0.524,0.837,0.335,0.71,0.903,0.599,0.109,0.978,0.005,0.681,0.96,0.146,0.018,0.989,0.83,0.692,0.428,0.444,0.353,0.296,0.476,0.698,0.318,0.397,0.774,0.421,0.216,0.979,0.155,0.749,0.481,0.874,0.645,0.748,0.519,0.274,0.652,0.018,0.764,0.362,0.367,0.564,0.543,0.998,0.301,0.643,0.739,0.156,0.721,0.798,0.971,0.444,0.294,0.253,0.939,0.749,0.418,0.008,0.29,0.007,0.026,0.551,0.227,0.761,0.804,0.626,0.615,0.052,0.55,0.84,0.142,0.505,0.008,0.021,0.608,0.976,0.817,0.798,0.439,0.052,0.584,0.032,0.241,0.278,0.296,0.386,0.226,0.23,0.836,0.761,0.904,0.155,0.21,0.876,0.287,0.755,0.686,0.475,0.739,0.36,0.808,0.586,0.178,0.481,0.105,0.373,0.12,0.563,0.249,0.277,0.567,0.333,0.382,0.955,0.38,0.75,0.95,0.876,0.289,0.907,0.718,0.13,0.511,0.386,0.166,0.577,0.889,0.271,0.389,0.901,0.304,0.18,0.492,0.473,0.806,0.174,0.204,0.118,0.445,0.683,0.969,0.959,0.862,0.14,0.81,0.816,0.588,0.185,0.542,0.858,0.166,0.256,0.352,0.601,0.604,0.47,0.735,0.673,0.83,0.557,0.523,0.332,0.582,0.879,0.207,0.659,0.187,0.373,0.985,0.083,0.049,0.112,0.408,0.583,0.367,0.555,0.04,0.519,0.745,0.009,0.206,0.414,0.09,0.25,0.24,0.475,0.384,0.441,0.999,0.642,0.587,0.971,0.086,0.003,0.507,0.169,0.389,0.568,0.192,0.746,0.269,0.866,0.842,0.686,0.559,0.856,0.597,0.011,0.272,0.85,0.275,0.629,0.541,0.373,0.848,0.885,0.331,0.487,0.56,0.84,0.813,0.828,0.21,0.484,0.883,0.687,0.97,0.034,0.72,0.499,0.641,0.309,0.746,0.652,0.037,0.402,0.428,0.83,0.521,0.172,0.851,0.228,0.746,0.609,0.749,0.36,0.049,0.84,0.243,0.895,0.258,0.083,0.382
