2020-02-01 19:55:27,0.669,0.983,0.838,0.564,0.842,0.269,0.936,0.299,0.4,0.986,0.611,0.512,0.012,0.663,0.32,0.805,0.462,0.696,0.626,0.501,0.29,0.57,0.814,0.407,0.065,0.152,0.054,0.327,0.16,0.899,0.444,0.624,0.874,0.774,0.144,0.166,0.217,0.363,0.334,0.444,0.725,0.331,0.769,0.469,0.702,0.802,0.654,0.591,0.023,0.034,0.585,0.707,0.291,0.019,1.0,0.784,0.151,0.031,0.442,0.363,0.642,0.253,0.386,0.16,0.258,0.045,0.005,0.666,0.483,0.962,0.018,0.033,0.14,0.27,0.532,0.156,0.642,0.682,0.021,0.742,0.323,0.581,0.598,0.49,0.677,0.759,0.009,0.501,0.343,0.115,0.555,0.643,0.572,0.225,0.316,0.462,0.205,0.582,0.256,0.741,0.833,0.563,0.924,0.21,0.602,0.2,0.336,0.663,0.363,0.422,0.953,0.586,0.229,0.16,0.867,0.178,0.4,0.414,0.652,0.953,0.022,0.719,0.303,0.871,0.927,0.675,0.151,0.117,0.683,0.125,0.658,0.427,0.81,0.922,0.622,0.711,0.485,0.1,0.898,0.737,0.803,0.728,0.013,0.1,0.38,0.488,0.112,0.738,0.333,0.582,0.657,0.931,0.463,0.623,0.357,0.7,0.107,0.428,0.693,0.531,0.947,0.256,0.201,0.611,0.631,0.273,0.1,0.607,0.989,0.554,0.336,0.082,0.829,0.636,0.959,0.562,0.522,0.909,0.929,0.59,0.157,0.767,0.659,0.24,0.99,0.353,0.596,0.843,0.145,0.402,0.595,0.766,0.391,0.389,0.123,0.683,0.86,0.412,0.178,0.405,0.495,0.455,0.212,0.261,0.275,0.083,0.133,0.714,0.43,0.587,0.106,0.97,0.358,0.557,0.176,0.148,0.619,0.521,0.567,0.954,0.597,0.814,0.543,0.184,0.895,0.005,0.414,0.279,0.717,0.819,0.231,0.995,0.928,0.307,0.547,0.316,0.023,0.912,0.125,0.517,0.244,0.463,0.303,0.934,0.256,0.908,0.361,0.341,0.337,0.598,0.675,0.732,0.476,0.154,0.211,0.262,0.592,0.54,0.197,0.903,0.291,0.251,0.175,0.011,0.918,0.78,0.451,0.777,0.442,0.574,0.416,0.033,0.956,0.634,0.464,0.237,0.508,0.743,0.973,0.782,0.901,0.008,0.748,0.092,0.598,0.766,0.322,0.409,0.7,0.617,0.139,0.422,0.155,0.385,0.121,0.88,0.771,0.667,0.964,0.527,0.164,0.894,0.528,0.914,0.476,0.076,0.792,0.645,0.681,0.032,0.343,0.432,0.871,0.414,0.486,0.387,0.12,0.426,0.728,0.094,0.141,0.276,0.271,0.188,0.951,0.682,0.587,0.324,0.243,0.964,0.297,0.404,0.547,0.984,0.962,0.149,0.939,0.887,0.046,0.199,0.549,0.199,0.522,0.634,0.245,0.714,0.959,0.576,0.142,0.853,0.481,0.894,0.154,0.861,0.302,0.907,0.335,0.757,0.037,0.005,0.663,0.633,0.669,0.732,0.791,0.528,0.925,0.058,0.138,0.785,0.233,0.331,0.696,0.086,0.255,0.168,0.599,0.191,0.979,0.286,0.146,0.452,0.313,0.529,0.74,0.452,0.851,0.268,0.044,0.394,0.382,0.339,0.869,0.522,0.951,0.513,0.124,0.961,0.23,0.334,0.261,0.398,0.988,0.456,0.574,0.687,0.351,0.647,0.774,0.046,0.569,0.063,0.414,0.543,0.885,0.236,0.351,0.194,0.106,0.232,0.701,0.346,0.993,0.482,0.609,0.593,0.121,0.6,0.874,0.824,0.301,0.556,0.217,0.028,0.683,0.931,0.365,0.167,0.463,0.843,0.668,0.877,0.66,0.245,0.865,0.282,0.75,0.785,0.432,0.759,0.154,0.268,0.795,0.904,0.976,0.687,0.378,0.882,0.967,0.981,0.837,0.57,0.719,0.217,0.351,0.277,0.103,0.817,0.787,0.344,0.006,0.683,0.122,0.158,0.571,0.685,0.088,0.1,0.496,0.283,0.083,0.666,0.943,0.909,0.659,0.451,0.205,0.62,0.631,0.796,0.791,0.751,0.839,0.55,0.026,0.374,0.432,0.708,0.272,0.678,0.3,0.571,0.971,0.474,0.905,0.422,0.888,0.682,0.233,0.991,0.879,0.542
2020-02-01 19:55:27,0.209,0.656,0.023,0.279,0.922,0.361,0.228,0.688,0.484,0.642,0.527,0.118,0.371,0.475,0.851,0.064,0.493,0.298,0.854,0.964,0.791,0.051,0.213,0.769,0.26,0.753,0.535,0.316,0.502,0.197,0.932,0.142,0.705,0.746,0.467,0.374,0.275,0.009,0.27,0.474,0.526,0.455,0.366,0.882,0.839,0.772,0.704,0.777,0.114,0.45,0.85,0.51,0.095,0.63,0.778,0.258,0.234,0.905,0.878,0.839,0.617,0.019,0.354,0.368,0.665,0.166,0.993,0.511,0.202,0.058,0.994,0.366,0.94,0.92,0.686,0.085,0.643,0.124,0.668,0.941,0.28,0.613,0.498,0.778,0.56,0.236,0.854,0.037,0.596,0.398,0.441,0.24,0.041,0.27,0.617,0.583,0.524,0.69,0.729,0.189,0.375,0.372,0.573,0.436,0.927,0.011,0.649,0.13,0.502,0.349,0.497,0.598,0.768,0.416,0.91,0.703,0.791,0.374,0.594,0.773,0.969,0.706,0.894,0.041,0.295,0.309,0.017,0.604,0.35,0.013,0.102,0.873,0.573,0.474,0.158,0.874,0.497,0.327,0.723,0.285,0.148,0.112,0.664,0.672,0.831,0.92,0.876,0.999,0.203,0.579,0.798,0.182,0.652,0.399,0.774,0.909,0.565,0.739,0.109,0.712,0.708,0.341,0.277,0.411,0.039,0.366,0.263,0.588,0.532,0.289,0.3,0.159,0.967,0.727,0.425,0.626,0.692,0.576,0.265,0.974,0.295,0.898,0.042,0.773,0.493,0.658,0.553,0.421,0.461,0.999,0.701,0.891,0.603,0.927,0.417,0.664,0.291,0.012,0.843,0.312,0.615,0.053,0.379,0.099,0.14,0.17,0.588,0.726,0.835,0.535,0.12,0.104,0.688,0.097,0.513,0.073,0.437,0.794,0.074,0.675,0.415,0.738,0.129,0.16,0.555,0.196,0.657,0.7,0.005,0.773,0.259,0.476,0.551,0.918,0.647,0.8,0.699,0.741,0.469,0.671,0.229,0.414,0.439,0.668,0.082,0.678,0.607,0.459,0.807,0.849,0.452,0.001,0.325,0.058,0.073,0.19,0.387,0.015,0.305,0.258,0.223,0.648,0.773,0.159,0.438,0.428,0.193,0.09,0.682,0.695,0.46,0.112,0.903,0.173,0.333,0.592,0.442,0.243,0.558,0.891,0.092,0.82,0.45,0.945,0.414,0.374,0.126,0.679,0.943,0.549,0.487,0.981,0.986,0.924,0.128,0.369,0.974,0.006,0.584,0.588,0.207,0.057,0.997,0.81,0.637,0.354,0.622,0.886,0.565,0.734,0.202,0.039,0.008,0.645,0.832,0.909,0.06,0.048,0.082,0.516,0.477,0.919,0.424,0.051,0.771,0.255,0.029,0.634,0.183,0.966,0.113,0.496,0.072,0.18,0.751,0.507,1.0,0.027,0.27,0.295,0.612,0.314,0.771,0.781,0.517,0.681,0.698,0.614,0.208,0.371,0.702,0.9,0.172,0.106,0.187,0.453,0.227,0.505,0.111,0.81,0.762,0.733,0.652,0.971,0.866,0.73,0.868,0.716,0.847,0.1,0.531,0.746,0.539,0.777,0.56,0.605,0.118,0.537,0.187,0.748,0.128,0.963,0.312,0.841,0.03,0.273,0.717,0.105,0.01,0.253,0.476,0.459,0.785,0.886,0.663,0.029,0.704,0.852,0.011,0.119,0.454,0.66,0.13,0.507,0.496,0.858,0.505,0.953,0.894,0.158,0.206,0.992,0.545,0.622,0.027,0.493,0.318,0.081,0.583,0.812,0.014,0.708,0.149,0.546,0.555,0.935,0.376,0.582,0.613,0.253,0.325,0.016,0.019,0.326,0.85,0.44,0.375,0.893,0.711,0.052,0.549,0.249,0.042,0.39,0.326,0.189,0.39,0.628,0.286,0.921,0.073,0.571,0.499,0.175,0.028,0.568,0.32,0.447,0.843,0.561,0.827,0.494,0.886,0.685,0.313,0.844,0.608,0.79,0.378,0.473,0.251,0.682,0.69,0.367,0.98,0.314,0.034,0.975,0.791,0.549,0.131,0.716,0.559,0.372,0.008,0.573,0.28,0.245,0.611,0.384,0.032,0.14,0.046,0.589,0.742,0.511,0.681,0.17,0.783,0.391,0.444,0.678,0.229,0.111,0.614,0.105,0.352,0.29,0.342,0.245,0.792,0.926
2020-02-01 19:55:27,0.92,0.59,0.05,0.547,0.073,0.276,0.338,0.359,0.167,0.899,0.142,0.877,0.043,0.548,0.005,0.018,0.946,0.061,0.54,0.524,0.765,0.769,0.411,0.925,0.342,0.007,0.701,0.982,0.223,0.26,0.061,0.028,0.861,0.945,0.49,0.128,0.576,0.471,0.224,0.021,0.188,0.575,0.379,0.92,0.684,0.654,0.734,0.872,0.412,0.859,0.959,0.85,0.35,0.64,0.807,0.533,0.398,0.346,0.714,0.895,0.674,0.302,0.341,0.861,0.154,0.463,0.807,0.198,0.482,0.61,0.695,0.328,0.656,0.931,0.015,0.048,0.505,0.921,0.219,0.735,0.668,0.889,0.58,0.225,0.293,0.097,0.239,0.0,0.096,0.957,0.388,0.366,0.756,0.809,0.058,0.221,0.467,0.236,0.547,0.51,0.611,0.486,0.095,0.084,0.231,0.638,0.809,0.725,0.983,0.206,0.391,0.94,0.238,0.662,0.959,0.063,0.14,0.488,0.073,0.626,0.613,0.659,0.969,0.911,0.75,0.335,0.5,0.019,0.016,0.025,0.648,0.877,0.109,0.285,0.623,0.013,0.967,0.617,0.26,0.238,0.042,0.765,0.719,0.422,0.067,0.498,0.154,0.074,0.097,0.701,0.439,0.359,0.091,0.626,0.746,0.452,0.314,0.269,0.739,0.284,0.266,0.631,0.464,0.298,0.801,0.271,0.394,0.258,0.574,0.139,0.527,0.354,0.941,0.394,0.136,0.022,0.438,0.891,0.242,0.343,0.893,0.197,0.679,0.1,0.511,0.85,0.607,0.009,0.004,0.935,0.348,0.914,0.263,0.32,0.223,0.191,0.512,0.491,0.103,0.226,0.22,0.122,0.528,0.387,0.117,0.085,0.752,0.42,0.297,0.408,0.934,0.832,0.264,0.566,0.136,0.98,0.194,0.044,0.102,0.735,0.231,0.077,0.045,0.583,0.685,0.517,0.534,0.643,0.392,0.274,0.413,0.558,0.492,0.429,0.941,0.208,0.866,0.006,0.712,0.275,0.483,0.362,0.062,0.992,0.95,0.132,0.104,0.629,0.315,0.489,0.963,0.113,0.372,0.082,0.026,0.282,0.473,0.108,0.127,0.771,0.548,0.789,0.983,0.12,0.051,0.397,0.51,0.568,0.309,0.875,0.302,0.26,0.276,0.038,0.625,0.646,0.255,0.037,0.236,0.758,0.049,0.16,0.081,0.525,0.086,0.357,0.276,0.104,0.779,0.269,0.231,0.18,0.377,0.811,0.675,0.225,0.131,0.173,0.865,0.983,0.356,0.523,0.497,0.492,0.865,0.396,0.757,0.946,0.161,0.075,0.7,0.146,0.657,0.215,0.296,0.631,0.919,0.488,0.442,0.351,0.535,0.46,0.398,0.724,0.251,0.072,0.323,0.875,0.188,0.817,0.507,0.622,0.159,0.684,0.679,0.404,0.378,0.35,0.565,0.35,0.773,0.964,0.251,0.964,0.104,0.048,0.734,0.028,0.445,0.161,0.681,0.44,0.442,0.498,0.307,0.442,0.872,0.866,0.597,0.959,0.342,0.326,0.661,0.672,0.163,0.533,0.723,0.212,0.364,0.289,0.136,0.125,0.061,0.169,0.509,0.006,0.978,0.473,0.087,0.683,0.127,0.506,0.01,0.634,0.426,0.383,0.678,0.472,0.513,0.387,0.748,0.783,0.645,0.674,0.474,0.389,0.178,0.252,0.123,0.374,0.669,0.656,0.328,0.261,0.619,0.12,0.753,0.696,0.886,0.911,0.517,0.044,0.914,0.322,0.902,0.06,0.281,0.24,0.311,0.719,0.3,0.984,0.81,0.644,0.199,0.423,0.157,0.477,0.481,0.54,0.478,0.83,0.415,0.885,0.512,0.906,0.029,0.174,0.157,0.322,0.578,0.785,0.959,0.808,0.784,0.851,0.314,0.499,0.377,0.673,0.285,0.325,0.244,0.047,0.736,0.302,0.46,0.227,0.317,0.445,0.026,0.616,0.404,0.326,0.395,0.201,0.669,0.08,0.049,0.249,0.496,0.422,0.102,0.562,0.654,0.626,0.256,0.814,0.732,0.068,0.483,0.793,0.84,0.184,0.283,0.701,0.846,0.748,0.331,0.855,0.418,0.941,0.087,0.465,0.432,0.523,0.105,0.546,0.202,0.402,0.498,0.055,0.672,0.782,0.33,0.245,0.368,0.148,0.053,0.159,0.804,0.997
2020-02-01 19:55:27,0.883,0.083,0.111,0.164,0.425,0.813,0.004,0.755,0.629,0.649,0.585,0.954,0.249,0.925,0.736,0.4,0.61,0.883,0.338,0.596,0.977,0.75,0.501,0.372,0.779,0.803,0.794,0.108,0.268,0.25,0.894,0.338,0.358,0.449,0.319,0.609,0.457,0.709,0.612,0.537,0.978,0.39,0.896,0.246,0.547,0.145,0.716,0.513,0.73,0.78,0.606,0.844,0.993,0.875,0.447,0.727,0.763,0.443,0.042,0.701,0.552,0.27,0.074,0.712,0.144,0.132,0.153,0.999,0.911,0.749,0.661,0.062,0.254,0.743,0.564,0.097,0.182,0.831,0.082,0.918,0.033,0.415,0.561,0.065,0.405,0.084,0.553,0.492,0.557,0.374,0.62,0.906,0.747,0.149,0.97,0.549,0.813,0.552,0.98,0.779,0.41,0.728,0.318,0.154,0.217,0.69,0.32,0.438,0.317,0.705,0.636,0.01,0.807,0.68,0.285,0.363,0.076,0.47,0.567,0.412,0.878,0.702,0.18,0.355,0.951,0.85,0.976,0.105,0.291,0.157,0.921,0.11,0.192,0.661,0.867,0.664,0.876,0.134,0.693,0.956,0.439,0.848,0.722,0.106,0.85,0.16,0.091,0.078,0.25,0.485,0.009,0.31,0.376,0.11,0.943,0.432,0.324,0.35,0.573,0.596,0.141,0.176,0.245,0.647,0.412,0.69,0.933,0.792,0.944,0.189,0.193,0.581,0.311,0.851,0.988,0.936,0.334,0.071,0.832,0.33,0.34,0.012,0.385,0.455,0.025,0.218,0.673,0.617,0.502,0.882,0.915,0.466,0.824,0.028,0.796,0.093,0.426,0.117,0.15,0.599,0.271,0.947,0.351,0.477,0.688,0.474,0.223,0.205,0.837,0.302,0.508,0.342,0.678,0.914,0.309,0.317,0.204,0.204,0.738,0.344,0.212,0.094,0.165,0.998,0.216,0.717,0.427,0.516,0.67,0.324,0.391,0.396,0.235,0.121,0.008,0.148,0.694,0.559,0.091,0.267,0.976,0.994,0.449,0.406,0.646,0.106,0.472,0.075,0.405,0.425,0.326,0.836,0.198,0.924,0.265,0.184,0.495,0.207,0.058,0.602,0.824,0.777,0.77,0.724,0.774,0.609,0.012,0.112,0.185,0.62,0.334,0.561,0.12,0.321,0.254,0.236,0.492,0.997,0.065,0.134,0.763,0.126,0.096,0.885,0.97,0.255,0.934,0.728,0.281,0.569,0.724,0.339,0.964,0.426,0.668,0.787,0.776,0.011,0.694,0.638,0.532,0.835,0.602,0.878,0.81,0.803,0.202,0.371,0.39,0.188,0.689,0.429,0.865,0.591,0.053,0.268,0.785,0.787,0.667,0.104,0.977,1.0,0.58,0.107,0.347,0.362,0.847,0.759,0.717,0.835,0.546,0.128,0.995,0.603,0.315,0.55,0.953,0.426,0.513,0.947,0.178,0.161,0.508,0.768,0.146,0.541,0.982,0.89,0.931,0.144,0.352,0.622,0.957,0.705,0.524,0.172,0.039,0.977,0.416,0.783,0.804,0.667,0.29,0.396,0.01,0.119,0.035,0.037,0.447,0.943,0.522,0.945,0.717,0.613,0.206,0.849,0.847,0.164,0.549,0.453,0.764,0.266,0.702,0.824,0.063,0.625,0.273,0.884,0.316,0.816,0.087,0.875,0.754,0.727,0.474,0.687,0.612,0.802,0.35,0.102,0.785,0.955,0.12,0.271,0.967,0.056,0.224,0.878,0.258,0.344,0.905,0.978,0.589,0.578,0.073,0.17,0.911,0.679,0.198,0.337,0.168,0.729,0.917,0.52,0.845,0.895,0.795,0.619,0.879,0.204,0.584,0.562,0.326,0.226,0.44,0.281,0.215,0.999,0.673,0.626,0.008,0.624,0.596,0.406,0.604,0.706,0.826,0.997,0.485,0.377,0.778,0.412,0.914,0.087,0.122,0.55,0.224,0.426,0.803,0.459,0.54,0.343,0.683,0.04,0.827,0.491,0.182,0.343,0.362,0.324,0.4,0.66,0.016,0.69,0.179,0.557,0.002,0.196,0.059,0.412,0.48,0.176,0.713,0.309,0.701,0.495,0.262,0.959,0.297,0.214,0.551,0.81,0.863,0.805,0.929,0.063,0.8,0.837,0.703,0.917,0.646,0.543,0.948,0.312,0.612,0.25,0.282,0.119,0.657,0.823,0.354,0.625
2020-02-01 19:55:27,0.982,0.611,0.164,0.285,0.13,0.907,0.369,0.217,0.991,0.323,0.599,0.699,0.664,0.468,0.599,0.947,0.344,0.872,0.086,0.125,0.312,0.112,0.124,0.166,0.562,0.204,0.212,0.948,0.038,0.477,0.359,0.354,0.255,0.208,0.437,0.931,0.23,0.725,0.092,0.286,0.105,0.623,0.727,0.193,0.469,0.546,0.592,0.56,0.777,0.758,0.738,0.335,0.741,0.587,0.27,0.155,0.396,0.053,0.842,0.169,0.056,0.107,0.28,0.832,0.942,0.389,0.087,0.222,0.528,0.735,0.225,0.755,0.261,0.694,0.396,0.02,0.775,0.153,0.532,0.582,0.933,0.762,0.919,0.452,0.53,0.145,0.033,0.604,0.935,0.493,0.223,0.982,0.686,0.523,0.308,0.593,0.684,0.584,0.322,0.51,0.955,0.108,0.508,0.358,0.884,0.399,0.92,0.323,0.415,0.141,0.287,0.929,0.307,0.413,0.504,0.899,0.457,0.514,0.378,0.225,0.035,0.246,0.329,0.402,0.793,0.557,0.464,0.544,0.36,0.877,0.732,0.425,0.697,0.104,0.668,0.397,0.317,0.218,0.723,0.357,0.298,0.724,0.678,0.876,0.7,0.465,0.878,0.688,0.02,0.186,0.735,0.336,0.713,0.056,0.382,0.202,0.328,0.385,0.944,0.192,0.533,0.997,0.266,0.407,0.906,0.767,0.733,0.646,0.651,0.96,0.151,0.714,0.653,0.162,0.259,0.957,0.385,0.643,0.575,0.929,0.474,0.449,0.045,0.494,0.562,0.769,0.648,0.759,0.764,0.364,0.436,0.151,0.438,0.514,0.916,0.025,0.964,0.847,0.892,0.781,0.357,0.45,0.497,0.418,0.61,0.041,0.836,0.195,0.15,0.908,0.852,0.685,0.806,0.674,0.561,0.964,0.78,0.828,0.588,0.902,0.44,0.696,0.929,0.191,0.62,0.963,0.02,0.221,0.925,0.985,0.52,0.445,0.803,0.322,0.411,0.944,0.494,0.226,0.509,0.985,0.537,0.714,0.405,0.642,0.121,0.923,0.88,0.042,0.854,0.324,0.462,0.1,0.464,0.986,0.668,0.154,0.413,0.288,0.898,0.824,0.965,0.149,0.876,0.807,0.173,0.181,0.451,0.698,0.846,0.254,0.176,0.715,0.155,0.792,0.551,0.701,0.456,0.209,0.869,0.208,0.349,0.197,0.38,0.835,0.516,0.865,0.127,0.36,0.306,0.087,0.408,0.782,0.581,0.071,0.149,0.579,0.488,0.231,0.245,0.708,0.436,0.024,0.583,0.609,0.025,0.412,0.489,0.52,0.619,0.108,0.356,0.35,0.54,0.697,0.591,0.21,0.42,0.335,0.456,0.832,0.879,0.45,0.868,0.187,0.31,0.658,0.914,0.182,0.623,0.784,0.795,0.887,0.356,0.217,0.436,0.286,0.054,0.359,0.377,0.026,0.168,0.943,0.363,0.776,0.492,0.631,0.099,0.989,0.711,0.081,0.119,0.426,0.702,0.557,0.574,0.046,0.789,0.716,0.019,0.326,0.164,0.93,0.028,0.467,0.075,0.788,0.478,0.56,0.71,0.374,0.578,0.396,0.038,0.87,0.596,0.559,0.752,0.327,0.482,0.275,0.735,0.412,0.558,0.076,0.883,0.299,0.038,0.729,0.048,0.741,0.69,0.218,0.332,0.898,0.497,0.36,0.826,0.38,0.013,0.079,0.592,0.131,0.316,0.012,0.736,0.86,0.206,0.4,0.66,0.175,0.172,0.52,0.531,0.2,0.201,0.352,0.504,0.123,0.292,0.386,0.428,0.517,0.754,0.241,0.514,0.272,0.163,0.172,0.137,0.51,0.49,0.924,0.922,0.712,0.966,0.238,0.867,0.019,0.386,0.861,0.653,0.851,0.183,0.981,0.07,0.907,0.101,0.705,0.718,0.883,0.13,0.76,0.793,0.77,0.626,0.625,0.42,0.009,0.769,0.56,0.611,0.955,0.9,0.37,0.551,0.511,0.209,0.832,0.378,0.912,0.088,0.074,0.698,0.097,0.291,0.676,0.734,0.5,0.014,0.985,0.558,0.342,0.891,0.539,0.34,0.013,0.649,0.261,0.273,0.294,0.445,0.306,0.78,0.688,0.874,0.798,0.038,0.248,0.739,0.909,0.166,0.287,0.378,0.182,0.621,0.673,0.052,0.112,0.006,0.67,0.726,0.842
2020-02-01 19:55:27,0.172,0.08,0.829,0.17,0.238,0.894,0.704,0.593,0.246,0.153,0.823,0.888,0.245,0.669,0.387,0.862,0.423,0.354,0.118,0.761,0.926,0.603,0.457,0.082,0.243,0.441,0.816,0.689,0.388,0.117,0.602,0.197,0.61,0.093,0.435,0.111,0.816,0.863,0.891,0.707,0.721,0.117,0.191,0.061,0.777,0.146,0.794,0.408,0.326,0.458,0.494,0.576,0.856,0.065,0.262,0.999,0.078,0.171,0.645,0.368,0.632,0.001,0.953,0.613,0.938,0.316,0.066,0.25,0.711,0.751,0.763,0.322,0.78,0.568,0.139,0.671,0.97,0.3,0.451,0.695,0.715,0.193,0.564,0.126,0.541,0.522,0.814,0.235,0.19,0.16,0.753,0.324,0.828,0.677,0.29,0.22,0.668,0.448,0.004,0.148,0.782,0.676,0.489,0.313,0.208,0.931,0.977,0.617,0.81,0.413,0.395,0.241,0.367,0.883,0.445,0.787,0.545,0.335,0.396,0.681,0.498,0.975,0.594,0.217,0.8,0.668,0.061,0.082,0.028,0.236,0.955,0.803,0.004,0.991,0.334,0.485,0.09,0.381,0.801,0.765,0.426,0.927,0.933,0.85,0.906,0.178,0.331,0.324,0.42,0.491,0.74,0.934,0.57,0.389,0.991,0.288,0.398,0.29,0.092,0.481,0.359,0.157,0.663,0.732,0.255,0.876,0.639,0.318,0.541,0.18,0.38,0.491,0.151,0.89,0.92,0.239,0.028,0.285,0.361,0.546,0.361,0.456,0.935,0.76,0.827,0.918,0.112,0.461,0.429,0.942,0.708,0.881,0.433,0.982,0.084,0.567,0.323,0.688,0.261,0.016,0.707,0.826,0.183,0.469,0.297,0.008,0.544,0.953,0.541,0.162,0.212,0.507,0.6,0.599,0.378,0.578,0.99,0.186,0.787,0.023,0.387,0.697,0.552,0.715,0.19,0.668,0.44,0.152,0.233,0.649,0.99,0.771,0.908,0.098,0.177,0.809,0.335,0.849,0.356,0.838,0.844,0.54,0.585,0.628,0.384,0.543,0.074,0.917,0.429,0.905,0.79,0.811,0.179,0.953,0.072,0.846,0.943,0.148,0.187,0.469,0.549,0.75,0.015,0.162,0.781,0.999,0.024,0.652,0.249,0.755,0.611,0.688,0.51,0.678,0.354,0.029,0.53,0.395,0.071,0.279,0.267,0.5,0.076,0.055,0.296,0.38,0.601,0.223,0.954,0.634,0.781,0.727,0.901,0.058,0.463,0.037,0.522,0.42,0.834,0.997,0.047,0.184,0.256,0.6,0.695,0.52,0.743,0.114,0.059,0.555,0.58,0.666,0.076,0.754,0.722,0.031,0.407,0.096,0.254,0.765,0.17,0.884,0.038,0.688,0.578,0.442,0.601,0.595,0.982,0.554,0.289,0.921,0.911,0.329,0.509,0.241,0.328,0.439,0.552,0.384,0.001,0.921,0.663,0.094,0.262,0.464,0.879,0.002,0.18,0.252,0.257,0.725,0.966,0.812,0.418,0.457,0.123,0.383,0.061,0.311,0.184,0.891,0.331,0.278,0.897,0.077,0.688,0.449,0.96,0.251,0.771,0.26,0.724,0.656,0.667,0.825,0.732,0.294,0.165,0.179,0.826,0.676,0.994,0.927,0.984,0.249,0.749,0.778,0.146,0.313,0.922,0.518,0.883,0.779,0.052,0.11,0.614,0.038,0.536,0.69,0.069,0.937,0.472,0.56,0.863,0.21,0.736,0.586,0.325,0.739,0.483,0.062,0.249,0.305,0.648,0.346,0.172,0.411,0.311,0.161,0.367,0.811,0.981,0.221,0.919,0.733,0.347,0.366,0.226,0.054,0.192,0.609,0.901,0.182,0.272,0.747,0.266,0.189,0.027,0.393,0.358,0.9,0.613,0.005,0.604,0.994,0.936,0.17,0.14,0.715,0.1,0.428,0.985,0.009,0.939,0.331,0.256,0.419,0.786,0.186,0.954,0.077,0.906,0.879,0.012,0.498,0.385,0.54,0.332,0.154,0.716,0.468,0.748,0.36,0.705,0.167,0.312,0.564,0.936,0.268,0.812,0.313,0.046,0.575,0.785,0.856,0.599,0.748,0.846,0.364,0.747,0.761,0.851,0.058,0.026,0.151,0.242,0.71,0.125,0.086,0.77,0.558,0.984,0.404,0.955,0.832,0.574,0.041,0.631,0.966,0.781,0.845
2020-02-01 19:55:27,0.596,0.4,0.766,0.209,0.075,0.803,0.224,0.277,0.603,0.354,0.796,0.742,0.229,0.732,0.451,0.105,0.123,0.439,0.984,0.491,0.164,0.18,0.213,0.338,0.784,0.675,0.354,0.08,0.386,0.173,0.164,0.743,0.469,0.77,0.159,0.22,0.975,0.704,0.59,0.68,0.556,0.855,0.945,0.664,0.418,0.135,0.479,0.749,0.985,0.401,0.723,0.067,0.28,0.341,0.968,0.556,0.011,0.874,0.666,0.697,0.764,0.577,0.403,0.934,0.635,0.365,0.343,0.982,0.148,0.415,0.925,0.953,0.798,0.439,0.726,0.262,0.799,0.601,0.788,0.018,0.993,0.437,0.447,0.159,0.061,0.656,0.109,0.705,0.409,0.873,0.882,0.367,0.888,0.215,0.085,0.7,0.59,0.043,0.484,0.139,0.544,0.804,0.916,0.21,0.334,0.999,0.413,0.446,0.375,0.718,0.075,0.525,0.55,0.822,0.047,0.688,0.39,0.728,0.466,0.422,0.429,0.462,0.766,0.26,0.318,0.902,0.668,0.331,0.104,0.335,0.675,0.273,0.781,0.942,0.547,0.646,0.444,0.75,0.187,0.913,0.855,0.201,0.502,0.142,0.576,0.634,0.259,0.252,0.552,0.267,0.505,0.394,0.89,0.657,0.134,0.274,0.42,0.672,0.885,0.496,0.018,0.786,0.615,0.509,0.495,0.698,0.763,0.784,0.838,0.065,0.822,0.009,0.54,0.186,0.474,0.278,0.04,0.946,0.865,0.231,0.703,0.538,0.897,0.042,0.054,0.066,0.351,0.44,0.116,0.84,0.907,0.492,0.051,0.937,0.824,0.385,0.557,0.885,0.152,0.837,0.448,0.893,0.962,0.616,0.311,0.586,0.249,0.072,0.629,0.77,0.003,0.445,0.934,0.265,0.804,0.715,0.087,0.978,0.83,0.155,0.065,0.203,0.261,0.131,0.6,0.356,0.924,0.633,0.429,0.568,0.994,0.154,0.237,0.578,0.578,0.316,0.078,0.289,0.863,0.419,0.236,0.768,0.482,0.064,0.705,0.503,0.567,0.59,0.583,0.184,0.408,0.749,0.7,0.91,0.985,0.631,0.34,0.109,0.325,0.141,0.559,0.054,0.829,0.206,0.214,0.603,0.422,0.545,0.62,0.83,0.271,0.921,0.554,0.772,0.351,0.991,0.773,0.247,0.682,0.079,0.57,0.393,0.162,0.254,0.782,0.918,0.39,0.875,0.268,0.282,0.881,0.029,0.925,0.707,0.766,0.164,0.517,0.013,0.699,0.225,0.405,0.273,0.715,0.911,0.589,0.313,0.63,0.732,0.917,0.113,0.466,0.042,0.229,0.545,0.215,0.864,0.187,0.498,0.122,0.308,0.612,0.867,0.236,0.236,0.938,0.094,0.164,0.611,0.129,0.521,0.427,0.575,0.833,0.972,0.032,0.833,0.884,0.313,0.793,0.114,0.716,0.234,0.865,0.485,0.148,0.983,0.374,0.342,0.688,0.023,0.571,0.083,0.903,0.281,0.179,0.185,0.031,0.818,0.795,0.185,0.311,0.549,0.178,0.247,0.118,0.888,0.454,0.929,0.077,0.932,0.042,0.877,0.487,0.922,0.032,0.764,0.028,0.035,0.521,0.768,0.25,0.488,0.69,0.264,0.994,0.387,0.569,0.415,0.251,0.454,0.812,0.393,0.311,0.366,0.781,0.62,0.118,0.261,0.035,0.701,0.246,0.996,0.78,0.039,0.687,0.873,0.76,0.667,0.021,0.353,0.943,0.161,0.685,0.535,0.266,0.376,0.01,0.818,0.749,0.587,0.147,0.16,0.417,0.789,0.693,0.899,0.88,0.911,0.792,0.753,0.662,0.193,0.772,0.484,0.484,0.673,0.974,0.15,0.527,0.959,0.176,0.876,0.32,0.081,0.959,0.829,0.554,0.64,0.224,0.573,0.091,0.173,0.711,0.833,0.935,0.646,0.794,0.326,0.91,0.262,0.184,0.156,0.12,0.383,0.236,0.3,0.303,0.806,0.239,0.948,0.819,0.198,0.314,0.4,0.525,0.803,0.04,0.848,0.621,0.781,0.722,0.459,0.974,0.747,0.405,0.527,0.778,0.438,0.924,0.593,0.337,0.203,0.46,0.945,0.926,0.603,0.419,0.355,0.897,0.468,0.913,0.413,0.551,0.311,0.244,0.726,0.266,0.486,0.143,0.957,0.769,0.499
2020-02-01 19:55:27,0.452,0.154,0.665,0.953,0.119,0.792,0.393,0.674,0.908,0.944,0.462,0.145,0.61,0.286,0.29,0.284,0.346,0.421,0.983,0.092,0.06,0.886,0.464,0.205,0.366,0.344,0.032,0.288,0.468,0.693,0.954,0.588,0.044,0.411,0.784,0.876,0.083,0.876,0.782,0.715,0.066,0.993,0.014,0.045,0.262,0.037,0.025,0.176,0.614,0.036,0.947,0.866,0.905,0.25,0.375,0.528,0.004,0.928,0.566,0.225,0.103,0.45,0.545,0.627,0.087,0.185,0.609,0.177,0.701,0.348,0.969,0.823,0.481,0.367,0.388,0.89,0.652,0.223,0.269,0.738,0.504,0.586,0.437,0.967,0.347,0.438,0.77,0.517,0.662,0.219,0.009,0.434,0.812,0.58,0.844,0.744,0.399,0.642,0.548,0.921,0.176,0.371,0.941,0.029,0.583,0.31,0.117,0.132,0.009,0.595,0.706,0.843,0.342,0.417,0.113,0.872,0.377,0.564,0.484,0.795,0.966,0.99,0.802,0.222,0.341,0.033,0.402,0.753,0.152,0.934,0.364,0.483,0.474,0.604,0.704,0.426,0.503,0.599,0.917,0.893,0.714,0.138,0.084,0.779,0.308,0.354,0.127,0.345,0.567,0.525,0.367,0.658,0.814,0.45,0.605,0.91,0.297,0.637,0.404,0.424,0.336,0.324,0.047,0.445,0.909,0.487,0.25,0.892,0.759,0.63,0.03,0.199,0.708,0.667,0.102,0.314,0.05,0.352,0.066,0.915,0.408,0.944,0.406,0.956,0.159,0.323,0.475,0.992,0.416,0.282,0.461,0.607,0.649,0.356,0.351,0.006,0.297,0.135,0.42,0.521,0.669,0.123,0.385,0.42,0.011,0.267,0.067,0.655,0.023,0.236,0.251,0.936,0.181,0.848,0.596,0.69,0.837,0.766,0.67,0.937,0.119,0.717,0.016,0.245,0.64,0.352,0.914,0.775,0.341,0.285,0.137,0.004,0.65,0.709,0.158,0.212,0.357,0.114,0.462,0.801,0.492,0.984,0.045,0.335,0.178,0.766,0.105,0.232,0.489,0.528,0.344,0.307,0.552,0.938,0.729,0.337,0.196,0.769,0.386,0.033,0.043,0.894,0.315,0.421,0.441,0.131,0.165,0.375,0.458,0.709,0.407,0.69,0.722,0.207,0.287,0.012,0.489,0.124,0.914,0.151,0.241,0.072,0.685,0.781,0.161,0.548,0.269,0.343,0.918,0.694,0.937,0.997,0.656,0.851,0.236,0.134,0.948,0.68,0.196,0.706,0.674,0.507,0.141,0.05,0.614,0.586,0.235,0.06,0.436,0.884,0.942,0.145,0.387,0.696,0.934,0.915,0.392,0.364,0.82,0.067,0.276,0.182,0.639,0.829,0.458,0.09,0.831,0.161,0.57,0.31,0.001,0.204,0.16,0.177,0.207,0.662,0.789,0.119,0.683,0.506,0.05,0.331,0.65,0.478,0.671,0.363,0.07,0.912,0.985,0.686,0.547,0.251,0.447,0.052,0.749,0.368,0.202,0.06,0.832,0.811,0.73,0.083,0.953,0.83,0.009,0.747,0.877,0.235,0.855,0.702,0.618,0.619,0.183,0.93,0.934,0.996,0.981,0.448,0.392,0.292,0.156,0.53,0.822,0.164,0.54,0.201,0.748,0.081,0.094,0.865,0.651,0.065,0.207,0.675,0.804,0.427,0.5,0.351,0.958,0.939,0.902,0.824,0.783,0.785,0.141,0.861,0.384,0.273,0.979,0.579,0.758,0.506,0.126,0.159,0.425,0.289,0.022,0.328,0.417,0.456,0.954,0.067,0.555,0.327,0.168,0.737,0.086,0.869,0.278,0.069,0.54,0.026,0.956,0.692,0.513,0.228,0.076,0.516,0.241,0.446,0.775,0.353,0.558,0.462,0.438,0.473,0.403,0.778,0.927,0.271,0.782,0.023,0.23,0.494,0.562,0.361,0.587,0.106,0.125,0.881,0.613,0.073,0.855,0.566,0.229,0.45,0.518,0.889,0.134,0.226,0.667,0.979,0.179,0.974,0.468,0.763,0.33,0.171,0.327,0.864,0.831,0.571,0.758,0.63,0.551,0.782,0.732,0.975,0.274,0.869,0.678,0.001,0.916,0.617,0.096,0.299,0.275,0.458,0.544,0.701,0.742,0.308,0.184,0.724,0.935,0.306,0.574,0.892,0.451,0.861,0.888,0.437
2020-02-01 19:55:27,0.283,0.308,0.33,0.293,0.421,0.77,0.122,0.988,0.349,0.151,0.044,0.122,0.563,0.066,0.207,0.102,0.956,0.047,0.672,0.672,0.192,0.819,0.18,0.425,0.791,0.805,0.033,0.569,0.672,0.958,0.396,0.334,0.058,0.972,0.094,0.461,0.166,0.25,0.47,0.977,0.223,0.445,0.596,0.169,0.55,0.652,0.784,0.584,0.796,0.499,0.849,0.032,0.785,0.604,0.301,0.924,0.522,0.559,0.571,0.291,0.973,0.444,0.713,0.392,0.963,0.021,0.052,0.147,0.084,0.037,0.621,0.594,0.32,0.997,0.487,0.791,0.1,0.832,0.237,0.539,0.116,0.023,0.148,0.222,0.92,0.285,0.179,0.454,0.182,0.112,0.213,0.237,0.22,0.05,0.133,0.677,0.376,0.088,0.81,0.628,0.098,0.836,0.659,0.821,0.563,0.97,0.648,0.703,0.238,0.15,0.808,0.153,0.749,0.645,0.96,0.09,0.792,0.175,0.902,0.719,0.711,0.685,0.974,0.217,0.387,0.803,0.76,0.483,0.874,0.875,0.898,0.007,0.627,0.642,0.044,0.838,0.57,0.003,0.722,0.758,0.283,0.34,0.654,0.225,0.607,0.767,0.912,0.636,0.296,0.975,0.973,0.237,0.448,0.958,0.871,0.066,0.441,0.665,0.511,0.129,0.301,0.189,0.258,0.795,0.798,0.108,0.917,0.637,0.529,0.984,0.146,0.352,0.932,0.008,0.73,0.219,0.294,0.622,0.41,0.5,0.247,0.303,0.306,0.846,0.69,0.064,0.533,0.401,0.498,0.577,0.657,0.35,0.389,0.706,0.931,0.012,0.918,0.553,0.848,0.246,0.217,0.504,0.485,0.633,0.227,0.552,0.895,0.388,0.014,0.989,0.531,0.561,0.596,0.292,0.271,0.676,0.309,0.146,0.91,0.689,0.481,0.688,0.025,0.93,0.752,0.313,0.916,0.2,0.79,0.229,0.591,0.71,0.519,0.213,0.591,0.386,0.645,0.585,0.27,0.491,0.32,0.721,0.098,0.39,0.187,0.99,0.744,0.954,0.696,0.102,0.556,0.585,0.902,0.52,0.892,0.52,0.417,0.43,0.438,0.446,0.75,0.488,0.404,0.769,0.228,0.331,0.874,0.516,0.292,0.999,0.732,0.193,0.307,0.241,0.271,0.437,0.412,0.635,0.612,0.826,0.66,0.29,0.969,0.345,0.191,0.041,0.801,0.752,0.922,0.571,0.448,0.969,0.064,0.042,0.541,0.963,0.88,0.911,0.656,0.832,0.727,0.865,0.62,0.859,0.342,0.142,0.491,0.57,0.118,0.495,0.825,0.635,0.666,0.23,0.198,0.573,0.747,0.767,0.32,0.054,0.79,0.246,0.476,0.642,0.142,0.225,0.359,0.412,0.283,0.616,0.544,0.869,0.766,0.845,0.706,0.584,0.358,0.99,0.593,0.098,0.424,0.17,0.879,0.337,0.178,0.384,0.484,0.404,0.489,0.121,0.436,0.9,0.184,0.986,0.268,0.014,0.942,0.711,0.379,0.527,0.321,0.551,0.11,0.497,0.952,0.773,0.53,0.868,0.075,0.255,0.73,0.596,0.066,0.166,0.87,0.891,0.438,0.706,0.627,0.107,0.218,0.195,0.599,0.322,0.695,0.51,0.377,0.112,0.956,0.298,0.107,0.125,0.298,0.802,0.588,0.411,0.318,0.279,0.357,0.076,0.208,0.545,0.252,0.087,0.153,0.484,0.265,0.195,0.656,0.916,0.275,0.911,0.312,0.922,0.559,0.845,0.786,0.861,0.901,0.147,0.803,0.856,0.726,0.698,0.426,0.704,0.344,0.306,0.396,0.572,0.15,0.442,0.818,0.113,0.912,0.453,0.744,0.081,0.282,0.863,0.964,0.308,0.092,0.827,0.774,0.973,0.386,0.668,0.955,0.565,0.596,0.479,0.915,0.093,0.98,0.465,0.399,0.991,0.489,0.2,0.699,0.288,0.964,0.734,0.896,0.942,0.143,0.352,0.967,0.772,0.366,0.057,0.52,0.623,0.517,0.925,0.493,0.08,0.488,0.511,0.292,0.1,0.017,0.059,0.943,0.042,0.743,0.199,0.066,0.289,0.78,0.601,0.251,0.374,0.58,0.981,0.528,0.753,0.491,0.957,0.554,0.365,0.94,0.328,0.143,0.861,0.79,0.772,0.564,0.329,0.701,0.017
2020-02-01 19:55:27,0.639,0.056,0.477,0.249,0.144,0.589,0.975,0.964,0.331,0.116,0.972,0.293,0.175,0.901,0.125,0.699,0.728,0.897,0.584,0.702,0.77,0.153,0.722,0.086,0.433,0.322,0.951,0.532,0.918,0.481,0.012,0.124,0.957,0.782,0.026,0.942,0.184,0.362,0.277,0.314,0.127,0.404,0.282,0.512,0.2,0.438,0.832,0.837,0.52,0.848,0.502,0.5,0.903,0.234,0.957,0.933,0.142,0.176,0.592,0.137,0.953,0.441,0.504,0.576,0.733,0.016,0.222,0.242,0.874,0.305,0.013,0.866,0.623,0.493,0.651,0.498,0.506,0.742,0.992,0.189,0.85,0.803,0.555,0.246,0.159,0.753,0.212,0.759,0.631,0.235,0.814,0.121,0.309,0.683,0.926,0.408,0.7,0.52,0.997,0.311,0.142,0.944,0.948,0.127,0.38,0.733,0.178,0.487,0.172,0.81,0.568,0.005,0.2,0.097,0.208,0.764,0.428,0.99,0.895,0.99,0.06,0.857,0.852,0.417,0.109,0.815,0.539,0.516,0.556,0.565,0.879,0.783,0.782,0.313,0.054,0.086,0.205,0.968,0.972,0.973,0.149,0.725,0.501,0.067,0.018,0.378,0.301,0.755,0.741,0.733,0.269,0.086,0.94,0.398,0.666,0.23,0.421,0.356,0.489,0.339,0.096,0.38,0.771,0.837,0.618,0.328,0.155,0.423,0.364,0.42,0.86,0.853,0.673,0.337,0.698,0.696,0.845,0.925,0.871,0.238,0.254,0.657,0.225,0.577,0.643,0.514,0.881,0.217,0.727,0.799,0.806,0.297,0.617,0.039,0.064,0.234,0.191,0.626,0.744,0.815,0.878,0.479,0.536,0.946,0.43,0.84,0.675,0.822,0.516,0.593,0.609,0.478,0.189,0.117,0.814,0.873,0.059,0.945,0.429,0.215,0.855,0.304,0.921,0.578,0.321,0.705,0.016,0.755,0.353,0.94,0.187,0.236,0.977,0.639,0.714,0.0,0.237,0.109,0.266,0.324,0.562,0.109,0.835,0.906,0.056,0.399,0.954,0.282,0.603,0.78,0.824,0.303,0.221,0.748,0.291,0.084,0.583,0.014,0.714,0.94,0.304,0.594,0.743,0.809,0.148,0.397,0.775,0.058,0.192,0.171,0.6,0.378,0.362,0.074,0.11,0.439,0.146,0.972,0.788,0.238,0.804,0.682,0.792,0.234,0.482,0.434,0.519,0.022,0.125,0.828,0.588,0.057,0.52,0.227,0.666,0.761,0.169,0.412,0.302,0.695,0.682,0.835,0.924,0.986,0.622,0.562,0.216,0.299,0.073,0.567,0.244,0.091,0.101,0.671,0.831,0.744,0.952,0.195,0.011,0.911,0.376,0.636,0.957,0.148,0.354,0.518,0.69,0.922,0.711,0.617,0.54,0.354,0.511,0.952,0.662,0.864,0.163,0.437,0.662,0.054,0.925,0.265,0.717,0.904,0.677,0.602,0.253,0.022,0.07,0.838,0.513,0.606,0.094,0.375,0.107,0.635,0.697,0.108,0.714,0.806,0.829,0.621,0.375,0.52,0.659,0.996,0.181,0.054,0.626,0.202,0.18,0.117,0.808,0.703,0.603,0.064,0.723,0.269,0.249,0.067,0.344,0.271,0.195,0.371,0.417,0.541,0.168,0.275,0.614,0.604,0.521,0.278,0.036,0.94,0.64,0.031,0.297,0.103,0.421,0.688,0.711,0.035,0.714,0.383,0.577,0.851,0.193,0.452,0.42,0.418,0.58,0.534,0.867,0.201,0.978,0.246,0.938,0.268,0.476,0.477,0.118,0.385,0.91,0.393,0.884,0.326,0.105,0.616,0.061,0.479,0.494,0.072,0.058,0.505,0.253,0.774,0.694,0.381,0.454,0.892,0.008,0.405,0.852,0.384,0.276,0.895,0.989,0.274,0.456,0.344,0.32,0.739,0.867,0.335,0.807,0.791,0.5,0.056,0.762,0.491,0.294,0.325,0.063,0.514,0.101,0.945,0.924,0.161,0.306,0.937,0.806,0.485,0.747,0.333,0.053,0.456,0.392,0.824,0.599,0.723,0.459,0.497,0.063,0.345,0.317,0.815,0.876,0.412,0.706,0.511,0.931,0.583,0.991,0.516,0.742,0.131,0.35,0.152,0.674,0.266,0.849,0.438,0.201,0.77,0.748,0.37,0.018,0.598,0.311,0.853,0.725,0.841
2020-02-01 19:55:27,0.071,0.137,0.928,0.246,0.877,0.353,0.603,0.259,0.067,0.16,0.241,0.063,0.815,0.433,0.89,0.511,0.309,0.708,0.16,0.499,0.181,0.613,0.278,0.606,0.845,0.129,0.074,0.136,0.776,0.937,0.196,0.425,0.444,0.051,0.816,0.898,0.796,0.75,0.226,0.649,0.816,0.642,0.914,0.416,0.475,0.427,0.55,0.456,0.142,0.654,0.014,0.718,0.194,0.46,0.838,0.806,0.87,0.564,0.331,0.33,0.957,0.507,0.83,0.076,0.87,0.066,0.58,0.038,0.84,0.713,0.084,0.882,0.849,0.458,0.299,0.359,0.586,0.614,0.975,0.385,0.915,0.068,0.805,0.54,0.72,0.996,0.701,0.633,0.546,0.124,0.935,0.732,0.726,0.096,0.829,0.117,0.957,0.684,0.832,0.574,0.333,0.714,0.365,0.962,0.198,0.304,0.129,0.634,0.949,0.826,0.877,0.522,0.827,0.201,0.997,0.019,0.902,0.327,0.377,0.064,0.059,0.346,0.37,0.922,0.522,0.72,0.355,0.625,0.066,0.616,0.91,0.909,0.142,0.863,0.012,0.616,0.021,0.357,0.066,0.79,0.638,0.92,0.146,0.601,0.902,0.983,0.498,0.899,0.791,0.325,0.663,0.684,0.87,0.565,0.864,0.539,0.487,0.527,0.399,0.211,0.58,0.335,0.201,0.376,0.137,0.741,0.218,0.175,0.482,0.965,0.158,0.002,0.179,0.325,0.576,0.343,0.52,0.313,0.829,0.768,0.595,0.663,0.909,0.843,0.29,0.749,0.365,0.302,0.623,0.914,0.974,0.306,0.605,0.426,0.725,0.445,0.676,0.607,0.274,0.593,0.447,0.17,0.587,0.984,0.619,0.797,0.718,0.802,0.202,0.318,0.477,0.367,0.847,0.293,0.132,0.997,0.758,0.943,0.122,0.31,0.684,0.947,0.593,0.363,0.766,0.258,0.415,0.448,0.519,0.125,0.597,0.8,0.129,0.826,0.52,0.587,0.892,0.569,0.507,0.937,0.324,0.81,0.363,0.108,0.999,0.053,0.193,0.368,0.66,0.584,0.98,0.43,0.119,0.04,0.4,0.403,0.861,0.921,0.892,0.582,0.145,0.777,0.349,0.445,0.607,0.901,0.014,0.569,0.799,0.365,0.67,0.187,0.827,0.728,0.051,0.46,0.152,0.128,0.174,0.836,0.036,0.441,0.13,0.81,0.278,0.694,0.162,0.007,0.607,0.083,0.6,0.643,0.855,0.396,0.182,0.245,0.011,0.753,0.344,0.31,0.448,0.912,0.1,0.153,0.271,0.946,0.143,0.107,0.138,0.595,0.203,0.527,0.583,0.95,0.807,1.0,0.145,0.127,0.901,0.632,0.128,0.582,0.972,0.199,0.844,0.813,0.337,0.26,0.237,0.081,0.287,0.84,0.183,0.503,0.609,0.353,0.421,0.208,0.77,0.182,0.099,0.093,0.326,0.591,0.451,0.547,0.904,0.84,0.509,0.594,0.658,0.27,0.468,0.437,0.664,0.819,0.349,0.677,0.603,0.206,0.88,0.623,0.29,0.969,0.088,0.68,0.274,0.339,0.891,0.729,0.509,0.399,0.426,0.234,0.543,0.755,0.933,0.582,0.631,0.338,0.79,0.532,0.864,0.699,0.702,0.624,0.165,0.301,0.174,0.288,0.761,0.537,0.435,0.723,0.869,0.208,0.527,0.17,0.731,0.355,0.326,0.754,0.988,0.735,0.327,0.364,0.583,0.727,0.791,0.186,0.211,0.174,0.735,0.493,0.181,0.01,0.936,0.683,0.107,0.797,0.57,0.678,0.725,0.41,0.321,0.637,0.99,0.208,0.11,0.282,0.163,0.442,0.734,0.829,0.144,0.453,0.73,0.089,0.35,0.696,0.765,0.669,0.798,0.843,0.788,0.217,0.993,0.744,0.675,0.162,0.029,0.869,0.167,0.499,0.669,0.673,0.476,0.293,0.103,0.831,0.571,0.425,0.485,0.597,0.459,0.687,0.523,0.458,0.955,0.187,0.107,0.221,0.387,0.578,0.843,0.629,0.562,0.316,0.612,0.071,0.441,0.582,0.179,0.661,0.526,0.075,0.196,0.637,0.017,0.236,0.423,0.753,0.423,0.613,0.242,0.251,0.552,0.2,0.222,0.829,0.838,0.954,0.236,0.921,0.526,0.044,0.744,0.18,0.867,0.035,0.529,0.86
2020-02-01 19:55:27,0.284,0.552,0.932,0.987,0.286,0.162,0.608,0.764,0.932,0.424,0.329,0.794,0.389,0.689,0.518,0.703,0.464,0.121,0.036,0.026,0.441,0.035,0.939,0.675,0.7,0.015,0.918,0.271,0.369,0.789,0.242,0.993,0.39,0.61,0.868,0.821,0.988,0.535,0.051,0.351,0.17,0.842,0.817,0.207,0.593,0.901,0.828,0.941,0.11,0.426,0.963,0.952,0.98,0.637,0.951,0.581,0.545,0.767,0.414,0.082,0.388,0.999,0.38,0.159,0.282,0.873,0.466,0.852,0.807,0.925,0.969,0.413,0.747,0.29,0.879,0.723,0.763,0.413,0.965,0.883,0.729,0.023,0.618,0.764,0.232,0.375,0.672,0.593,0.41,0.903,0.827,0.533,0.661,0.393,0.241,0.539,0.5,0.604,0.971,0.439,0.303,0.086,0.599,0.043,0.383,0.432,0.963,0.108,0.147,0.266,0.494,0.514,0.007,0.963,0.385,0.524,0.988,0.813,0.092,0.397,0.426,0.611,0.484,0.478,0.992,0.813,0.947,0.621,0.464,0.521,0.087,0.419,0.514,0.529,0.741,0.396,0.753,0.168,0.46,0.929,0.691,0.233,0.881,0.702,0.365,0.763,0.833,0.433,0.917,0.338,0.786,0.866,0.088,0.588,0.901,0.801,0.147,0.013,0.135,0.302,0.99,0.38,0.887,0.348,0.004,0.34,0.746,0.017,0.133,0.934,0.375,0.387,0.244,0.799,0.998,0.391,0.164,0.134,0.761,0.228,0.058,0.37,0.182,0.138,0.534,0.596,0.767,0.176,0.372,0.924,0.81,0.041,0.271,0.447,0.368,0.673,0.791,0.325,0.773,0.964,0.398,0.537,0.52,0.292,0.434,0.058,0.325,0.808,0.639,0.662,0.94,0.593,0.3,0.345,0.884,0.703,0.231,0.825,0.473,0.034,0.582,0.794,0.425,0.541,0.034,0.401,0.368,0.297,0.806,0.149,0.836,0.917,0.574,0.446,0.421,0.265,0.082,0.395,0.265,0.359,0.265,0.836,0.904,0.817,0.467,0.447,0.671,0.145,0.682,0.673,0.848,0.091,0.865,0.611,0.536,0.302,0.503,0.577,0.71,0.743,0.955,0.819,0.733,0.873,0.59,0.381,0.86,0.061,0.319,0.107,0.166,0.271,0.894,0.307,0.495,0.979,0.259,0.249,0.378,0.602,0.435,0.392,0.816,0.033,0.257,0.145,0.952,0.861,0.707,0.623,0.535,0.936,0.706,0.227,0.154,0.314,0.041,0.671,0.151,0.876,0.347,0.218,0.269,0.062,0.153,0.921,0.973,0.787,0.766,0.232,0.108,0.992,0.412,0.518,0.562,0.529,0.882,0.294,0.838,0.47,0.204,0.637,0.198,0.602,0.661,0.196,0.479,0.511,0.587,0.129,0.484,0.003,0.839,0.139,0.476,0.35,0.566,0.754,0.444,0.656,0.4,0.91,0.858,0.947,0.005,0.061,0.511,0.242,0.69,0.481,0.657,0.381,0.094,0.462,0.611,0.598,0.581,0.858,0.878,0.611,0.406,0.973,0.887,0.984,0.219,0.62,0.218,0.743,0.496,0.14,0.227,0.816,0.664,0.096,0.188,0.367,0.931,0.768,0.397,0.862,0.938,0.81,0.67,0.157,0.626,0.635,0.888,0.981,0.818,0.066,0.124,0.911,0.486,0.2,0.683,0.583,0.309,0.214,0.366,0.196,0.343,0.377,0.007,0.881,0.6,0.341,0.402,0.291,0.658,0.433,0.115,0.782,0.144,0.796,0.464,0.765,0.711,0.517,0.244,0.939,0.829,0.63,0.938,0.992,0.243,0.74,0.429,0.375,0.442,0.21,0.8,0.837,0.286,0.369,0.519,0.42,0.433,0.339,0.166,0.445,0.793,0.74,0.494,0.224,0.776,0.277,0.605,0.972,0.22,0.814,0.51,0.456,0.318,0.853,0.845,0.9,0.019,0.53,0.086,0.309,0.092,0.419,0.292,0.121,0.11,0.178,0.94,0.454,0.378,0.167,0.087,0.863,0.073,0.913,0.178,0.587,0.233,0.356,0.429,0.517,0.644,0.332,0.986,0.748,0.595,0.461,0.578,0.628,0.066,0.187,0.334,0.435,0.523,0.62,0.321,0.645,0.395,0.448,0.894,0.168,0.966,0.199,0.262,0.816,0.649,0.555,0.492,0.625,0.681,0.66,0.709,0.388
2020-02-01 19:55:27,0.755,0.907,0.644,0.624,0.26,0.13,0.95,0.439,0.877,0.902,0.049,0.375,0.733,0.584,0.349,0.873,0.969,0.404,0.923,0.149,0.4,0.167,0.262,0.995,0.528,0.563,0.041,0.257,0.38,0.756,0.134,0.968,0.448,0.574,0.182,0.675,0.89,0.893,0.552,0.568,0.23,0.596,0.98,0.034,0.034,0.829,0.446,0.716,0.264,0.563,0.033,0.533,0.14,0.139,0.774,0.213,0.994,0.921,0.203,0.195,0.682,0.946,0.238,0.853,0.851,0.479,0.982,0.605,0.887,0.333,0.323,0.599,0.979,0.879,0.552,0.668,0.637,0.417,0.359,0.96,0.675,0.535,0.926,0.349,0.889,0.637,0.886,0.456,0.056,0.974,0.704,0.465,0.663,0.796,0.924,0.252,0.81,0.155,0.88,0.712,0.89,0.783,0.393,0.476,0.928,0.477,0.284,0.867,0.158,0.234,0.364,0.582,0.757,0.261,0.965,0.076,0.388,0.088,0.678,0.997,0.193,0.585,0.153,0.41,0.538,0.785,0.759,0.264,0.037,0.065,0.466,0.539,0.041,0.354,0.924,0.744,0.983,0.339,0.173,0.04,0.137,0.779,0.491,0.137,0.955,0.878,0.506,0.113,0.657,0.752,0.165,0.742,0.428,0.352,0.62,0.312,0.698,0.986,0.598,0.296,0.443,0.518,0.786,0.278,0.035,0.847,0.587,0.584,0.384,0.251,0.792,0.908,0.231,0.803,0.94,0.058,0.719,0.864,0.915,0.577,0.68,0.507,0.137,0.996,0.326,0.843,0.044,0.672,0.105,0.915,0.073,0.987,0.414,0.317,0.457,0.175,0.729,0.112,0.409,0.202,0.528,0.717,0.556,0.528,0.456,0.729,0.129,0.119,0.387,0.6,0.45,0.861,0.38,0.717,0.973,0.105,0.466,0.382,0.575,0.793,0.974,0.718,0.819,0.348,0.888,0.333,0.764,0.045,0.616,0.15,0.372,0.321,0.019,0.528,0.955,0.381,0.624,0.283,0.235,0.91,0.606,0.935,0.512,0.652,0.15,0.871,0.482,0.458,0.321,1.0,0.818,0.547,0.036,0.59,0.986,0.343,0.951,0.212,0.995,0.717,0.331,0.004,0.022,0.79,0.529,0.844,0.227,0.36,0.788,0.749,0.713,0.6,0.749,0.256,0.48,0.241,0.818,0.767,0.039,0.868,0.535,0.358,0.231,0.771,0.209,0.917,0.023,0.338,0.527,0.367,0.853,0.26,0.063,0.289,0.513,0.172,0.446,0.067,0.896,0.08,0.795,0.524,0.972,0.302,0.707,0.646,0.031,0.674,0.491,0.64,0.204,0.299,0.017,0.877,0.522,0.604,0.027,0.446,0.355,0.635,0.449,0.157,0.988,0.982,0.1,0.93,0.141,0.398,0.814,0.294,0.614,0.758,0.018,0.997,0.895,0.188,0.113,0.421,0.786,0.392,0.228,0.909,0.645,0.586,0.219,0.487,0.495,0.885,0.647,0.942,0.405,0.393,0.693,0.614,0.006,0.157,0.405,0.377,0.117,0.641,0.547,0.805,0.318,0.331,0.394,0.666,0.19,0.006,0.168,0.091,0.797,0.292,0.691,0.75,0.868,0.268,0.735,0.219,0.759,0.554,0.3,0.176,0.663,0.524,0.969,0.466,0.206,0.117,0.831,0.962,0.774,0.879,0.69,0.619,0.337,0.341,0.658,0.3,0.022,0.044,0.448,0.668,0.912,0.923,0.134,0.718,0.786,0.903,0.82,0.451,0.057,0.108,0.443,0.351,0.197,0.765,0.385,0.135,0.151,0.335,0.435,0.483,0.287,0.746,0.502,0.313,0.664,0.334,0.47,0.913,0.139,0.825,0.6,0.123,0.614,0.482,0.937,0.723,0.149,0.375,0.907,0.515,0.855,0.095,0.865,0.82,0.485,0.039,0.416,0.868,0.05,0.954,0.808,0.141,0.212,0.921,0.945,0.812,0.735,0.444,0.122,0.909,0.879,0.118,0.16,0.824,0.263,0.134,0.125,0.669,0.462,0.76,0.747,0.725,0.766,0.845,0.938,0.081,0.402,0.643,0.69,0.295,0.312,0.854,0.354,0.107,0.443,0.109,0.349,0.441,0.743,0.534,0.264,0.382,0.871,0.828,0.469,0.069,0.729,0.551,0.509,0.075,0.308,0.627,0.506,0.56,0.494,0.959,0.137,0.237,0.224,0.392
2020-02-01 19:55:27,0.49,0.939,0.721,0.064,0.198,0.26,0.313,0.204,0.915,0.623,0.656,0.501,0.945,0.651,0.514,0.221,0.316,0.275,0.47,0.275,0.502,0.962,0.312,0.5,0.136,0.24,0.861,0.294,0.29,0.185,0.919,0.438,0.732,0.601,0.829,0.021,0.539,0.766,0.985,0.46,0.086,0.208,0.704,0.511,0.093,0.403,0.511,0.66,0.224,0.496,0.898,0.867,0.732,0.215,0.546,0.686,0.029,0.702,0.931,0.953,0.72,0.459,0.42,0.648,0.542,0.234,0.365,0.32,0.424,0.46,0.824,0.325,0.703,0.768,0.294,0.226,0.699,0.604,0.022,0.978,0.055,0.246,0.462,0.634,0.908,0.764,0.327,0.071,0.373,0.563,0.098,0.988,0.729,0.786,0.825,0.53,0.135,0.85,0.044,0.983,0.031,0.765,0.041,0.884,0.185,0.695,0.056,0.535,0.147,0.242,0.677,0.88,0.982,0.866,0.202,0.161,0.911,0.624,0.006,0.757,0.228,0.992,0.933,0.624,0.397,0.23,0.732,0.218,0.621,0.273,0.254,0.034,0.42,0.412,0.55,0.354,0.355,0.944,0.401,0.793,0.528,0.336,0.998,0.207,0.608,0.141,0.617,1.0,0.962,0.51,0.698,0.518,0.279,0.443,0.307,0.898,0.695,0.699,0.21,0.033,0.911,0.204,0.328,0.758,0.374,0.366,0.334,0.059,0.435,0.865,0.505,0.355,0.854,0.513,0.166,0.141,0.408,0.486,0.061,0.857,0.469,0.301,0.79,0.046,0.001,0.01,0.693,0.726,0.282,0.332,0.157,0.339,0.221,0.614,0.557,0.738,0.25,0.556,0.076,0.965,0.841,0.223,0.085,0.252,0.717,0.247,0.212,0.922,0.93,0.349,0.783,0.19,0.98,0.671,0.38,0.679,0.592,0.667,0.177,0.757,0.733,0.833,0.779,0.459,0.876,0.661,0.003,0.393,0.961,0.916,0.806,0.828,0.938,0.636,0.406,0.48,0.586,0.036,0.893,0.402,0.301,0.873,0.351,0.287,0.081,0.774,0.344,0.436,0.76,0.692,0.441,0.481,0.592,0.386,0.73,0.71,0.076,0.62,0.489,0.88,0.361,0.748,0.519,0.343,0.644,0.37,0.492,0.661,0.366,0.117,0.222,0.036,0.607,0.428,0.454,0.6,0.562,0.869,0.357,0.271,0.535,0.968,0.733,0.372,0.698,0.102,0.069,0.566,0.652,0.15,0.348,0.311,0.81,0.212,0.013,0.458,0.245,0.28,0.49,0.379,0.328,0.914,0.21,0.949,0.359,0.177,0.747,0.573,0.866,0.329,0.275,0.114,0.066,0.865,0.283,0.144,0.496,0.001,0.92,0.824,0.915,0.249,0.423,0.838,0.682,0.711,0.39,0.235,0.007,0.726,0.085,0.777,0.667,0.29,0.617,0.18,0.974,0.328,0.636,0.294,0.792,0.986,0.912,0.04,0.028,0.19,0.08,0.749,0.363,0.169,0.385,0.417,0.739,0.506,0.44,0.054,0.86,0.114,0.76,0.886,0.756,0.023,0.838,0.113,0.377,0.35,0.502,0.51,0.327,0.861,0.301,0.481,0.351,0.986,0.419,0.776,0.03,0.869,0.206,0.385,0.693,0.035,0.63,0.241,0.856,0.745,0.732,0.874,0.908,0.099,0.264,0.977,0.243,0.759,0.058,0.409,0.923,0.093,0.632,0.469,0.767,0.638,0.775,0.789,0.179,0.452,0.616,0.984,0.326,0.506,0.895,0.48,0.793,0.096,0.105,0.89,0.533,0.726,0.421,0.094,0.035,0.036,0.558,0.138,0.399,0.724,0.416,0.967,0.363,0.574,0.522,0.306,0.463,0.881,0.254,0.998,0.115,0.295,0.434,0.34,0.872,0.392,0.218,0.923,0.19,0.766,0.188,0.259,0.02,0.607,0.758,0.317,0.827,0.289,0.641,0.384,0.064,0.942,0.105,0.81,0.702,0.038,0.803,0.2,0.171,0.842,0.496,0.816,0.612,0.511,0.014,0.145,0.805,0.488,0.564,0.532,0.877,0.445,0.654,0.235,0.822,0.451,0.146,0.217,0.663,0.3,0.633,0.239,0.18,0.427,0.564,0.864,0.786,0.02,0.248,0.043,0.447,0.281,0.286,0.527,0.348,0.637,0.532,0.677,0.537,0.595,0.378,0.731,0.56,0.314,0.605,0.643
2020-02-01 19:55:27,0.405,0.293,0.773,0.192,0.287,0.671,0.976,0.831,0.343,0.383,0.103,0.077,0.729,0.219,0.422,0.328,0.677,0.549,0.184,0.554,0.702,0.345,0.221,0.477,0.569,0.692,0.935,0.197,0.893,0.369,0.557,0.938,0.865,0.592,0.946,0.169,0.756,0.132,0.664,0.091,0.115,0.009,0.317,0.313,0.651,0.913,0.626,0.353,0.38,0.537,0.849,0.249,0.492,0.992,0.54,0.972,0.837,0.719,0.436,0.973,0.356,0.25,0.943,0.12,0.119,0.919,0.525,0.56,0.596,0.523,0.441,0.235,0.566,0.139,0.987,0.345,0.988,0.258,0.82,0.749,0.238,0.006,0.984,0.956,0.089,0.877,0.511,0.826,0.02,0.942,0.067,0.598,0.721,0.716,0.513,0.673,0.837,0.574,0.816,0.546,0.804,0.795,0.454,0.42,0.475,0.072,0.916,0.201,0.213,0.711,0.732,0.224,0.024,0.508,0.624,0.587,0.043,0.678,0.184,0.902,0.555,0.699,0.482,0.976,0.668,0.213,0.703,0.332,0.858,0.361,0.658,0.735,0.886,0.296,0.012,0.557,0.208,0.061,0.921,0.302,0.341,0.958,0.825,0.497,0.178,0.272,0.236,0.942,0.068,0.696,0.967,0.075,0.053,0.678,0.398,0.929,0.163,0.381,0.668,0.573,0.075,0.758,0.997,0.74,0.049,0.887,0.608,0.036,0.186,0.064,0.421,0.248,0.994,0.667,0.848,0.968,0.153,0.878,0.655,0.495,0.262,0.216,0.336,0.339,0.868,0.944,0.248,0.349,0.904,0.568,0.392,0.037,0.967,0.034,0.611,0.445,0.967,0.644,0.777,0.977,0.647,0.461,0.175,0.697,0.487,0.869,0.371,0.968,0.2,0.392,0.036,0.752,0.291,0.069,0.079,0.362,0.445,0.17,0.942,0.266,0.5,0.743,0.565,0.015,0.842,0.854,0.868,0.643,0.152,0.733,0.203,0.573,0.603,0.138,0.935,0.193,0.136,0.031,0.618,0.19,0.934,0.335,0.758,0.731,0.391,0.423,0.955,0.383,0.579,0.43,0.546,0.037,0.591,0.624,0.648,0.672,0.835,0.643,0.352,0.996,0.538,0.515,0.314,0.688,0.087,0.881,0.427,0.824,0.804,0.359,0.051,0.822,0.356,0.28,0.524,0.495,0.006,0.01,0.795,0.976,0.882,0.303,0.199,0.073,0.777,0.33,0.417,0.849,0.443,0.491,0.869,0.878,0.014,0.099,0.644,0.058,0.08,0.761,0.161,0.931,0.029,0.517,0.404,0.238,0.572,0.599,0.77,0.306,0.593,0.692,0.02,0.027,0.415,0.041,0.974,0.839,0.28,0.82,0.593,0.633,0.518,0.374,0.155,0.773,0.47,0.829,0.485,0.661,0.36,0.603,0.394,0.891,0.061,0.064,0.797,0.736,0.864,0.164,0.827,0.851,0.455,0.794,0.607,0.92,0.228,0.532,0.818,0.61,0.27,0.091,0.115,0.349,0.294,0.593,0.467,0.24,0.118,0.429,0.223,0.479,0.208,0.545,0.943,0.439,0.573,0.18,0.352,0.076,0.054,0.357,0.744,0.404,0.962,0.195,0.737,0.756,0.909,0.641,0.852,0.66,0.764,0.981,0.841,0.984,0.464,0.972,0.628,0.607,0.609,0.512,0.776,0.663,0.598,0.26,0.534,0.758,0.813,0.173,0.881,0.53,0.186,0.917,0.13,0.45,0.169,0.569,0.501,0.777,0.988,0.596,0.421,0.953,0.943,0.459,0.747,0.76,0.147,0.847,0.809,0.302,0.101,0.192,0.385,0.813,0.33,0.137,0.035,0.442,0.114,0.406,0.037,0.237,0.561,0.911,0.498,0.439,0.614,0.662,0.344,0.862,0.72,0.115,0.909,0.697,0.619,0.323,0.564,0.25,0.102,0.857,0.438,0.418,0.921,0.955,0.791,0.994,0.175,0.683,0.265,0.557,0.015,0.364,0.142,0.712,0.65,0.407,0.109,0.641,0.594,0.333,0.872,0.472,0.162,0.241,0.968,0.563,0.643,0.867,0.736,0.266,0.623,0.099,0.627,0.188,0.965,0.425,0.626,0.935,0.847,0.138,0.103,0.838,0.53,0.463,0.33,0.559,0.981,0.001,0.58,0.797,0.153,0.967,0.468,0.752,0.959,0.653,0.833,0.678,0.089,0.376,0.914,0.622
2020-02-01 19:55:27,0.808,0.947,0.114,0.579,0.826,0.359,0.369,0.423,0.327,0.82,0.265,0.401,0.478,0.022,0.515,0.099,0.703,0.144,0.071,0.938,0.322,0.019,0.184,0.037,0.225,0.644,0.195,0.853,0.107,0.398,0.473,0.879,0.255,0.097,0.436,0.7,0.905,0.015,0.113,0.7,0.887,0.413,0.431,0.14,0.995,0.052,0.78,0.716,0.352,0.892,0.727,0.307,0.566,0.632,0.593,0.288,0.438,0.328,0.747,0.782,0.186,0.814,0.193,0.962,0.934,0.626,0.811,0.572,0.041,0.361,0.231,0.377,0.128,0.508,0.909,0.243,0.885,0.1,0.618,0.464,0.642,0.307,0.343,0.92,0.524,0.354,0.64,0.366,0.157,0.178,0.082,0.781,0.395,0.17,0.483,0.95,0.926,0.884,0.789,0.419,0.535,0.788,0.254,0.521,0.713,0.67,0.117,0.225,0.974,0.619,0.77,0.504,0.83,0.075,0.793,0.56,0.091,0.188,0.532,0.211,0.793,0.995,0.314,0.423,0.985,0.829,0.874,0.777,0.194,0.879,0.32,0.344,0.717,0.637,0.864,0.584,0.117,0.473,0.491,0.894,0.648,0.171,0.332,0.884,0.982,0.55,0.042,0.828,0.628,0.66,0.734,0.008,0.244,0.485,0.853,0.223,0.466,0.486,0.523,0.131,0.441,0.052,1.0,0.012,0.746,0.481,0.278,0.186,0.218,0.48,0.738,0.777,0.44,0.056,0.567,0.93,0.681,0.485,0.236,0.653,0.476,0.353,0.183,0.338,0.436,0.801,0.206,0.475,0.241,0.915,0.849,0.205,0.526,0.629,0.273,0.538,0.293,0.855,0.722,0.939,0.781,0.838,0.707,0.726,0.516,0.148,0.686,0.997,0.374,0.015,0.066,0.981,0.058,0.42,0.51,0.899,0.265,0.184,0.266,0.206,0.929,0.035,0.872,0.402,0.248,0.194,0.497,0.488,0.75,0.932,0.642,0.648,0.407,0.778,0.746,0.242,0.883,0.912,0.112,0.166,0.91,0.901,0.964,0.392,0.27,0.482,0.996,0.921,0.149,0.234,0.119,0.3,0.974,0.165,0.93,0.683,0.305,0.433,0.469,0.219,0.787,0.846,0.799,0.978,0.599,0.673,0.715,0.242,0.583,0.176,0.153,0.709,0.461,0.598,0.48,0.668,0.248,0.996,0.585,0.252,0.191,0.263,0.864,0.961,0.716,0.589,0.795,0.221,0.02,0.555,0.621,0.196,0.141,0.5,0.232,0.941,0.296,0.934,0.096,0.299,0.286,0.159,0.256,0.539,0.46,0.846,0.846,0.834,0.679,0.623,0.394,0.13,0.957,0.853,0.293,0.3,0.337,0.482,0.042,0.529,0.923,0.845,0.377,0.97,0.699,0.927,0.399,0.265,0.807,0.551,0.859,0.305,0.014,0.689,0.909,0.13,0.474,0.46,0.642,0.166,0.213,0.718,0.158,0.303,0.259,0.988,0.891,0.463,0.029,0.421,0.493,0.008,0.084,0.816,0.242,0.779,0.417,0.32,0.497,0.902,0.616,0.693,0.916,0.524,0.495,0.083,0.917,0.189,0.688,0.899,0.795,0.55,0.396,0.37,0.193,0.501,0.626,0.439,0.82,0.809,0.522,0.66,0.544,0.454,0.218,0.241,0.006,0.749,0.074,0.686,0.248,0.428,0.128,0.033,0.825,0.475,0.121,0.23,0.382,0.672,0.652,0.642,0.157,0.333,0.033,0.232,0.968,0.415,0.944,0.54,0.992,0.875,0.887,0.49,0.398,0.058,0.925,0.146,0.692,0.464,0.619,0.49,0.73,0.849,0.443,0.215,0.905,0.484,0.295,0.118,0.645,0.843,0.261,0.092,0.143,0.362,0.595,0.412,0.469,0.123,0.159,0.546,0.06,0.564,0.919,0.208,0.644,0.548,0.18,0.845,0.578,0.852,0.247,0.869,0.897,0.71,0.118,0.456,0.233,0.619,0.106,0.12,0.978,0.55,0.015,0.584,0.464,0.852,0.165,0.357,0.17,0.514,0.888,0.832,0.156,0.6,0.14,0.664,0.664,0.532,0.915,0.584,0.402,0.36,0.826,0.253,0.296,0.42,0.403,0.167,0.43,0.115,0.858,0.89,0.431,0.826,0.137,0.613,0.214,0.114,0.021,0.308,0.568,0.244,0.617,0.169,0.161,0.983,0.262,0.899,0.043,0.704
2020-02-01 19:55:27,0.383,0.282,0.076,0.879,0.529,0.853,0.133,0.521,0.931,0.752,0.951,0.235,0.443,0.935,0.753,0.061,0.539,0.72,0.922,0.994,0.217,0.771,0.296,0.125,0.169,0.193,0.87,0.688,0.329,0.854,0.487,0.978,0.402,0.902,0.172,0.339,0.854,0.45,0.624,0.741,0.074,0.294,0.359,0.77,0.75,0.642,0.201,0.984,0.857,0.878,0.838,0.856,0.839,0.087,0.994,0.848,0.434,0.019,0.695,0.62,0.864,0.846,0.537,0.52,0.469,0.504,0.276,0.582,0.817,0.245,0.651,0.37,0.531,0.51,0.221,0.162,0.794,0.947,0.946,0.761,0.423,0.347,0.337,0.508,0.232,0.623,0.461,0.294,0.868,0.794,0.765,0.829,0.572,0.468,0.775,0.798,0.053,0.898,0.521,0.415,0.536,0.71,0.167,0.536,0.146,0.425,0.91,0.133,0.988,0.092,0.029,0.123,0.813,0.396,0.754,0.289,0.213,0.381,0.847,0.286,0.598,0.642,0.545,0.621,0.458,0.916,0.817,0.209,0.356,0.671,0.776,0.876,0.198,0.615,0.248,0.962,0.28,0.631,0.572,0.934,0.61,0.294,0.218,0.717,0.924,0.536,0.657,0.685,0.632,0.467,0.706,0.956,0.186,0.199,0.902,0.24,0.999,0.584,0.918,0.662,0.713,0.982,0.756,0.686,0.236,0.735,0.533,0.407,0.169,0.209,0.146,0.776,0.639,0.51,0.322,0.72,0.565,0.564,0.909,0.174,0.441,0.929,0.783,0.919,0.218,0.32,0.227,0.212,0.944,0.836,0.675,0.087,0.843,0.135,0.541,0.732,0.336,0.384,0.651,0.637,0.844,0.988,0.81,0.201,0.026,0.414,0.694,0.389,0.296,0.491,0.392,0.132,0.062,0.921,0.43,0.319,0.543,0.917,0.627,0.937,0.854,0.431,0.07,0.005,0.32,0.168,0.854,0.306,0.839,0.543,0.473,0.021,0.267,0.824,0.98,0.871,0.011,0.67,0.341,0.55,0.511,0.648,0.419,0.917,0.947,0.278,0.105,0.399,0.795,0.334,0.223,0.654,0.317,0.484,0.356,0.752,0.354,0.415,0.916,0.564,0.019,0.802,0.381,0.994,0.381,0.188,0.105,0.467,0.178,0.548,0.03,0.919,0.631,0.775,0.481,0.864,0.686,0.346,0.784,0.049,0.248,0.422,0.839,0.698,0.584,0.095,0.324,0.795,0.167,0.896,0.941,0.367,0.032,0.759,0.18,0.322,0.329,0.976,0.407,0.52,0.047,0.771,0.825,0.417,0.925,0.034,0.637,0.32,0.665,0.851,0.028,0.493,0.794,0.653,0.835,0.328,0.945,0.888,0.689,0.308,0.61,0.274,0.689,0.936,0.034,0.19,0.83,0.559,0.798,0.017,0.257,0.698,0.021,0.731,0.587,0.977,0.682,0.743,0.801,0.939,0.871,0.937,0.762,0.012,0.237,0.168,0.428,0.336,0.169,0.513,0.225,0.379,0.256,0.309,0.588,0.913,0.383,0.639,0.991,0.938,0.328,0.028,0.427,0.848,0.317,0.306,0.938,0.666,0.577,0.152,0.357,0.152,0.413,0.092,0.625,0.555,0.424,0.639,0.514,0.383,0.221,0.597,0.603,0.443,0.37,0.79,0.871,0.522,0.725,0.622,0.541,0.545,0.901,0.884,0.473,0.285,0.13,0.382,0.112,0.707,0.17,0.209,0.772,0.395,0.607,0.861,0.799,0.917,0.833,0.69,0.948,0.018,0.795,0.412,0.604,0.818,0.172,0.437,0.037,0.584,0.785,0.364,0.731,0.189,0.471,0.759,0.072,0.138,0.468,0.866,0.015,0.968,0.512,0.756,0.926,0.379,0.69,0.132,0.589,0.875,0.524,0.008,0.702,0.712,0.854,0.335,0.14,0.192,0.241,0.044,0.773,0.155,0.423,0.176,0.733,0.162,0.181,0.498,0.16,0.723,0.527,0.577,0.019,0.859,0.679,0.484,0.087,0.53,0.874,0.065,0.892,0.944,0.463,0.276,0.473,0.987,0.815,0.32,0.863,0.033,0.166,0.725,0.829,0.109,0.693,0.233,0.974,0.055,0.709,0.626,0.54,0.815,0.872,0.258,0.291,0.24,0.089,0.437,0.653,0.8,0.653,0.81,0.445,0.506,0.919,0.733,0.031,0.909,0.7,0.617,0.972,0.641
2020-02-01 19:55:27,0.183,0.963,0.195,0.851,0.628,0.581,0.119,0.236,0.05,0.628,0.441,0.983,0.535,0.567,0.162,0.023,0.98,0.977,0.432,0.485,0.002,0.396,0.622,0.748,0.969,0.271,0.322,0.763,0.652,0.55,0.653,0.206,0.122,0.552,0.08,0.462,0.958,0.654,0.546,0.657,0.534,0.57,0.425,0.857,0.912,0.711,0.151,0.651,0.357,0.355,0.323,0.19,0.082,0.762,0.093,0.042,0.498,0.868,0.328,0.44,0.517,0.676,0.99,0.365,0.605,0.859,0.307,0.651,0.184,0.367,0.702,0.012,0.115,0.487,0.157,0.186,0.545,0.645,0.273,0.414,0.863,0.873,0.277,0.432,0.137,0.428,0.055,0.251,0.487,0.676,0.668,0.379,0.764,0.05,0.783,0.129,0.127,0.709,0.462,0.577,0.776,0.115,0.127,0.237,0.851,0.78,0.73,0.045,0.989,0.004,0.874,0.674,0.643,0.077,0.728,0.331,0.31,0.983,0.248,0.929,0.104,0.619,0.486,0.17,0.594,0.417,0.41,0.624,0.487,0.391,0.652,0.245,0.822,0.811,0.853,0.414,0.076,0.922,0.71,0.118,0.164,0.982,0.476,0.666,0.085,0.332,0.598,0.004,0.832,0.494,0.445,0.81,0.072,0.637,0.779,0.12,0.381,0.101,0.562,0.826,0.66,0.825,0.237,0.047,0.017,0.579,0.982,0.68,0.917,0.016,0.715,0.982,0.248,0.801,0.818,0.849,0.982,0.519,0.529,0.407,0.771,0.235,0.716,0.14,0.311,0.983,0.656,0.62,0.749,0.652,0.71,0.702,0.733,0.968,0.155,0.933,0.406,0.593,0.196,0.248,0.315,0.414,0.751,0.851,0.535,0.478,0.46,0.585,0.683,0.245,0.313,0.916,0.244,0.435,0.258,0.32,0.473,0.239,0.893,0.75,0.101,0.995,0.746,0.683,0.271,0.883,0.02,0.271,0.627,0.005,0.812,0.586,0.538,0.058,0.676,0.686,0.019,0.724,0.033,0.72,0.822,0.126,0.033,0.934,0.255,0.104,0.941,0.657,0.229,0.945,0.133,0.391,0.873,0.9,0.425,0.673,0.481,0.634,0.65,0.73,0.221,0.078,0.534,0.493,0.264,0.372,0.282,0.22,0.215,0.566,0.308,0.139,0.118,0.05,0.895,0.011,0.909,0.487,0.63,0.191,0.795,0.551,0.09,0.8,0.013,0.06,0.699,0.103,0.9,0.951,0.042,0.927,0.249,0.589,0.993,0.642,0.818,0.802,0.601,0.511,0.577,0.971,0.086,0.731,0.537,0.552,0.397,0.458,0.011,0.865,0.647,0.903,0.634,0.369,0.011,0.916,0.147,0.975,0.362,0.405,0.566,0.621,0.912,0.092,0.458,0.452,0.622,0.992,0.579,0.007,0.174,0.475,0.042,0.385,0.129,0.945,0.147,0.822,0.613,0.742,0.482,0.105,0.608,0.951,0.492,0.904,0.399,0.552,0.716,0.745,0.986,0.135,0.487,0.214,0.166,0.333,0.759,0.461,0.481,0.817,0.207,0.572,0.0,0.421,0.155,0.139,0.996,0.974,0.223,0.15,0.746,0.706,0.977,0.479,0.971,0.66,0.602,0.519,0.969,0.044,0.531,0.457,0.859,0.079,0.234,0.265,0.681,0.777,0.581,0.779,0.745,0.246,0.516,0.525,0.661,0.689,0.508,0.839,0.25,0.12,0.083,0.649,0.044,0.217,0.054,0.119,0.998,0.902,0.778,0.826,0.329,0.956,0.66,0.111,0.97,0.972,0.137,0.665,0.21,0.586,0.995,0.268,0.77,0.378,0.674,0.346,0.812,0.6,0.472,0.341,0.06,0.57,0.641,0.305,0.618,0.866,0.821,0.986,0.162,0.589,0.415,0.431,0.491,0.104,0.055,0.251,0.168,0.395,0.67,0.77,0.793,0.017,0.003,0.185,0.13,0.205,0.508,0.424,0.933,0.372,0.788,0.14,0.306,0.973,0.363,0.026,0.117,0.463,0.809,0.031,0.86,0.643,0.742,0.703,0.975,0.763,0.144,0.058,0.014,0.646,0.746,0.591,0.137,0.373,0.39,0.55,0.242,0.981,0.699,0.87,0.781,0.548,0.879,0.653,0.185,0.738,0.06,0.237,0.876,0.765,0.203,0.397,0.537,0.078,0.706,0.042,0.59,0.202,0.739,0.296,0.505,0.879
2020-02-01 19:55:27,0.258,0.853,0.897,0.837,0.897,0.627,0.047,0.826,0.804,0.123,0.331,0.097,0.641,0.077,0.898,0.451,0.865,0.43,0.24,0.149,0.349,0.294,0.692,0.687,0.032,0.856,0.15,0.321,0.977,0.296,0.953,0.17,0.024,0.866,0.425,0.341,0.369,0.111,0.258,0.353,0.977,0.239,0.131,0.634,0.273,0.873,0.994,0.672,0.331,0.043,0.337,0.929,0.522,0.745,0.787,0.179,0.701,0.544,0.985,0.632,0.659,0.193,0.086,0.354,0.783,0.045,0.877,0.631,0.43,0.576,0.91,0.375,0.512,0.253,0.158,0.982,0.88,0.39,0.423,0.869,0.193,0.297,0.432,0.623,0.54,0.214,0.234,0.683,0.704,0.849,0.135,0.526,0.753,0.171,0.289,0.614,0.064,0.525,0.623,0.775,0.741,0.406,0.032,0.392,0.973,0.398,0.635,0.919,0.43,0.841,0.232,0.781,0.56,0.639,0.102,0.266,0.552,0.765,0.451,0.383,0.94,0.399,0.85,0.646,0.674,0.842,0.07,0.644,0.855,0.61,0.046,0.088,0.675,0.17,0.864,0.452,0.316,0.066,0.81,0.829,0.826,0.631,0.885,0.621,0.645,0.323,0.423,0.771,0.875,0.638,0.88,0.977,0.611,0.914,0.263,0.768,0.592,0.098,0.622,0.382,0.459,0.526,0.682,0.38,0.915,0.618,0.733,0.591,0.764,0.077,0.105,0.507,0.128,0.036,0.479,0.234,0.01,0.366,0.033,0.861,0.528,0.0,0.15,0.139,0.493,0.35,0.81,0.594,0.063,0.731,0.837,0.473,0.174,0.605,0.088,0.255,0.661,0.326,0.211,0.363,0.601,0.028,0.231,0.224,0.986,0.181,0.493,0.932,0.575,0.852,0.222,0.914,0.085,0.887,0.361,0.831,0.395,0.675,0.926,0.332,0.677,0.692,0.344,0.667,0.552,0.66,0.882,0.872,0.722,0.475,0.474,0.751,0.494,0.284,0.152,0.589,0.543,0.003,0.581,0.29,0.971,0.864,0.328,0.813,0.652,0.821,0.178,0.337,0.293,0.002,0.199,0.827,0.555,0.262,0.148,0.428,0.421,0.108,0.094,0.133,0.661,0.469,0.489,0.681,0.916,0.937,0.348,0.964,0.271,0.975,0.503,0.401,0.08,0.364,0.715,0.198,0.082,0.288,0.608,0.951,0.963,0.047,0.647,0.677,0.346,0.77,0.275,0.051,0.889,0.931,0.785,0.915,0.945,0.527,0.505,0.584,0.677,0.249,0.409,0.958,0.248,0.856,0.159,0.158,0.153,0.889,0.938,0.086,0.099,0.611,0.559,0.847,0.992,0.863,0.529,0.909,0.512,0.363,0.985,0.872,0.946,0.724,0.216,0.86,0.296,0.969,0.472,0.773,0.333,0.176,0.308,0.597,0.3,0.62,0.941,0.483,0.809,0.12,0.341,0.5,0.962,0.994,0.621,0.645,0.487,0.4,0.0,0.563,0.163,0.421,0.452,0.838,0.758,0.084,0.689,0.747,0.689,0.397,0.817,0.39,0.227,0.684,0.272,0.295,0.84,0.569,0.947,0.202,0.676,0.583,0.686,0.264,0.133,0.081,0.647,0.591,0.122,0.735,0.732,0.131,0.922,0.742,0.544,0.26,0.9,0.313,0.114,0.857,0.315,0.137,0.327,0.443,0.098,0.438,0.555,0.279,0.248,0.974,0.115,0.791,0.668,0.644,0.007,0.597,0.844,0.105,0.77,0.716,0.066,0.119,0.03,0.193,0.348,0.871,0.822,0.85,0.851,0.985,0.647,0.283,0.582,0.55,0.359,0.746,0.09,0.245,0.184,0.837,0.179,0.807,0.847,0.188,0.188,0.412,0.159,0.652,0.975,0.549,0.762,0.192,0.388,0.062,0.198,0.003,0.449,0.61,0.366,0.263,0.234,0.699,0.253,0.772,0.209,0.386,0.495,0.498,0.949,0.664,0.056,0.765,0.047,0.473,0.282,0.725,0.75,0.319,0.808,0.753,0.745,0.434,0.84,0.635,0.99,0.567,0.23,0.981,0.85,0.313,0.016,0.971,0.636,0.926,0.175,0.311,0.909,0.726,0.209,0.214,0.728,0.102,0.538,0.531,0.21,0.114,0.499,0.307,0.991,0.881,0.879,0.437,0.749,0.466,0.492,0.514,0.746,0.314,0.218,0.895,0.229,0.414,0.904,0.553
2020-02-01 19:55:27,0.858,0.833,0.501,0.588,0.182,0.613,0.735,0.187,0.948,0.987,0.729,0.179,0.17,0.023,0.191,0.535,0.927,0.905,0.805,0.995,0.531,0.5,0.388,0.058,0.495,0.901,0.8,0.173,0.82,0.715,0.198,0.222,0.216,0.844,0.037,0.672,0.388,0.489,0.989,0.796,0.141,0.4,0.056,0.926,0.462,0.948,0.816,0.611,0.425,0.063,0.908,0.319,0.039,0.835,0.506,0.494,0.139,0.058,0.51,0.783,0.53,0.679,0.466,0.143,0.324,0.685,0.284,0.628,0.612,0.137,0.674,0.74,0.762,0.057,0.327,0.767,0.039,0.899,0.1,0.831,0.172,0.099,0.117,0.067,0.127,0.993,0.2,0.33,0.865,0.28,0.42,0.031,0.497,0.589,0.462,0.064,0.439,0.437,0.525,0.975,0.451,0.871,0.442,0.483,0.847,0.119,0.744,0.54,0.067,0.992,0.938,0.846,0.109,0.115,0.325,0.36,0.083,0.663,0.199,0.328,0.07,0.906,0.891,0.674,0.059,0.427,0.521,0.734,0.839,0.168,0.04,0.92,0.093,0.071,0.828,0.764,0.087,0.219,0.865,0.162,0.876,0.073,0.32,0.733,0.738,0.989,0.916,0.055,0.052,0.75,0.767,0.812,0.147,0.138,0.878,0.867,0.498,0.005,0.852,0.389,0.678,0.051,0.484,0.396,0.141,0.393,0.089,0.077,0.882,0.097,0.306,0.955,0.02,0.192,0.598,0.243,0.024,0.676,0.407,0.036,0.737,0.387,0.666,0.377,0.125,0.807,0.854,0.708,0.961,0.989,0.713,0.684,0.006,0.315,0.075,0.603,0.133,0.209,0.154,0.234,0.192,0.893,0.527,0.179,0.934,0.014,0.126,0.762,0.97,0.22,0.896,0.074,0.545,0.821,0.243,0.705,0.899,0.075,0.178,0.199,0.316,0.818,0.489,0.001,0.247,0.495,0.041,0.306,0.586,0.416,0.93,0.268,0.621,0.555,0.044,0.739,0.485,0.639,0.07,0.259,0.158,0.07,0.346,0.199,0.251,0.795,0.022,0.824,0.424,0.421,0.068,0.139,0.308,0.666,0.639,0.944,0.677,0.375,0.628,0.232,0.249,0.606,0.915,0.092,0.456,0.382,0.254,0.782,0.583,0.834,0.708,0.577,0.082,0.514,0.798,0.633,0.047,0.837,0.007,0.681,0.306,0.945,0.117,0.728,0.404,0.739,0.501,0.226,0.148,0.111,0.044,0.451,0.657,0.669,0.723,0.41,0.002,0.474,0.572,0.161,0.061,0.078,0.997,0.852,0.688,0.434,0.48,0.9,0.844,0.038,0.906,0.215,0.554,0.354,0.264,0.761,0.188,0.982,0.872,0.198,0.725,0.64,0.388,0.963,0.57,0.656,0.543,0.1,0.765,0.484,0.113,0.517,0.063,0.16,0.764,0.552,0.457,0.013,0.784,0.864,0.447,0.129,0.806,0.236,0.588,0.554,0.85,0.592,0.22,0.373,0.99,0.982,0.323,0.875,0.413,0.461,0.986,0.137,0.5,0.337,0.653,0.363,0.806,0.558,0.398,0.221,0.799,0.222,0.697,0.18,0.091,0.713,0.564,0.145,0.699,0.61,0.383,0.627,0.828,0.426,0.131,0.24,0.926,0.181,0.478,0.235,0.773,0.64,0.128,0.383,0.22,0.922,0.775,0.424,0.987,0.077,0.012,0.641,0.188,0.121,0.22,0.157,0.83,0.728,0.857,0.625,0.717,0.41,0.665,0.473,0.249,0.522,0.436,0.06,0.169,0.435,0.702,0.246,0.262,0.385,0.832,0.056,0.506,0.16,0.26,0.998,0.239,0.11,0.21,0.81,0.781,0.192,0.161,0.632,0.624,0.374,0.946,0.318,0.96,0.118,0.684,0.656,0.273,0.708,0.252,0.318,0.808,0.16,0.009,0.084,0.414,0.931,0.577,0.088,0.636,0.482,0.785,0.091,0.86,0.053,0.544,0.595,0.905,0.417,0.757,0.971,0.132,0.844,0.329,0.784,0.324,0.294,0.085,0.577,0.002,0.475,0.036,0.416,0.194,0.041,0.368,0.835,0.076,0.934,0.359,0.443,0.02,0.599,0.831,0.751,0.815,0.797,0.911,0.799,0.639,0.308,0.66,0.677,0.551,0.94,0.301,0.099,0.745,0.06,0.457,0.721,0.402,0.522,0.1,0.534,0.007,0.598
2020-02-01 19:55:27,0.112,0.476,0.589,0.76,0.534,0.918,0.288,0.571,0.025,0.191,0.655,0.192,0.81,0.55,0.293,0.854,0.568,0.253,0.477,0.606,0.113,0.749,0.112,0.304,0.313,0.27,0.57,0.335,0.482,0.2,0.557,0.892,0.756,0.403,0.918,0.193,0.855,0.242,0.015,0.112,0.024,0.065,0.943,0.166,0.92,0.129,0.698,0.853,0.842,0.963,0.401,0.116,0.575,0.953,0.504,0.612,0.34,0.284,0.775,0.226,0.375,0.633,0.156,0.707,0.649,0.029,0.725,0.589,0.075,0.537,0.367,0.412,0.92,0.979,0.946,0.852,0.596,0.37,0.559,0.077,0.309,0.045,0.366,0.772,0.032,0.358,0.763,0.027,0.108,0.544,0.847,0.962,0.555,0.582,0.572,0.38,0.34,0.833,0.863,0.744,0.468,0.43,0.623,0.895,0.505,0.949,0.429,0.41,0.297,0.399,0.207,0.151,0.823,0.452,0.848,0.713,0.852,0.913,0.121,0.801,0.089,0.041,0.092,0.036,0.264,0.065,0.898,0.0,0.841,0.697,0.884,0.651,0.367,0.053,0.207,0.677,0.52,0.477,0.693,0.512,0.244,0.818,0.117,0.396,0.534,0.58,0.851,0.197,0.851,0.849,0.808,0.673,0.979,0.13,0.296,0.163,0.321,0.92,0.638,0.953,0.025,0.418,0.016,0.055,0.976,0.376,0.776,0.584,0.319,0.905,0.245,0.55,0.58,0.652,0.91,0.796,0.397,0.668,0.764,0.484,0.922,0.325,0.305,0.237,0.217,0.67,0.019,0.689,0.403,0.942,0.304,0.378,0.244,0.094,0.892,0.508,0.357,0.583,0.191,0.353,0.844,0.74,0.292,0.509,0.891,0.769,0.178,0.953,0.519,0.75,0.127,0.13,0.74,0.582,0.247,0.54,0.467,0.083,0.916,0.571,0.562,0.082,0.56,0.829,0.313,0.701,0.537,0.004,0.951,0.707,0.434,0.528,0.87,0.529,0.352,0.162,0.241,0.184,0.81,0.688,0.641,0.044,0.379,0.631,0.446,0.026,0.427,0.336,0.343,0.106,0.364,0.096,0.695,0.61,0.294,0.61,0.112,0.111,0.707,0.521,0.468,0.411,0.673,0.397,0.8,0.461,0.734,0.926,0.05,0.329,0.311,0.093,0.76,0.634,0.328,0.317,0.912,0.45,0.11,0.526,0.635,0.848,0.863,0.435,0.923,0.098,0.891,0.314,0.528,0.607,0.327,0.963,0.183,0.843,0.299,0.608,0.387,0.487,0.366,0.029,0.769,0.166,0.476,0.84,0.365,0.613,0.935,0.206,0.155,0.22,0.449,0.684,0.484,0.278,0.048,0.159,0.817,0.995,0.478,0.36,0.865,0.421,0.374,0.215,0.986,0.315,0.371,0.345,0.768,0.902,0.581,0.864,0.932,0.327,0.956,0.185,0.321,0.275,0.622,0.219,0.203,0.536,0.577,0.42,0.643,0.842,0.209,0.923,0.809,0.868,0.139,0.352,0.28,0.119,0.228,0.174,0.066,0.55,0.454,0.535,0.881,0.073,0.036,0.17,0.274,0.167,0.536,0.397,0.364,0.237,0.182,0.847,0.695,0.834,0.825,0.644,0.208,0.826,0.425,0.232,0.889,0.416,0.185,0.923,0.595,0.589,0.218,0.85,0.064,0.277,0.431,0.773,0.512,0.686,0.939,0.79,0.785,0.67,0.436,0.076,0.706,0.014,0.588,0.607,0.05,0.276,0.046,0.782,0.161,0.546,0.338,0.351,0.885,0.304,0.039,0.762,0.415,0.71,0.052,0.591,0.892,0.423,0.393,0.835,0.866,0.299,0.77,0.56,0.225,0.679,0.704,0.73,0.444,0.34,0.038,0.484,0.152,0.682,0.318,0.025,0.416,0.373,0.982,0.448,0.86,0.946,0.739,0.248,0.045,0.871,0.312,0.743,0.957,0.026,0.923,0.138,0.704,0.987,0.64,0.187,0.727,0.848,0.6,0.241,0.969,0.74,0.914,0.633,0.131,0.294,0.522,0.214,0.279,0.935,0.424,0.753,0.225,0.294,0.009,0.499,0.532,0.65,0.103,0.007,0.578,0.281,0.769,0.025,0.954,0.733,0.716,0.347,0.827,0.568,0.323,0.304,0.942,0.029,0.783,0.058,0.825,0.822,1.0,0.564,0.154,0.577,0.766,0.183,0.776,0.133,0.706,0.245
2020-02-01 19:55:27,0.782,0.542,0.004,0.535,0.203,0.384,1.0,0.211,0.156,0.51,0.96,0.66,0.421,0.58,0.103,0.063,0.724,0.481,0.307,0.767,0.931,0.86,0.717,0.328,0.385,0.904,0.957,0.486,0.778,0.826,0.785,0.363,0.839,0.463,0.617,0.583,0.275,0.443,0.552,0.272,0.286,0.114,0.366,0.504,0.259,0.906,0.425,0.915,0.392,0.39,0.28,0.278,0.245,0.591,0.095,0.826,0.564,0.193,0.422,0.672,0.593,0.563,0.901,0.433,0.475,0.387,0.781,0.002,0.864,0.563,0.019,0.492,0.962,0.547,0.063,0.331,0.153,0.647,0.039,0.967,0.468,0.892,0.853,0.708,0.121,0.564,0.38,0.704,0.492,0.564,0.687,0.897,0.209,0.048,0.552,0.966,0.204,0.796,0.977,0.734,0.981,0.09,0.329,0.986,0.678,0.861,0.433,0.825,0.641,0.705,0.259,0.638,0.091,0.883,0.992,0.497,0.282,0.766,0.647,0.222,0.078,0.868,0.907,0.711,0.69,0.619,0.087,0.688,0.092,0.598,0.88,0.486,0.157,0.625,0.054,0.791,0.174,0.502,0.789,0.635,0.058,0.626,0.364,0.003,0.247,0.617,0.797,0.711,0.232,0.611,0.257,0.739,0.507,0.964,0.402,0.502,0.795,0.367,0.74,0.579,1.0,0.898,0.466,0.946,0.372,0.136,0.589,0.506,0.742,0.631,0.591,0.91,0.197,0.789,0.957,0.091,0.208,0.701,0.449,0.271,0.541,0.268,0.005,0.238,0.047,0.451,0.529,0.719,0.703,0.386,0.259,0.14,0.621,0.828,0.16,0.324,0.025,0.625,0.906,0.706,0.699,0.261,0.087,0.219,0.231,0.157,0.062,0.118,0.877,0.983,0.012,0.725,0.645,0.072,0.587,0.247,0.831,0.664,0.386,0.377,0.965,0.829,0.612,0.089,0.232,0.586,0.203,0.537,0.662,0.879,0.725,0.326,0.096,0.798,0.008,0.059,0.364,0.584,0.921,0.404,0.14,0.158,0.819,0.105,0.848,0.317,0.736,0.421,0.235,0.949,0.648,0.925,0.743,0.834,0.233,0.182,0.48,0.051,0.725,0.714,0.813,0.137,0.246,0.586,0.967,0.044,0.727,0.82,0.09,0.052,0.312,0.549,0.209,0.315,0.648,0.495,0.059,0.233,0.341,0.929,0.245,0.076,0.664,0.017,0.082,0.658,0.372,0.091,0.155,0.394,0.512,0.197,0.011,0.78,0.096,0.854,0.371,0.264,0.711,0.278,0.956,0.808,0.65,0.607,0.27,0.89,0.005,0.454,0.743,0.048,0.074,0.743,0.272,0.514,0.144,0.297,0.599,0.265,0.056,0.384,0.609,0.818,0.785,0.624,0.104,0.341,0.185,0.825,0.668,0.122,0.619,0.204,0.31,0.478,0.798,0.186,0.522,0.337,0.904,0.271,0.117,0.156,0.95,0.45,0.191,0.791,0.335,0.315,0.317,0.528,0.964,0.845,0.592,0.301,0.578,0.768,0.185,0.805,0.143,0.125,0.67,0.341,0.97,0.265,0.583,0.893,0.491,0.656,0.8,0.218,0.846,0.4,0.295,0.894,0.42,0.314,0.104,0.356,0.961,0.487,0.769,0.651,0.349,0.005,0.497,0.526,0.853,0.684,0.19,0.172,0.211,0.672,0.479,0.332,0.12,0.359,0.179,0.472,0.377,0.111,0.116,0.014,0.571,0.15,0.178,0.321,0.683,0.295,0.078,0.26,0.791,0.915,0.127,0.567,0.483,0.424,0.312,0.117,0.195,0.684,0.078,0.985,0.082,0.025,0.771,0.732,0.34,0.308,0.767,0.699,0.576,0.8,0.059,0.035,0.056,0.886,0.206,0.905,0.192,0.486,0.948,0.524,0.859,0.514,0.337,0.672,0.949,0.163,0.821,0.981,0.883,0.671,0.149,0.314,0.805,0.748,0.587,0.533,0.808,0.227,0.919,0.956,0.732,0.575,0.017,0.242,0.284,0.853,0.042,0.55,0.723,0.963,0.719,0.048,0.325,0.116,0.516,0.855,0.752,0.328,0.391,0.848,0.737,0.872,0.659,0.203,0.616,0.797,0.435,0.922,0.815,0.315,0.642,0.3,0.525,0.679,0.041,0.461,0.582,0.189,0.281,0.984,0.993,0.982,0.532,0.661,0.801,0.309,0.997,0.309,0.481,0.772
2020-02-01 19:55:27,0.653,0.007,0.946,0.953,0.272,0.336,0.272,0.053,0.523,0.381,0.212,0.216,0.482,0.669,0.912,0.535,0.508,0.066,0.817,0.172,0.705,0.11,0.93,0.717,0.234,0.621,0.289,0.921,0.094,0.518,0.947,0.968,0.875,0.819,0.024,0.865,0.574,0.795,0.159,0.323,0.331,0.904,0.24,0.105,0.58,0.002,0.072,0.77,0.445,0.713,0.573,0.666,0.84,0.256,0.09,0.118,0.731,0.778,0.978,0.474,0.089,0.477,0.476,0.523,0.315,0.486,0.699,0.829,0.853,0.323,0.435,0.08,0.565,0.589,0.864,0.837,0.119,0.398,0.806,0.026,0.602,0.264,0.889,0.904,0.895,0.061,0.016,0.822,0.909,0.73,0.234,0.954,0.69,0.954,0.459,0.623,0.66,0.164,0.242,0.18,0.634,0.483,0.6,0.272,0.592,0.15,0.177,0.426,0.871,0.801,0.178,0.283,0.871,0.947,0.469,0.573,0.34,0.747,0.088,0.682,0.271,0.656,0.225,0.638,0.235,0.051,0.242,0.862,0.993,0.459,0.24,0.623,0.233,0.752,0.423,0.909,0.24,0.744,0.542,0.101,0.048,0.28,0.409,0.664,0.704,0.494,0.158,0.566,0.966,0.518,0.942,0.782,0.015,0.719,0.642,0.537,0.97,0.422,0.046,0.075,0.69,0.91,0.758,0.25,0.52,0.998,0.346,0.333,0.117,0.708,0.961,0.465,0.553,0.85,0.437,0.801,0.43,0.938,0.587,0.481,0.541,0.366,0.141,0.014,0.061,0.19,0.804,0.312,0.231,0.12,0.985,0.565,0.926,0.645,0.297,0.21,0.635,0.585,0.225,0.891,0.472,0.449,0.531,0.103,0.75,0.16,0.073,0.384,0.883,0.793,0.134,0.434,0.347,0.268,0.287,0.559,0.469,0.735,0.235,0.497,0.181,0.82,0.034,0.284,0.49,0.29,0.469,0.336,0.591,0.005,0.233,0.892,0.751,0.914,0.133,0.043,0.615,0.549,0.79,0.23,0.392,0.546,0.214,0.963,0.841,0.718,0.931,0.948,0.875,0.168,0.869,0.339,0.094,0.438,0.968,0.767,0.76,0.232,0.701,0.033,0.956,0.956,0.032,0.815,0.359,0.327,0.97,0.09,0.065,0.523,0.104,0.315,0.231,0.222,0.627,0.095,0.773,0.324,0.73,0.633,0.452,0.666,0.367,0.178,0.325,0.073,0.135,0.108,0.039,0.443,0.278,0.975,0.967,0.607,0.661,0.155,0.526,0.944,0.299,0.608,0.724,0.457,0.649,0.507,0.722,0.552,0.138,0.053,0.059,0.22,0.203,0.63,0.54,0.94,0.528,0.97,0.641,0.508,0.031,0.457,0.361,0.601,0.242,0.245,0.212,0.726,0.471,0.253,0.428,0.868,0.833,0.015,0.484,0.065,0.502,0.705,0.852,0.119,0.399,0.098,0.037,0.688,0.545,0.104,0.233,0.852,0.059,0.23,0.094,0.071,0.396,0.865,0.683,0.191,0.088,0.535,0.648,0.325,0.234,0.914,0.746,0.382,0.174,0.67,0.093,0.294,0.065,0.651,0.384,0.913,0.656,0.508,0.574,0.475,0.558,0.495,0.98,0.719,0.464,0.066,0.377,0.666,0.25,0.126,0.58,0.696,0.791,0.038,0.787,0.299,0.947,0.008,0.057,0.97,0.14,0.188,0.997,0.596,0.192,0.147,0.085,0.846,0.465,0.206,0.478,0.591,0.268,0.435,0.064,0.609,0.632,0.232,0.115,0.587,0.098,0.398,0.102,0.833,0.801,0.577,0.428,0.446,0.082,0.587,0.308,0.809,0.398,0.153,0.872,0.404,0.109,0.498,0.177,0.92,0.203,0.795,0.625,0.088,0.739,0.623,0.061,0.391,0.744,0.842,0.893,0.915,0.85,0.973,0.913,0.209,0.858,0.843,0.91,0.717,0.215,0.169,0.946,0.965,0.813,0.699,0.685,0.155,0.795,0.896,0.61,0.344,0.894,0.577,0.573,0.351,0.099,0.154,0.424,0.9,0.44,0.478,0.631,0.8,0.143,0.421,0.619,0.829,0.469,0.778,0.76,0.075,0.856,0.187,0.345,0.42,0.597,0.828,0.754,0.376,0.586,0.79,0.448,0.388,0.682,0.967,0.812,0.985,0.521,0.074,0.33,0.346,0.493,0.535,0.173,0.408,0.616,0.697
2020-02-01 19:55:27,0.368,0.019,0.402,0.542,0.182,0.621,0.599,0.318,0.774,0.252,0.284,0.39,0.534,0.987,0.855,0.862,0.745,0.009,0.124,0.821,0.906,0.832,0.541,0.706,0.692,0.847,0.287,0.699,0.472,0.359,0.561,0.088,0.79,0.175,0.96,0.373,0.371,0.662,0.914,0.704,0.581,0.353,0.518,0.216,0.524,0.339,0.856,0.717,0.397,0.243,0.752,0.042,0.882,0.998,0.328,0.445,0.433,0.612,0.756,0.704,0.296,0.412,0.563,0.536,0.214,0.35,0.094,0.75,0.906,0.116,0.406,0.512,0.966,0.849,0.404,0.408,0.191,0.304,0.254,0.213,0.435,0.532,0.426,0.638,0.544,0.191,0.29,0.861,0.517,0.443,0.321,0.162,0.428,0.119,0.79,0.567,0.386,0.161,0.57,0.297,0.349,0.498,0.625,0.54,0.305,0.74,0.191,0.343,0.617,0.793,0.697,0.452,0.12,0.403,0.576,0.272,0.863,0.684,0.008,0.247,0.552,0.123,0.692,0.025,0.281,0.385,0.962,0.853,0.91,0.731,0.365,0.773,0.859,0.318,0.476,0.474,0.138,0.105,0.702,0.841,0.873,0.358,0.606,0.591,0.628,0.16,0.454,0.537,0.803,0.707,0.57,0.502,0.076,0.939,0.548,0.746,0.847,0.317,0.429,0.179,0.95,0.037,0.974,0.863,0.078,0.258,0.772,0.882,0.137,0.348,0.88,0.429,0.526,0.176,0.672,0.408,0.343,0.197,0.023,0.92,0.637,0.763,0.994,0.056,0.294,0.256,0.865,0.609,0.892,0.887,0.22,0.865,0.312,0.978,0.429,0.991,0.88,0.37,0.523,0.366,0.836,0.936,0.45,0.546,0.392,0.957,0.819,0.158,0.951,0.993,0.075,0.768,0.962,0.076,0.525,0.986,0.889,0.212,0.652,0.12,0.011,0.478,0.897,0.132,0.586,0.34,0.951,0.025,0.836,0.273,0.706,0.93,0.069,0.666,0.395,0.687,0.683,0.115,0.34,0.606,0.882,0.793,0.667,0.277,0.334,0.735,0.546,0.959,0.929,0.781,0.465,0.026,0.278,0.029,0.995,0.107,0.434,0.187,0.543,0.915,0.557,0.724,0.067,0.952,0.674,0.391,0.515,0.914,0.4,0.267,0.817,0.497,0.473,0.342,0.938,0.617,0.05,0.978,0.938,0.401,0.412,0.684,0.745,0.425,0.334,0.593,0.268,0.163,0.665,0.263,0.883,0.129,0.329,0.948,0.711,0.613,0.534,0.567,0.975,0.959,0.256,0.269,0.92,0.101,0.329,0.174,0.412,0.574,0.397,0.644,0.01,0.852,0.368,0.463,0.07,0.262,0.765,0.259,0.181,0.436,0.954,0.181,0.089,0.672,0.142,0.798,0.17,0.549,0.778,0.577,0.049,0.844,0.079,0.255,0.224,0.148,0.757,0.421,0.795,0.403,0.056,0.636,0.102,0.245,0.002,0.191,0.091,0.81,0.258,0.292,0.979,0.348,0.371,0.937,0.409,0.384,0.999,0.313,0.251,0.681,0.409,0.121,0.662,0.928,0.775,0.147,0.479,0.543,0.474,0.361,0.49,0.653,0.756,0.178,0.874,0.635,0.974,0.954,0.494,0.687,0.332,0.058,0.716,0.413,0.527,0.633,0.698,0.143,0.414,0.594,0.343,0.147,0.405,0.309,0.67,0.891,0.041,0.501,0.324,0.897,0.341,0.201,0.401,0.908,0.199,0.651,0.989,0.825,0.486,0.476,0.882,0.053,0.968,0.3,0.31,0.697,0.257,0.665,0.313,0.708,0.158,0.87,0.876,0.1,0.267,0.089,0.844,0.418,0.983,0.917,0.261,0.713,0.367,0.702,0.841,0.539,0.199,0.518,0.89,0.669,0.192,0.523,0.932,0.877,0.801,0.713,0.149,0.13,0.298,0.347,0.779,0.755,0.479,0.02,0.602,0.509,0.785,0.922,0.597,0.255,0.335,0.487,0.781,0.996,0.85,0.007,0.938,0.524,0.976,0.619,0.677,0.024,0.533,0.331,0.256,0.21,0.823,0.542,0.894,0.119,0.916,0.198,0.16,0.893,0.012,0.257,0.143,0.967,0.151,0.969,0.679,0.933,0.829,0.524,0.578,0.385,0.821,0.559,0.228,0.695,0.2,0.489,0.789,0.614,0.165,0.893,0.105,0.527,0.894,0.829,0.656,0.707
2020-02-01 19:55:27,0.449,0.628,0.258,0.6,0.82,0.489,0.323,0.046,0.651,0.559,0.021,0.799,0.515,0.538,0.426,0.869,0.559,0.255,0.932,0.064,0.373,0.512,0.621,0.177,0.078,0.867,0.869,0.4,0.719,0.689,0.26,0.728,0.178,0.583,0.472,0.392,0.388,0.624,0.067,0.842,0.97,0.61,0.387,0.952,0.418,0.163,0.172,0.382,0.281,0.263,0.649,0.35,0.2,0.206,0.697,0.14,0.131,0.811,0.902,0.649,0.963,0.161,0.63,0.979,0.439,0.243,0.085,0.858,0.303,0.65,0.617,0.897,0.912,0.068,0.326,0.007,0.853,0.177,0.696,0.557,0.249,0.881,0.046,0.173,0.361,0.155,0.573,0.141,0.623,0.609,0.766,0.063,0.145,0.538,0.676,0.465,0.505,0.545,0.846,0.097,0.635,0.803,0.243,0.563,0.556,0.091,0.429,0.958,0.428,0.638,0.642,0.826,0.679,0.053,0.809,0.904,0.987,0.94,0.168,0.207,0.795,0.014,0.841,0.372,0.008,0.955,0.105,0.111,0.21,0.571,0.758,0.982,0.487,0.302,0.864,0.942,0.273,0.262,0.134,0.048,0.501,0.905,0.884,0.571,0.81,0.342,0.697,0.157,0.688,0.396,0.662,0.306,0.094,0.176,0.535,0.61,0.141,0.472,0.985,0.687,0.157,0.119,0.242,0.684,0.76,0.45,0.885,0.922,0.199,0.385,0.214,0.029,0.718,0.57,0.416,0.742,0.09,0.458,0.606,0.039,0.427,0.098,0.526,0.668,0.64,0.505,0.585,0.746,0.916,0.967,0.705,0.667,0.276,0.139,0.252,0.927,0.469,0.588,0.888,0.44,0.029,0.66,0.228,0.571,0.602,0.856,0.771,0.99,0.009,0.519,0.85,0.52,0.508,0.753,0.051,0.774,0.008,0.013,0.206,0.093,0.846,0.906,0.231,0.291,0.271,0.298,0.216,0.9,0.551,0.164,0.036,0.061,0.205,0.317,0.177,0.631,0.636,0.549,0.242,0.949,0.705,0.493,0.437,0.301,0.84,0.706,0.214,0.751,0.087,0.848,0.975,0.832,0.087,0.018,0.531,0.954,0.885,0.739,0.555,0.755,0.444,0.291,0.171,0.63,0.935,0.957,0.102,0.617,0.626,0.533,0.295,0.485,0.989,0.794,0.876,0.816,0.138,0.874,0.238,0.352,0.27,0.512,0.626,0.692,0.049,0.18,0.884,0.381,0.756,0.247,0.664,0.932,0.17,0.475,0.22,0.631,0.47,0.824,0.154,0.414,0.181,0.784,0.646,0.831,0.573,0.642,0.541,0.276,0.378,0.168,0.3,0.91,0.397,0.545,0.723,0.714,0.066,0.224,0.457,0.334,0.979,0.007,0.271,0.811,0.656,0.838,0.882,0.928,0.318,0.628,0.495,0.523,0.973,0.335,0.28,0.67,0.558,0.77,0.716,0.984,0.122,0.865,0.651,0.309,0.502,0.594,0.823,0.74,0.699,0.456,0.92,0.295,0.938,0.496,0.531,0.375,0.465,0.648,0.272,0.509,0.195,0.095,0.943,0.234,0.961,0.978,0.375,0.842,0.545,0.208,0.616,0.683,0.356,0.027,0.626,0.447,0.509,0.766,0.406,0.837,0.743,0.465,0.74,0.656,0.793,0.367,0.594,0.522,0.152,0.428,0.065,0.494,0.293,0.971,0.767,0.873,0.859,0.17,0.688,0.308,0.383,0.575,0.412,0.714,0.973,0.026,0.962,0.16,0.455,0.381,0.173,0.865,0.939,0.097,0.944,0.785,0.936,0.874,0.757,0.228,0.886,0.68,0.983,0.433,0.866,0.428,0.455,0.281,0.439,0.085,0.407,0.522,0.376,0.349,0.836,0.78,0.192,0.623,0.792,0.952,0.104,0.074,0.857,0.182,0.241,0.887,0.13,0.911,0.974,0.816,0.53,0.258,0.037,0.587,0.276,0.339,0.949,0.962,0.141,0.184,0.342,0.293,0.312,0.903,0.63,0.527,0.892,0.783,0.88,0.284,0.381,0.815,0.784,0.775,0.421,0.962,0.908,0.614,0.841,0.888,0.627,0.964,0.391,0.297,0.978,0.807,0.432,0.853,0.017,0.456,0.962,0.91,0.769,0.833,0.053,0.281,0.816,0.038,0.446,0.079,0.838,0.928,0.195,0.04,0.911,0.872,0.632,0.74,0.985,0.591,0.231,0.821
2020-02-01 19:55:27,0.866,0.368,0.064,0.332,0.442,0.561,0.693,0.841,0.446,0.556,0.352,0.71,0.428,0.139,0.406,0.409,0.004,0.267,0.711,0.655,0.226,0.319,0.483,0.403,0.191,0.294,0.17,0.869,0.015,0.075,0.547,0.505,0.663,0.095,0.527,0.888,0.458,0.482,0.708,0.915,0.81,0.935,0.335,0.662,0.601,0.792,0.102,0.974,0.87,0.195,0.499,0.86,0.523,0.46,0.891,0.22,0.822,0.797,0.232,0.237,0.529,0.089,0.738,0.346,0.533,0.252,0.398,0.591,0.337,0.042,0.19,0.977,0.955,0.635,0.308,0.582,0.106,0.148,0.63,0.026,0.457,0.243,0.664,0.682,0.231,0.771,0.655,0.21,0.965,0.756,0.436,0.212,0.324,0.5,0.425,0.998,0.576,0.27,0.485,0.624,0.14,0.099,0.567,0.531,0.726,0.123,0.798,0.947,0.224,0.052,0.009,0.7,0.984,0.428,0.069,0.002,0.872,0.475,0.272,0.773,0.286,0.241,0.583,0.051,0.035,0.232,0.44,0.868,0.106,0.863,0.452,0.75,0.452,0.489,0.786,0.051,0.655,0.228,0.635,0.825,0.194,0.766,0.233,0.678,0.382,0.404,0.381,0.571,0.857,0.928,0.972,0.488,0.49,0.826,0.597,0.663,0.33,0.468,0.155,0.026,0.701,0.787,0.293,0.487,0.593,0.165,0.868,0.555,0.289,0.87,0.084,0.141,0.905,0.772,0.29,0.088,0.353,0.946,0.006,0.436,0.349,0.641,0.139,0.905,0.094,0.08,0.513,0.435,0.212,0.225,0.11,0.084,0.96,0.634,0.353,0.185,0.73,0.211,0.683,0.801,0.787,0.942,0.212,0.155,0.133,0.305,0.401,0.181,0.436,0.318,0.857,0.7,0.852,0.204,0.584,0.991,0.675,0.693,0.604,0.31,0.423,0.43,0.709,0.612,0.37,0.553,0.999,0.513,0.724,0.5,0.569,0.971,0.667,0.725,0.687,0.603,0.891,0.736,0.887,0.044,0.479,0.656,0.967,0.696,0.529,0.517,0.946,0.693,0.409,0.641,0.043,0.964,0.076,0.484,0.804,0.525,0.369,0.317,0.138,0.214,0.122,0.462,0.214,0.664,0.196,0.115,0.381,0.352,0.607,0.343,0.431,0.26,0.844,0.026,0.74,0.575,0.819,0.003,0.926,0.81,0.57,0.213,0.866,0.349,0.587,0.412,0.665,0.257,0.209,0.537,0.734,0.589,0.645,0.719,0.312,0.123,0.275,0.664,0.363,0.442,0.235,0.184,0.212,0.494,0.121,0.677,0.328,0.437,0.415,0.678,0.806,0.266,0.519,0.685,0.588,0.667,0.049,0.934,0.423,0.123,0.906,0.292,0.492,0.58,0.642,0.831,0.015,0.308,0.978,0.294,0.286,0.57,0.311,0.557,0.358,0.765,0.404,0.401,0.418,0.8,0.005,0.824,0.38,0.354,0.612,0.794,0.686,0.551,0.877,0.381,0.422,0.931,0.984,0.818,0.525,0.003,0.981,0.756,0.196,0.577,0.749,0.322,0.705,0.653,0.184,0.543,0.901,0.996,0.423,0.807,0.453,0.024,0.753,0.586,0.392,0.582,0.959,0.473,0.049,0.225,0.615,0.795,0.991,0.346,0.597,0.984,0.751,0.95,0.387,0.587,0.181,0.017,0.469,0.172,0.809,0.034,0.751,0.127,0.499,0.596,0.438,0.626,0.18,0.46,0.2,0.685,0.124,0.46,0.097,0.949,0.12,0.434,0.2,0.126,0.696,0.792,0.605,0.735,0.597,0.209,0.744,0.53,0.961,0.586,0.13,0.575,0.693,0.622,0.696,0.373,0.338,0.289,0.969,0.589,0.097,0.432,0.098,0.836,0.719,0.076,0.153,0.234,0.619,0.162,0.317,0.605,0.711,0.71,0.421,0.503,0.879,0.832,0.051,0.974,0.491,0.521,0.055,0.143,0.729,0.019,0.247,0.675,0.093,0.711,0.218,0.121,0.853,0.163,0.847,0.518,0.798,0.652,0.751,0.939,0.397,0.773,0.364,0.417,0.359,0.394,0.315,0.116,0.91,0.971,0.761,0.289,0.69,0.54,0.082,0.832,0.985,0.439,0.83,0.659,0.901,0.12,0.681,0.036,0.881,0.458,0.216,0.834,0.909,0.74,0.368,0.11,0.165,0.062,0.291,0.701,0.186,0.692
2020-02-01 19:55:27,0.329,0.825,0.524,0.42,0.31,0.949,0.384,0.856,0.744,0.184,0.014,0.676,0.488,0.96,0.412,0.587,0.4,0.821,0.294,0.25,0.545,0.526,0.262,0.656,0.542,0.866,0.177,0.898,0.505,0.529,0.102,0.545,0.13,0.57,0.813,0.165,0.827,0.212,0.399,0.939,0.789,0.017,0.76,0.804,0.396,0.151,0.169,0.35,0.752,0.201,0.197,0.737,0.314,0.081,0.827,0.336,0.032,0.437,0.072,0.684,0.938,0.539,0.253,0.428,0.529,0.32,0.095,0.662,0.549,0.063,0.554,0.141,0.816,0.145,0.085,0.868,0.528,0.434,0.825,0.525,0.54,0.86,0.162,0.424,0.04,0.33,0.406,0.258,0.592,0.913,0.449,0.094,0.153,0.114,0.913,0.307,0.866,0.978,0.894,0.69,0.761,0.544,0.727,0.748,0.449,0.962,0.75,0.998,0.516,0.523,0.221,0.095,0.132,0.258,0.232,0.858,0.68,0.669,0.856,0.275,0.875,0.632,0.56,0.19,0.115,0.548,0.795,0.87,0.993,0.703,0.17,0.613,0.106,0.733,0.365,0.135,0.574,0.422,0.486,0.396,0.304,0.38,0.726,0.427,0.269,0.25,0.127,0.565,0.286,0.541,0.581,0.546,0.474,0.101,0.995,0.935,0.502,0.37,0.614,0.254,0.555,0.244,0.553,0.16,0.926,0.174,0.984,0.676,0.059,0.237,0.859,0.519,0.9,0.056,0.37,0.012,0.499,0.082,0.851,0.337,0.27,0.374,0.133,0.061,0.856,0.178,0.587,0.38,0.538,0.578,0.71,0.079,0.754,0.757,0.018,0.598,0.479,0.412,0.818,0.39,0.415,0.116,0.53,0.178,0.676,0.782,0.945,0.441,0.914,0.291,0.573,0.245,0.925,0.118,0.126,0.878,0.689,0.675,0.68,0.528,0.588,0.85,0.102,0.26,0.864,0.313,0.717,0.364,0.877,0.594,0.259,0.317,0.123,0.369,0.516,0.817,0.76,0.828,0.964,0.81,0.322,0.811,0.164,0.06,0.22,0.301,0.348,0.923,0.081,0.445,0.237,0.631,0.058,0.735,0.442,0.994,0.558,0.208,0.482,0.051,0.551,0.222,0.848,0.573,0.916,0.386,0.448,0.638,0.784,0.169,0.124,0.894,0.83,0.484,0.154,0.142,0.11,0.166,0.068,0.1,0.11,0.717,0.38,0.472,0.766,0.482,0.979,0.651,0.059,0.133,0.238,0.129,0.108,0.793,0.894,0.2,0.007,0.026,0.495,0.334,0.162,0.814,0.543,0.04,0.735,0.461,0.029,0.283,0.562,0.439,0.729,0.234,0.334,0.422,0.845,0.447,0.856,0.009,0.238,0.485,0.301,0.809,0.796,0.715,0.009,0.122,0.887,0.786,0.212,0.392,0.192,0.225,0.325,0.497,0.849,0.153,0.298,0.172,0.857,0.138,0.809,0.987,0.23,0.729,0.865,0.893,0.775,0.275,0.436,0.007,0.382,0.404,0.706,0.118,0.857,0.035,0.471,0.243,0.587,0.348,0.527,0.344,0.454,0.006,0.514,0.069,0.447,0.805,0.188,0.241,0.499,0.249,0.67,0.406,0.708,0.354,0.564,0.723,0.757,0.685,0.115,0.845,0.009,0.932,0.643,0.012,0.535,0.185,0.211,0.741,0.564,0.115,0.385,0.479,0.341,0.701,0.978,0.979,0.803,0.251,0.829,0.811,0.525,0.678,0.462,0.487,0.497,0.668,0.997,0.34,0.163,0.873,0.505,0.462,0.474,0.871,0.769,0.784,0.208,0.159,0.009,0.43,0.388,0.844,0.969,0.212,0.637,0.926,0.748,0.017,0.826,0.466,0.881,0.353,0.826,0.383,0.256,0.157,0.376,0.093,0.12,0.862,0.345,0.716,0.852,0.712,0.264,0.057,0.061,0.063,0.642,0.509,0.427,0.863,0.846,0.25,0.83,0.987,0.618,0.653,0.178,0.902,0.188,0.725,0.41,0.322,0.678,0.679,0.828,0.197,0.752,0.92,0.577,0.673,0.339,0.236,0.842,0.302,0.99,0.918,0.081,0.889,0.375,0.513,0.224,0.751,0.985,0.99,0.306,0.695,0.169,0.11,0.083,0.29,0.138,0.619,0.487,0.165,0.184,0.428,0.468,0.556,0.753,0.646,0.187,0.508,0.669,0.444,0.783,0.84,0.905,0.786
2020-02-01 19:55:27,0.327,0.119,0.333,0.842,0.815,0.105,0.855,0.627,0.715,0.762,0.903,0.809,0.253,0.423,0.917,0.89,0.629,0.942,0.657,0.954,0.795,0.628,0.176,0.622,0.7,0.533,0.985,0.913,0.462,0.994,0.894,0.031,0.388,0.377,0.862,0.88,0.37,0.861,0.652,0.588,0.471,0.831,0.011,0.755,0.345,0.271,0.129,0.426,0.389,0.282,0.841,0.508,0.51,0.714,0.576,0.958,0.958,0.602,0.679,0.505,0.939,0.857,0.677,0.713,0.454,0.832,0.787,0.128,0.686,0.324,0.826,0.5,0.747,0.359,0.502,0.478,0.639,0.278,0.392,0.289,0.069,0.3,0.964,0.674,0.414,0.742,0.529,0.463,0.321,0.189,0.143,0.771,0.351,0.534,0.871,0.632,0.225,0.209,0.452,0.165,0.873,0.235,0.22,0.233,0.469,0.683,0.13,0.034,0.625,0.491,0.473,0.825,0.714,0.852,0.354,0.568,0.531,0.503,0.883,0.594,0.62,0.515,0.921,0.653,0.025,0.337,0.053,0.582,0.812,0.607,0.772,0.664,0.917,0.04,0.128,0.532,0.475,0.885,0.958,0.819,0.769,0.201,0.526,0.565,0.938,0.566,0.56,0.898,0.938,0.861,0.791,0.595,0.217,0.349,0.012,0.179,0.777,0.336,0.137,0.004,0.334,0.336,0.897,0.545,0.876,0.844,0.962,0.934,0.445,0.4,0.71,0.817,0.896,0.151,0.969,0.811,0.058,0.627,0.19,0.451,0.515,0.359,0.118,0.156,0.642,0.435,0.741,0.488,0.67,0.986,0.621,0.986,0.295,0.085,0.737,0.538,0.296,0.01,0.938,0.596,0.212,0.365,0.065,0.361,0.403,0.634,0.22,0.273,0.435,0.216,0.276,0.864,0.403,0.933,0.834,0.522,0.238,0.794,0.236,0.241,0.277,0.705,0.284,0.661,0.431,0.924,0.984,0.388,0.003,0.315,0.555,0.162,0.083,0.041,0.979,0.605,0.231,0.936,0.22,0.365,0.558,0.449,0.756,0.748,0.743,0.474,0.156,0.388,0.796,0.711,0.683,0.292,0.084,0.74,0.776,0.509,0.385,0.804,0.842,0.652,0.557,0.326,0.888,0.176,0.71,0.428,0.368,0.754,0.089,0.554,0.902,0.185,0.214,0.637,0.603,0.182,0.344,0.095,0.78,0.631,0.355,0.959,0.029,0.63,0.871,0.556,0.105,0.917,0.178,0.498,0.401,0.1,0.594,0.566,0.452,0.897,0.49,0.492,0.415,0.399,0.33,0.814,0.868,0.912,0.532,0.942,0.005,0.055,0.713,0.406,0.187,0.576,0.97,0.046,0.511,0.512,0.74,0.073,0.919,0.368,0.8,0.674,0.63,0.211,0.62,0.834,0.493,0.891,0.252,0.72,0.496,0.669,0.025,0.332,0.339,0.418,0.659,0.162,0.872,0.587,0.515,0.917,0.394,0.165,0.02,0.441,0.461,0.388,0.043,0.496,0.624,0.505,0.215,0.282,0.954,0.972,0.734,0.208,0.275,0.124,0.635,0.751,0.543,0.615,0.36,0.698,0.174,0.641,0.466,0.321,0.06,0.112,0.489,0.627,0.454,0.477,0.959,0.613,0.879,0.34,0.639,0.272,0.47,0.51,0.549,0.22,0.95,0.407,0.805,0.602,0.901,0.413,0.8,0.882,0.184,0.739,0.077,0.18,0.263,0.23,0.303,0.335,0.538,0.27,0.903,0.656,0.087,0.682,0.498,0.372,0.391,0.239,0.444,0.195,0.148,0.945,0.386,0.676,0.493,0.484,0.005,0.736,0.646,0.814,0.688,0.237,0.939,0.753,0.445,0.966,0.663,0.36,0.42,0.36,0.955,0.366,0.622,0.734,0.265,0.858,0.476,0.449,0.886,0.365,0.514,0.483,0.051,0.717,0.437,0.316,0.314,0.275,0.647,0.786,0.915,0.688,0.956,0.149,0.231,0.173,0.783,0.216,0.583,0.47,0.006,0.771,0.769,0.296,0.033,0.856,0.489,0.431,0.894,0.725,0.486,0.252,0.918,0.925,0.575,0.959,0.683,0.448,0.658,0.863,0.2,0.61,0.797,0.066,0.206,0.693,0.52,0.822,0.506,0.76,0.605,0.284,0.405,0.191,0.359,0.946,0.292,0.276,0.859,0.665,0.492,0.331,0.098,0.041,0.969,0.752,0.947,0.449
2020-02-01 19:55:27,0.572,0.376,0.381,0.3,0.927,0.615,0.948,0.735,0.581,0.155,0.292,0.814,0.294,0.42,0.822,0.779,0.849,0.828,0.203,0.043,0.839,0.094,0.958,0.998,0.885,0.225,0.228,0.387,0.588,0.119,0.664,0.567,0.064,0.868,0.639,0.906,0.754,0.826,0.168,0.015,0.21,0.615,0.29,0.998,0.645,0.697,0.284,0.625,0.399,0.217,0.656,0.618,0.095,0.962,0.418,0.29,0.306,0.682,0.695,0.549,0.518,0.408,0.514,0.801,0.207,0.162,0.03,0.363,0.091,0.585,0.494,0.234,0.005,0.924,0.709,0.229,0.683,0.9,0.219,0.602,0.984,0.631,0.112,0.095,0.066,0.154,0.509,0.002,0.715,0.663,0.916,0.511,0.51,0.574,0.901,0.453,0.113,0.975,0.98,0.96,0.093,0.407,0.709,0.616,0.602,0.231,0.073,0.131,0.263,0.54,0.554,0.764,0.503,0.662,0.347,0.297,0.492,0.578,0.429,0.361,0.416,0.756,0.541,0.152,0.739,0.992,0.112,0.566,0.894,0.188,0.164,0.017,0.055,0.604,0.896,0.357,0.781,0.62,0.216,0.764,0.291,0.161,0.353,0.681,0.878,0.235,0.869,0.342,0.564,0.834,0.926,0.511,0.445,0.822,0.925,0.109,0.316,0.068,0.131,0.459,0.26,0.93,0.84,0.63,0.062,0.052,0.158,0.614,0.546,0.059,0.835,0.451,0.749,0.34,0.889,0.008,0.101,0.181,0.594,0.97,0.096,0.348,0.059,0.048,0.211,0.736,0.378,0.526,0.612,0.145,0.215,0.776,0.083,0.798,0.421,0.881,0.231,0.517,0.319,0.197,0.518,0.386,0.39,0.442,0.587,0.41,0.772,0.817,0.141,0.315,0.295,0.318,0.156,0.961,0.091,0.565,0.749,0.153,0.593,0.622,0.527,0.16,0.064,0.559,0.676,0.256,0.723,0.344,0.157,0.381,0.633,0.118,0.215,0.967,0.013,0.46,0.451,0.225,0.331,0.582,0.587,0.8,0.687,0.506,0.515,0.626,0.804,0.399,0.424,0.163,0.558,0.847,0.121,0.593,0.671,0.379,0.978,0.91,0.04,0.813,0.018,0.639,0.221,0.087,0.724,0.478,0.587,0.337,0.816,0.156,0.992,0.509,0.799,0.445,0.549,0.589,0.406,0.186,0.635,0.305,0.636,0.058,0.83,0.571,0.301,0.275,0.455,0.201,0.866,0.032,0.03,0.697,0.479,0.597,0.748,0.011,0.533,0.158,0.174,0.241,0.401,0.504,0.6,0.548,0.553,0.152,0.963,0.184,0.725,0.923,0.295,0.59,0.864,0.641,0.302,0.452,0.171,0.119,0.58,0.619,0.076,0.832,0.105,0.494,0.299,0.792,0.117,0.623,0.051,0.009,0.528,0.573,0.235,0.709,0.893,0.101,0.66,0.157,0.929,0.512,0.348,0.853,0.167,0.209,0.835,0.334,0.956,0.021,0.616,0.338,0.454,0.329,0.722,0.291,0.685,0.145,0.914,0.89,0.398,0.106,0.805,0.8,0.171,0.035,0.857,0.946,0.605,0.249,0.428,0.251,0.728,0.292,0.138,0.617,0.643,0.615,0.516,0.76,0.12,0.742,0.651,0.905,0.309,0.254,0.986,0.259,0.584,0.446,0.174,0.723,0.713,0.951,0.896,0.194,0.2,0.878,0.19,0.184,0.767,0.904,0.516,0.809,0.2,0.467,0.431,0.101,0.317,0.787,0.496,0.724,0.025,0.652,0.245,0.321,0.829,0.609,0.301,0.81,0.451,0.47,0.198,0.849,0.187,0.175,0.89,0.666,0.83,0.454,0.978,0.695,0.003,0.939,0.315,0.753,0.753,0.079,0.652,0.814,0.904,0.61,0.979,0.289,0.935,0.482,0.939,0.853,0.743,0.196,0.277,0.309,0.473,0.146,0.777,0.797,0.866,0.563,0.778,0.692,0.66,0.423,0.348,0.196,0.028,0.52,0.629,0.971,0.214,0.692,0.035,0.938,0.81,0.103,0.76,0.221,0.448,0.401,0.708,0.16,0.379,0.844,0.902,0.603,0.44,0.804,0.713,0.708,0.578,0.864,0.758,0.445,0.15,0.613,0.257,0.528,0.679,0.434,0.478,0.927,0.541,0.405,0.126,0.356,0.607,0.443,0.642,0.381,0.287,0.455,0.559,0.983,0.275,0.691
2020-02-01 19:55:27,0.238,0.267,0.305,0.53,0.761,0.203,0.861,0.979,0.381,0.177,0.667,0.059,0.56,0.974,0.311,0.285,0.98,0.845,0.54,0.326,0.653,0.802,0.586,0.01,0.995,0.771,0.451,0.001,0.6,0.094,0.163,0.113,0.465,0.076,0.086,0.912,0.834,0.188,0.315,0.643,0.942,0.445,0.022,0.914,0.789,0.992,0.382,0.864,0.3,0.031,0.747,0.608,0.737,0.4,0.987,0.15,0.339,0.128,0.901,0.778,0.955,0.383,0.667,0.196,0.578,0.264,0.446,0.688,0.846,0.013,0.003,0.455,0.74,0.339,0.271,0.959,0.823,0.551,0.945,0.886,0.413,0.984,0.55,0.984,0.823,0.36,0.958,0.287,0.076,0.438,0.834,0.481,0.571,0.396,0.491,0.521,0.453,0.039,0.086,0.323,0.471,0.091,0.977,0.2,0.679,0.197,0.712,0.417,0.781,0.168,0.415,0.6,0.75,0.483,0.917,0.015,0.951,0.428,0.187,0.167,0.891,0.132,0.94,0.616,0.317,0.937,0.269,0.45,0.261,0.399,0.257,0.208,0.737,0.686,0.853,0.013,0.031,0.849,0.205,0.228,0.588,0.161,0.955,0.613,0.937,0.905,0.351,0.279,0.13,1.0,0.852,0.344,0.531,0.437,0.202,0.529,0.851,0.435,0.811,0.966,0.219,0.183,0.798,0.517,0.726,0.932,0.016,0.351,0.571,0.154,0.061,0.874,0.561,0.905,0.915,0.914,0.518,0.051,0.707,0.561,0.223,0.874,0.069,0.865,0.839,0.044,0.533,0.361,0.016,0.024,0.448,0.256,0.025,0.733,0.619,0.832,0.572,0.468,0.396,0.317,0.418,0.38,0.619,0.161,0.975,0.833,0.89,0.123,0.722,0.689,0.685,0.697,0.593,0.874,0.834,0.678,0.92,0.409,0.313,0.692,0.151,0.44,0.074,0.119,0.501,0.311,0.203,0.757,0.724,0.567,0.827,0.186,0.33,0.276,0.02,0.533,0.139,0.99,0.645,0.6,0.399,0.071,0.033,0.956,0.581,0.885,0.61,0.151,0.639,0.51,0.724,0.905,0.857,0.281,0.011,0.569,0.295,0.247,0.128,0.634,0.383,0.469,0.208,0.123,0.285,0.246,0.215,0.274,0.475,0.327,0.823,0.525,0.928,0.929,0.295,0.838,0.531,0.841,0.212,0.527,0.233,0.599,0.705,0.52,0.567,0.716,0.744,0.106,0.475,0.547,0.13,0.255,0.167,0.359,0.494,0.685,0.679,0.999,0.113,0.542,0.2,0.432,0.318,0.228,0.822,0.876,0.646,0.852,0.335,0.424,0.177,0.219,0.201,0.518,0.343,0.98,0.318,0.051,0.164,0.925,0.429,0.561,0.876,0.775,0.893,0.484,0.448,0.323,0.872,0.358,0.393,0.147,0.499,0.025,0.216,0.197,0.219,0.103,0.432,0.552,0.119,0.102,0.201,0.685,0.157,0.736,0.759,0.976,0.844,0.348,0.352,0.812,0.328,0.556,0.444,0.618,0.867,0.659,0.437,0.384,0.53,0.783,1.0,0.107,0.208,0.134,0.423,0.44,0.454,0.022,0.322,0.831,0.977,0.29,0.6,0.143,0.822,0.831,0.519,0.335,0.981,0.832,0.442,0.213,0.91,0.81,0.452,0.409,0.995,0.959,0.133,0.953,0.234,0.752,0.902,0.89,0.874,0.268,0.75,0.474,0.924,0.017,0.722,0.078,0.384,0.388,0.25,0.526,0.718,0.654,0.321,0.623,0.921,0.519,0.195,0.422,0.696,0.326,0.078,0.886,0.993,0.647,0.444,0.528,0.755,0.535,0.283,0.871,0.528,0.75,0.291,0.038,0.847,0.06,0.329,0.846,0.754,0.743,0.666,0.248,0.427,0.48,0.782,0.401,0.217,0.025,0.568,0.252,0.535,0.203,0.134,0.992,0.743,0.625,0.132,0.318,0.836,0.121,0.847,0.672,0.371,0.631,0.43,0.211,0.976,0.461,0.049,0.124,0.922,0.472,0.686,0.86,0.037,0.518,0.107,0.416,0.391,0.369,0.323,0.467,0.509,0.733,0.692,0.28,0.617,0.609,0.777,0.918,0.824,0.925,0.821,0.569,0.033,0.251,0.648,0.215,0.706,0.739,0.2,0.379,0.047,0.114,0.769,0.019,0.744,0.263,0.297,0.819,0.287,0.668,0.612,0.959
2020-02-01 19:55:27,0.357,0.987,0.167,0.982,0.346,0.534,0.181,0.666,0.329,0.935,0.487,0.694,0.441,0.699,0.359,0.125,0.546,0.284,0.784,0.452,0.796,0.774,0.633,0.571,0.507,0.192,0.521,0.981,0.368,0.88,0.633,0.254,0.577,0.123,0.536,0.307,0.544,0.622,0.524,0.347,0.347,0.406,0.726,0.678,0.282,0.245,0.993,0.32,0.876,0.942,0.646,0.104,0.392,0.866,0.146,0.637,0.375,0.469,0.651,0.996,0.273,0.26,0.317,0.091,0.656,0.58,0.976,0.825,0.801,0.472,0.159,0.999,0.724,0.406,0.562,0.076,0.886,0.704,0.378,0.708,0.088,0.159,0.923,0.926,0.653,0.88,0.906,0.429,0.357,0.997,0.238,0.987,0.192,0.574,0.182,0.077,0.17,0.199,0.657,0.314,0.534,0.073,0.895,0.023,0.372,0.85,0.131,0.745,0.367,0.819,0.213,0.547,0.263,0.53,0.785,0.772,0.995,0.606,0.518,0.259,0.689,0.781,0.372,0.678,0.184,0.948,0.194,0.285,0.662,0.667,0.507,0.776,0.123,0.182,0.953,0.608,0.739,0.935,0.176,0.459,0.019,0.288,0.39,0.607,0.146,0.129,0.754,0.279,0.406,0.601,0.372,0.606,0.959,0.705,0.863,0.622,0.128,0.148,0.771,0.307,0.173,0.77,0.431,0.465,0.69,0.623,0.565,0.403,0.135,0.541,0.241,0.173,0.912,0.549,0.895,0.68,0.064,0.748,0.236,0.992,0.913,0.597,0.742,0.128,0.403,0.901,0.923,0.122,0.287,0.068,0.345,0.768,0.926,0.521,0.838,0.945,0.897,0.154,0.793,0.462,0.991,0.81,0.082,0.409,0.776,0.33,0.302,0.374,0.498,0.632,0.428,0.353,0.742,0.255,0.798,0.153,0.823,0.078,0.371,0.8,0.295,0.73,0.209,0.558,0.413,0.719,0.348,0.834,0.516,0.285,0.477,0.38,0.314,0.916,0.164,0.755,0.741,0.301,0.754,0.416,0.426,0.073,0.836,0.991,0.434,0.323,0.97,0.344,0.784,0.386,0.863,0.657,0.38,0.204,0.657,0.13,0.415,0.026,0.146,0.655,0.593,0.74,0.999,0.804,0.454,0.765,0.599,0.075,0.054,0.096,0.928,0.36,0.723,0.983,0.942,0.567,0.669,0.19,0.714,0.027,0.751,0.81,0.227,0.957,0.956,0.7,0.503,0.172,0.052,0.626,0.592,0.371,0.979,0.806,0.875,0.168,0.282,0.177,0.215,0.063,0.303,0.577,0.715,0.316,0.092,0.74,0.976,0.068,0.357,0.15,0.068,0.658,0.657,0.591,0.753,0.495,0.577,0.524,0.637,0.913,0.124,0.761,0.799,0.463,0.349,0.728,0.932,0.572,0.713,0.821,0.85,0.706,0.302,0.388,0.922,0.755,0.73,0.567,0.619,0.483,0.485,0.375,0.077,0.726,0.422,0.07,0.636,0.649,0.541,0.636,0.941,0.811,0.391,0.989,0.693,0.001,0.904,0.303,0.311,0.359,0.143,0.613,0.268,0.434,0.298,0.158,0.625,0.78,0.333,0.423,0.64,0.447,0.367,0.132,0.698,0.46,0.526,0.029,0.414,0.339,0.693,0.223,0.959,0.177,0.032,0.899,0.992,0.25,0.768,0.71,0.433,0.326,0.072,0.64,0.566,0.412,0.138,0.511,0.619,0.195,0.684,0.451,0.158,0.487,0.86,0.531,0.347,0.783,0.577,0.255,0.634,0.554,0.321,0.024,0.519,0.098,0.851,0.731,0.907,0.691,0.023,0.237,0.002,0.781,0.947,0.593,0.339,0.545,0.111,0.347,0.451,0.488,0.241,0.915,0.093,0.007,0.145,0.664,0.13,0.39,0.207,0.026,0.676,0.556,0.917,0.595,0.344,0.487,0.075,0.794,0.04,0.36,0.726,0.948,0.923,0.231,0.631,0.42,0.43,0.597,0.39,0.067,0.806,0.308,0.986,0.804,0.926,0.001,0.858,0.065,0.801,0.492,0.273,0.718,0.951,0.557,0.277,0.603,0.92,0.394,0.807,0.244,0.249,0.146,0.298,0.248,0.313,0.863,0.044,0.929,0.647,0.989,0.635,0.146,0.168,0.17,0.004,0.314,0.533,0.771,0.665,0.768,0.707,0.032,0.347,0.88,0.675,0.636,0.847,0.458,0.44,0.34
2020-02-01 19:55:27,0.136,0.001,0.373,0.861,0.709,0.787,0.283,0.869,0.133,0.408,0.741,0.655,0.58,0.333,0.572,0.565,0.609,0.009,0.842,0.112,0.086,0.154,0.916,0.069,0.283,0.78,0.518,0.998,0.411,0.631,0.156,0.073,0.309,0.152,0.397,0.08,0.661,0.423,0.939,0.5,0.908,0.33,0.202,0.64,0.992,0.605,0.301,0.383,0.211,0.022,0.049,0.417,0.837,0.324,0.527,0.212,0.21,0.946,0.264,0.93,0.357,0.311,0.636,0.284,0.809,0.109,0.906,0.25,0.963,0.708,0.015,0.197,0.201,0.552,0.79,0.013,0.983,0.692,0.806,0.016,0.772,0.546,0.601,0.842,0.189,0.514,0.648,0.895,0.722,0.445,0.986,0.196,0.336,0.252,0.891,0.15,0.902,0.981,0.534,0.054,0.719,0.172,0.314,0.821,0.639,0.299,0.345,0.561,0.208,0.938,0.7,0.412,0.618,0.089,0.137,0.716,0.294,0.232,0.337,0.465,0.338,0.002,0.24,0.061,0.294,0.323,0.488,0.556,0.284,0.333,0.8,0.123,0.093,0.736,0.995,0.157,0.189,0.556,0.576,0.842,0.096,0.117,0.394,0.521,0.978,0.25,0.249,0.823,0.39,0.021,0.161,0.473,0.415,0.817,0.993,0.272,0.568,0.627,0.697,0.786,0.602,0.332,0.028,0.321,0.009,0.828,0.331,0.477,0.705,0.508,0.892,0.603,0.755,0.293,0.298,0.514,0.316,0.793,0.65,0.124,0.905,0.158,0.673,0.514,0.803,0.684,0.85,0.397,0.102,0.651,0.719,0.636,0.539,0.105,0.522,0.976,0.564,0.629,0.77,0.818,0.701,0.213,0.2,0.745,0.618,0.658,0.449,0.119,0.801,0.307,0.838,0.769,0.257,0.487,0.867,0.813,0.352,0.894,0.072,0.399,0.296,0.007,0.152,0.236,0.031,0.592,0.835,0.654,0.44,0.695,0.743,0.198,0.372,0.86,0.254,0.171,0.468,0.213,0.231,0.739,0.062,0.309,0.773,0.572,0.434,0.326,0.827,0.415,0.4,0.647,0.552,0.834,0.489,0.814,0.4,0.59,0.503,0.378,0.187,0.69,0.632,0.498,0.872,0.857,0.489,0.164,0.081,0.167,0.439,0.579,0.829,0.284,0.367,0.216,0.306,0.357,0.187,0.584,0.882,0.766,0.172,0.339,0.719,0.418,0.475,0.109,0.5,0.989,0.256,0.938,0.406,0.106,0.283,0.373,0.375,0.9,0.704,0.034,0.426,0.292,0.983,0.612,0.737,0.603,0.271,0.439,0.556,0.225,0.447,0.056,0.964,0.893,0.726,0.124,0.658,0.927,0.513,0.997,0.896,0.047,0.235,0.533,0.851,0.559,0.403,0.083,0.84,0.79,0.369,0.14,0.464,0.436,0.821,0.171,0.107,0.461,0.704,0.836,0.229,0.796,0.421,0.733,0.499,0.938,0.43,0.53,0.214,0.669,0.298,0.272,0.64,0.92,0.3,0.82,0.837,0.92,0.524,0.456,0.644,0.408,0.556,0.444,0.1,0.17,0.624,0.61,0.59,0.294,0.842,0.513,0.707,0.73,0.281,0.739,0.113,0.184,0.409,0.616,0.562,0.751,0.131,0.331,0.722,0.657,0.211,0.042,0.398,0.227,0.733,0.312,0.985,0.391,0.077,0.33,0.792,0.068,0.741,0.2,0.442,0.744,0.363,0.954,0.009,0.318,0.836,0.523,0.407,0.466,0.747,0.778,0.539,0.823,0.837,0.172,0.021,0.402,0.681,0.617,0.221,0.168,0.969,0.393,0.042,0.198,0.852,0.479,0.272,0.574,0.185,0.285,0.996,0.517,0.047,0.92,0.369,0.57,0.872,0.291,0.474,0.218,0.82,0.612,0.243,0.582,0.928,0.911,0.653,0.238,0.071,0.298,0.577,0.295,0.812,0.301,0.596,0.273,0.106,0.655,0.149,0.18,0.589,0.849,0.231,0.909,0.255,0.566,0.072,0.541,0.741,0.022,0.171,0.802,0.859,0.468,0.308,0.805,0.072,0.515,0.564,0.056,0.599,0.998,0.129,0.458,0.467,0.941,0.446,0.073,0.929,0.044,0.273,0.772,0.801,0.96,0.51,0.522,0.523,0.616,0.094,0.224,0.764,0.652,0.12,0.519,0.602,0.603,0.616,0.996,0.825,0.954,0.326,0.342
