2020-02-01 19:55:27,0.028,0.737,0.478,0.453,0.424,0.026,0.651,0.628,0.71,0.974,0.757,0.934,0.873,0.858,0.941,0.471,0.306,0.785,0.242,0.874,0.412,0.011,0.759,0.762,0.239,0.539,0.563,0.196,0.107,0.992,0.881,0.97,0.421,0.111,0.884,0.055,0.615,0.052,0.157,0.378,0.412,0.279,0.573,0.119,0.916,0.078,0.518,0.191,0.575,0.644,0.795,0.792,0.23,0.974,0.975,0.027,0.16,0.699,0.427,0.638,0.6,0.191,0.194,0.529,0.608,0.808,0.086,0.928,0.99,0.473,0.71,0.658,0.065,0.828,0.408,0.507,0.866,0.906,0.863,0.465,0.572,0.871,0.552,0.431,0.892,0.553,0.476,0.002,0.263,0.777,0.462,0.313,0.14,0.14,0.579,0.558,0.138,0.549,0.449,0.868,0.801,0.11,0.748,0.465,0.791,0.99,0.727,0.621,0.415,0.007,0.658,0.129,0.483,0.805,0.674,0.437,0.28,0.026,0.9,0.137,0.233,0.523,0.407,0.638,0.171,0.678,0.333,0.957,0.397,0.883,0.32,0.508,0.263,0.079,0.373,0.192,0.56,0.522,0.225,0.957,0.142,0.033,0.658,0.878,0.294,0.531,0.057,0.613,0.402,0.009,0.274,0.325,0.924,0.394,0.876,0.974,0.939,0.276,0.436,0.035,0.832,0.228,0.018,0.399,0.127,0.794,0.17,0.883,0.788,0.375,0.962,0.559,0.125,0.56,0.184,0.745,0.432,0.88,0.854,0.911,0.069,0.905,0.258,0.607,0.542,0.37,0.433,0.381,0.258,0.168,0.941,0.089,0.176,0.0,0.421,0.213,0.519,0.024,0.08,0.726,0.479,0.52,0.242,0.366,0.468,0.26,0.626,0.218,0.348,0.423,0.148,0.614,0.503,0.967,0.792,0.7,0.33,0.028,0.956,0.89,0.695,0.327,0.471,0.748,0.775,0.041,0.227,0.582,0.553,0.533,0.02,0.023,0.494,0.353,0.024,0.311,0.223,0.044,0.276,0.275,0.648,0.23,0.991,0.793,0.019,0.195,0.723,0.147,0.019,0.012,0.712,0.313,0.376,0.462,0.388,0.007,0.261,0.127,0.804,0.504,0.567,0.053,0.96,0.904,0.307,0.113,0.002,0.284,0.503,0.921,0.549,0.34,0.949,0.424,0.849,0.203,0.9,0.687,0.281,0.476,0.113,0.578,0.294,0.609,0.495,0.603,0.574,0.423,0.454,0.499,0.779,0.472,0.564,0.748,0.215,0.616,0.094,0.693,0.984,0.015,0.335,0.746,0.158,0.33,0.492,0.336,0.717,0.02,0.202,0.744,0.982,0.792,0.397,0.494,0.02,0.9,0.016,0.715,0.983,0.334,0.511,0.165,0.042,0.715,0.932,0.457,0.034,0.067,0.898,0.096,0.13,0.268,0.187,0.627,0.78,0.121,0.98,0.205,0.142,0.243,0.398,0.204,0.652,0.227,0.443,0.543,0.167,0.759,0.798,0.841,0.202,0.852,0.769,0.823,0.242,0.594,0.186,0.972,0.093,0.395,0.2,0.132,0.778,0.555,0.101,0.326,0.722,0.925,0.173,0.616,0.054,0.628,0.496,0.818,0.735,0.709,0.254,0.534,0.81,0.67,0.495,0.039,0.622,0.507,0.492,0.095,0.421,0.305,0.47,0.761,0.337,0.074,0.108,0.282,0.828,0.941,0.723,0.71,0.438,0.582,0.856,0.439,0.458,0.759,0.259,0.942,0.101,0.625,0.973,0.18,0.378,0.895,0.922,0.315,0.303,0.928,0.049,0.223,0.636,0.284,0.679,0.279,0.498,0.933,0.289,0.402,0.306,0.54,0.896,0.616,0.592,0.598,0.108,0.791,0.835,0.61,0.04,0.488,0.118,0.427,0.91,0.428,0.301,0.199,0.805,0.005,0.795,0.546,0.902,0.834,0.729,0.002,0.252,0.001,0.642,0.956,0.874,0.725,0.391,0.5,0.473,0.851,0.113,0.179,0.651,0.304,0.501,0.263,0.792,0.134,0.164,0.07,0.133,0.094,0.492,0.937,0.258,0.043,0.798,0.967,0.306,0.044,0.331,0.795,0.836,0.621,0.154,0.661,0.654,0.867,0.801,0.09,0.391,0.889,0.611,0.852,0.807,0.774,0.151,0.212,0.527,0.296,0.31,0.828,0.2,0.312,0.573,0.457,0.089,0.887,0.009,0.255
2020-02-01 19:55:27,0.543,0.743,0.256,0.75,0.577,0.266,0.553,0.092,0.616,0.024,0.125,0.066,0.949,0.229,0.289,0.72,0.005,0.536,0.954,0.029,0.023,0.587,0.78,0.394,0.78,0.338,0.152,0.674,0.078,0.964,0.422,0.604,0.127,0.729,0.074,0.918,0.106,0.01,0.376,0.058,0.513,0.591,0.811,0.694,0.59,0.778,0.999,0.288,0.223,0.819,0.242,0.539,0.927,0.718,0.003,0.18,0.056,0.08,0.976,0.664,0.546,0.875,0.608,0.689,0.33,0.905,0.297,0.007,0.728,0.991,0.108,0.828,0.76,0.478,0.886,0.161,0.85,0.309,0.26,0.601,0.032,0.518,0.955,0.85,0.052,0.679,0.8,0.614,0.202,0.502,0.8,0.114,0.117,0.68,0.275,0.547,0.199,0.443,0.481,0.585,0.763,0.247,0.618,0.229,0.089,0.086,0.235,0.251,0.588,0.528,0.75,0.048,0.416,0.329,0.999,0.443,0.649,0.742,0.462,0.842,0.503,0.344,0.226,0.827,0.425,0.1,0.339,0.807,0.645,0.321,0.567,0.761,0.112,0.522,0.684,0.912,0.371,0.998,0.122,0.242,0.405,0.299,0.964,0.826,0.811,0.399,0.917,0.05,0.504,0.046,0.855,0.918,0.668,0.671,0.053,0.056,0.734,0.232,0.329,0.35,0.679,0.916,0.638,0.802,0.611,0.876,0.019,0.79,0.804,0.184,0.284,0.417,0.97,0.413,0.596,0.318,0.057,0.425,0.927,0.912,0.429,0.342,0.607,0.952,0.435,0.722,0.256,0.427,0.908,0.682,0.359,0.614,0.145,0.891,0.187,0.392,0.475,0.041,0.063,0.825,0.695,0.884,0.966,0.903,0.506,0.237,0.812,0.917,0.166,0.957,0.972,0.469,0.4,0.76,0.841,0.241,0.442,0.797,0.827,0.817,0.562,0.89,0.077,0.6,0.237,0.22,0.934,0.592,0.439,0.307,0.97,0.209,0.71,0.321,0.151,0.023,0.486,0.809,0.111,0.223,0.929,0.243,0.148,0.699,0.279,0.263,0.584,0.498,0.066,0.412,0.983,0.758,0.416,0.892,0.516,0.761,0.417,0.601,0.351,0.11,0.005,0.223,0.251,0.578,0.604,0.55,0.418,0.453,0.305,0.969,0.559,0.834,0.75,0.523,0.507,0.761,0.945,0.691,0.74,0.968,0.298,0.26,0.098,0.384,0.59,0.679,0.463,0.633,0.579,0.336,0.159,0.454,0.763,0.111,0.672,0.773,0.094,0.41,0.975,0.091,0.127,0.459,0.875,0.371,0.711,0.316,0.507,0.026,0.324,0.343,0.473,0.408,0.719,0.565,0.333,0.546,0.743,0.6,0.617,0.156,0.345,0.137,0.054,0.943,0.014,0.731,0.065,0.875,0.832,0.121,0.547,0.067,0.101,0.977,0.792,0.566,0.183,0.702,0.458,0.101,0.356,0.909,0.419,0.716,0.247,0.133,0.305,0.268,0.089,0.167,0.364,0.549,0.752,0.132,0.727,0.542,0.306,0.581,0.99,0.623,0.982,0.871,0.707,0.359,0.72,0.095,0.067,0.184,0.668,0.596,0.585,0.894,0.469,0.633,0.414,0.915,0.845,0.305,0.266,0.958,0.378,0.402,0.123,0.135,0.311,0.53,0.356,0.946,0.778,0.198,0.142,0.315,0.27,0.888,0.805,0.272,0.552,0.939,0.648,0.629,0.775,0.26,0.17,0.544,0.122,0.684,0.624,0.262,0.29,0.194,0.486,0.744,0.345,0.557,0.819,0.16,0.427,0.353,0.592,0.775,0.575,0.781,0.156,0.953,0.436,0.807,0.378,0.576,0.08,0.565,0.895,0.007,0.023,0.158,0.465,0.751,0.216,0.066,0.433,0.512,0.822,0.037,0.353,0.839,0.752,0.189,0.241,0.587,0.15,0.911,0.082,0.744,0.1,0.45,0.674,0.44,0.608,0.375,0.616,0.755,0.786,0.095,0.478,0.466,0.508,0.633,0.221,0.324,0.484,0.56,0.169,0.68,0.315,0.148,0.961,0.241,0.959,0.455,0.448,0.871,0.187,0.59,0.564,0.372,0.806,0.464,0.075,1.0,0.006,0.403,0.144,0.189,0.796,0.246,0.524,0.18,0.542,0.098,0.404,0.269,0.215,0.19,0.437,0.281,0.077,0.606,0.233,0.635,0.392,0.362,0.697,0.5
2020-02-01 19:55:27,0.109,0.11,0.819,0.304,0.219,0.246,0.423,0.937,0.181,0.21,0.932,0.789,0.237,0.586,0.882,0.798,0.154,0.778,0.812,0.716,0.211,0.194,0.666,0.757,0.631,0.305,0.643,0.471,0.365,0.27,0.56,0.646,0.396,0.505,0.268,0.184,0.976,0.078,0.065,0.618,0.326,0.451,0.841,0.727,0.195,0.646,0.957,0.659,0.854,0.303,0.216,0.187,0.461,0.514,0.289,0.904,0.647,0.598,0.686,0.191,0.567,0.324,0.873,0.249,0.628,0.438,0.56,0.645,0.722,0.179,0.512,0.268,0.349,0.812,0.2,0.108,0.826,0.595,0.869,0.061,0.995,0.891,0.805,0.547,0.838,0.468,0.927,0.444,0.459,0.71,0.537,0.08,0.302,0.377,0.994,0.046,0.252,0.528,0.855,0.44,0.321,0.318,0.403,0.18,0.603,0.588,0.314,0.334,0.102,0.133,0.272,0.482,0.563,0.728,0.291,0.821,0.594,0.822,0.17,0.026,0.948,0.837,0.321,0.985,0.607,0.803,0.315,0.494,0.192,0.369,0.172,0.304,0.933,0.564,0.552,0.428,0.497,0.613,0.05,0.723,0.169,0.865,0.123,0.782,0.095,0.879,0.774,0.459,0.114,0.673,0.812,0.283,0.507,0.372,0.89,0.447,0.564,0.848,0.896,0.835,0.749,0.5,0.082,0.137,0.254,0.427,0.779,0.477,0.035,0.227,0.595,0.867,0.748,0.608,0.924,0.938,0.322,0.47,0.062,0.604,0.789,0.666,0.832,0.701,0.495,0.129,0.93,0.472,0.659,0.174,0.58,0.539,0.256,0.041,0.099,0.682,0.124,0.685,0.623,0.683,0.959,0.887,0.927,0.25,0.791,0.59,0.902,0.694,0.436,0.155,0.078,0.238,0.857,0.314,0.748,0.984,0.889,0.037,0.213,0.887,0.684,0.841,0.794,0.57,0.942,0.77,0.718,0.017,0.657,0.183,0.437,0.109,0.277,0.03,0.716,0.121,0.735,0.488,0.119,0.015,0.454,0.235,0.222,0.937,0.274,0.425,0.292,0.83,0.284,0.314,0.634,0.477,0.785,0.706,0.208,0.806,0.479,0.089,0.138,0.586,0.328,0.675,0.29,0.221,0.47,0.104,0.775,0.271,0.512,0.226,0.497,0.221,0.596,0.576,0.026,0.476,0.998,0.546,0.634,0.056,0.153,0.421,0.74,0.636,0.049,0.614,0.027,0.089,0.924,0.837,0.72,0.329,0.91,0.913,0.548,0.066,0.429,0.62,0.968,0.101,0.661,0.711,0.774,0.266,0.806,0.818,0.981,0.663,0.666,0.955,0.919,0.998,0.256,0.021,0.019,0.792,0.431,0.609,0.06,0.226,0.386,0.923,0.651,0.857,0.883,0.118,0.852,0.471,0.844,0.924,0.666,0.746,0.906,0.631,0.138,0.086,0.654,0.206,0.185,0.325,0.084,0.176,0.117,0.505,0.321,0.675,0.075,0.264,0.162,0.537,0.802,0.686,0.252,0.845,0.04,0.023,0.604,0.022,0.899,0.371,0.428,0.437,0.692,0.352,0.496,0.583,0.819,0.961,0.531,0.268,0.861,0.43,0.555,0.734,0.356,0.253,0.318,0.504,0.043,0.217,0.75,0.743,0.629,0.896,0.273,0.573,0.857,0.4,0.33,0.898,0.148,0.269,0.15,0.763,0.229,0.9,0.844,0.842,0.515,0.093,0.237,0.045,0.7,0.671,0.038,0.773,0.899,0.374,0.188,0.514,0.378,0.243,0.96,0.391,0.795,0.301,0.372,0.425,0.721,0.186,0.212,0.462,0.095,0.039,0.18,0.022,0.279,0.087,0.781,0.336,0.874,0.77,0.852,0.842,0.513,0.957,0.734,0.328,0.687,0.833,0.816,0.015,0.962,0.922,0.514,0.487,0.282,0.223,0.092,0.063,0.966,0.558,0.183,0.811,0.146,0.115,0.897,0.727,0.613,0.533,0.909,0.686,0.75,0.787,0.794,0.72,0.422,0.027,0.147,0.234,0.356,0.935,0.453,0.273,0.135,0.369,0.746,0.894,0.416,0.441,0.223,0.118,0.386,0.409,0.425,0.509,0.812,0.082,0.228,0.135,0.626,0.004,0.308,0.009,0.525,0.296,0.68,0.799,0.708,0.414,0.436,0.852,0.31,0.185,0.401,0.158,0.132,0.952,0.741,0.892,0.876,0.237
2020-02-01 19:55:27,0.306,0.574,0.58,0.16,0.722,0.18,0.908,0.41,0.038,0.717,0.712,0.938,0.214,0.208,0.142,0.642,0.767,0.445,0.599,0.657,0.683,0.418,0.191,0.186,0.64,0.374,0.89,0.831,0.371,0.787,0.718,0.522,0.26,0.522,0.563,0.787,0.778,0.483,0.421,0.932,0.63,0.597,0.365,0.351,0.977,0.644,0.384,0.209,0.951,0.177,0.199,0.781,0.529,0.159,0.933,0.348,0.176,0.857,0.426,0.475,0.274,0.827,0.309,0.001,0.627,0.725,0.869,0.542,0.572,0.064,0.024,0.243,0.143,0.781,0.276,0.615,0.5,0.709,0.942,0.818,0.597,0.528,0.661,0.312,0.594,0.213,0.363,0.206,0.993,0.561,0.689,0.781,0.956,0.379,0.677,0.867,0.704,0.101,0.262,0.787,0.575,0.554,0.972,0.478,0.827,0.767,0.302,0.467,0.68,0.193,0.022,0.264,0.547,0.024,0.069,0.516,0.896,0.596,0.042,0.696,0.214,0.193,0.929,0.504,0.477,0.39,0.238,0.864,0.881,0.792,0.055,0.666,0.573,0.224,0.564,0.865,0.728,0.098,0.067,0.433,0.202,0.175,0.065,0.316,0.533,0.165,0.14,0.053,0.128,0.473,0.426,0.379,0.303,0.821,0.71,0.802,0.395,0.578,0.173,0.784,0.507,0.118,0.151,0.776,0.512,0.764,0.51,0.217,0.397,0.651,0.842,0.484,0.639,0.524,0.034,0.19,0.734,0.899,0.489,0.838,0.69,0.332,0.235,0.854,0.314,0.87,0.896,0.205,0.162,0.882,0.985,0.947,0.373,0.212,0.64,0.199,0.807,0.952,0.459,0.323,0.144,0.347,0.295,0.412,0.894,0.899,0.133,0.354,0.086,0.416,0.315,0.228,0.202,0.995,0.739,0.673,0.975,0.506,0.765,0.053,0.01,0.82,0.27,0.268,0.811,0.884,0.711,0.728,0.552,0.804,0.351,0.753,0.746,0.878,0.567,0.129,0.839,0.237,0.181,0.218,0.21,0.94,0.162,0.963,0.804,0.986,0.576,0.857,0.499,0.728,0.182,0.993,0.358,0.112,0.86,0.294,0.104,0.452,0.523,0.111,0.57,0.126,0.739,0.769,0.435,0.568,0.74,0.008,0.63,0.089,0.655,0.931,0.334,0.225,0.762,0.25,0.365,0.587,0.448,0.353,0.896,0.509,0.709,0.271,0.783,0.512,0.633,0.128,0.24,0.046,0.019,0.184,0.224,0.085,0.241,0.273,0.981,0.631,0.965,0.377,0.457,0.951,0.149,0.76,0.328,0.313,0.773,0.842,0.841,0.244,0.217,0.092,0.047,0.968,0.021,0.572,0.874,0.923,0.678,0.007,0.417,0.437,0.049,0.126,0.009,0.911,0.703,0.84,0.808,0.542,0.303,0.292,0.544,0.349,0.897,0.057,0.74,0.34,0.111,0.497,0.397,0.001,0.676,0.623,0.611,0.18,0.4,0.541,0.526,0.423,0.882,0.631,0.768,0.493,0.691,0.328,0.248,0.114,0.61,0.632,0.076,0.908,0.807,0.561,0.515,0.231,0.003,0.562,0.466,0.515,0.604,0.944,0.79,0.587,0.783,0.734,0.462,0.976,0.535,0.93,0.316,0.732,0.023,0.004,0.892,0.055,0.631,0.288,0.563,0.515,0.453,0.053,0.574,0.715,0.843,0.053,0.753,0.88,0.094,0.035,0.899,0.988,0.82,0.786,0.722,0.128,0.672,0.619,0.268,0.238,0.623,0.161,0.104,0.895,0.076,0.43,0.782,0.688,0.349,0.069,0.956,0.142,0.256,0.852,0.997,0.485,0.724,0.604,0.595,0.674,0.217,0.417,0.608,0.766,0.691,0.423,0.726,0.899,0.629,0.055,0.628,0.634,0.401,0.777,0.829,0.998,0.788,0.202,0.703,0.358,0.018,0.666,0.797,0.609,0.161,0.713,0.122,0.792,0.945,0.848,0.508,0.756,0.738,0.417,0.51,0.112,0.495,0.996,0.651,0.247,0.167,0.229,0.999,0.756,0.027,0.885,0.885,0.693,0.367,0.846,0.762,0.966,0.297,0.71,0.442,0.052,0.713,0.576,0.026,0.659,0.12,0.071,0.497,0.595,0.262,0.967,0.343,0.089,0.936,0.396,0.222,0.871,0.303,0.358,0.415,0.949,0.714,0.773,0.545,0.539,0.006,0.909
2020-02-01 19:55:27,0.384,0.425,0.417,0.955,0.652,0.452,0.727,0.133,0.267,0.412,0.511,0.593,0.381,0.743,0.183,0.737,0.31,0.538,0.809,0.958,0.009,0.849,0.366,0.791,0.664,0.597,0.548,0.418,0.768,0.694,0.015,0.274,0.178,0.709,0.123,0.933,0.912,0.315,0.697,0.349,0.775,0.149,0.63,0.271,0.204,0.163,0.971,0.946,0.813,0.314,0.173,0.193,0.838,0.774,0.677,0.385,0.901,0.42,0.929,0.676,0.711,0.645,0.647,0.648,0.698,0.899,0.911,0.617,0.59,0.479,0.491,0.502,0.82,0.067,0.664,0.063,0.457,0.572,0.658,0.367,0.292,0.827,0.911,0.218,0.366,0.782,0.258,0.634,0.364,0.392,0.716,0.362,0.889,0.811,0.433,0.825,0.92,0.521,0.859,0.509,0.977,0.729,0.062,0.579,0.872,0.389,0.187,0.169,0.802,0.307,0.244,0.553,0.504,0.064,0.599,0.562,0.147,0.399,0.304,0.843,0.678,0.179,0.187,0.348,0.572,0.927,0.06,0.235,0.831,0.001,0.99,0.485,0.405,0.802,0.141,0.254,0.004,0.106,0.44,0.179,0.033,0.0,0.952,0.405,0.595,0.577,0.859,0.79,0.642,0.136,0.338,0.004,0.412,0.208,0.93,0.844,0.649,0.63,0.326,0.532,0.03,0.302,0.444,0.661,0.1,0.585,0.127,0.608,0.261,0.202,0.213,0.791,0.422,0.125,0.996,0.468,0.797,0.988,0.224,0.829,0.011,0.547,0.281,0.831,0.107,0.596,0.584,0.043,0.899,0.646,0.969,0.265,0.804,0.658,0.079,0.743,0.641,0.83,0.856,0.19,0.481,0.902,0.436,0.399,0.724,0.295,0.171,0.687,0.673,0.811,0.493,0.118,0.31,0.23,0.63,0.93,0.375,0.427,0.896,0.796,0.503,0.618,0.517,0.812,0.75,0.335,0.067,0.872,0.384,0.401,0.694,0.315,0.124,0.133,0.776,0.55,0.646,0.456,0.995,0.593,0.275,0.691,0.814,0.011,0.989,0.941,0.106,0.114,0.19,0.143,0.614,0.429,0.11,0.296,0.244,0.445,0.654,0.108,0.694,0.167,0.502,0.31,0.499,0.009,0.972,0.997,0.973,0.791,0.952,0.235,0.69,0.458,0.553,0.666,0.036,0.182,0.218,0.203,0.689,0.038,0.196,0.755,0.641,0.704,0.027,0.254,0.09,0.241,0.855,0.301,0.84,0.646,0.647,0.572,0.916,0.319,0.477,0.116,0.918,0.891,0.002,0.391,0.423,0.253,0.331,0.128,0.942,0.002,0.201,0.418,0.315,0.411,0.696,0.925,0.2,0.135,0.713,0.748,0.018,0.306,0.908,0.167,0.763,0.355,0.277,0.657,0.434,0.244,0.622,0.99,0.106,0.738,0.643,0.533,0.939,0.633,0.295,0.849,0.436,0.279,0.275,0.795,0.077,0.906,0.147,0.34,0.119,0.752,0.483,0.71,0.505,0.767,0.826,0.78,0.508,0.987,0.927,0.982,0.892,0.146,0.511,0.705,0.338,0.931,0.884,0.297,0.503,0.305,0.16,0.509,0.412,0.123,0.861,0.728,0.543,0.387,0.384,0.364,0.874,0.495,0.607,0.974,0.525,0.912,0.59,0.756,0.273,0.293,0.811,0.78,0.338,0.888,0.498,0.62,0.394,0.404,0.841,0.81,0.948,0.961,0.63,0.359,0.109,0.278,0.598,0.813,0.424,0.362,0.444,0.335,0.691,0.947,0.024,0.583,0.941,0.351,0.317,0.29,0.396,0.441,0.461,0.066,0.769,0.298,0.322,0.096,0.962,0.376,0.416,0.716,0.54,0.995,0.206,0.945,0.887,0.056,0.627,0.345,0.147,0.101,0.089,0.063,0.955,0.81,0.127,0.943,0.807,0.976,0.463,0.29,0.543,0.82,0.715,0.57,0.29,0.235,0.971,0.852,0.336,0.455,0.855,0.462,0.377,0.603,0.064,0.653,0.948,0.186,0.979,0.738,0.982,0.193,0.955,0.636,0.245,0.911,0.796,0.274,0.459,0.96,0.773,0.44,0.29,0.491,0.364,0.999,0.934,0.42,0.015,0.321,0.036,0.059,0.232,0.602,0.891,0.605,0.661,0.835,0.399,0.49,0.102,0.258,0.329,0.633,0.538,0.729,0.096,0.431,0.998,0.854,0.728,0.12
2020-02-01 19:55:27,0.648,0.047,0.173,0.756,0.056,0.185,0.293,0.359,0.813,0.604,0.412,0.427,0.65,0.48,0.459,0.574,0.792,0.929,0.566,0.624,0.277,0.458,0.341,0.867,0.405,0.721,0.806,0.661,0.592,0.217,0.923,0.079,0.815,0.364,0.624,0.861,0.761,0.988,0.73,0.857,0.153,0.098,0.89,0.555,0.951,0.323,0.874,0.024,0.145,0.984,0.039,0.577,0.266,0.325,0.267,0.065,0.22,0.126,0.31,0.932,0.414,0.442,0.008,0.534,0.255,0.958,0.227,0.942,0.724,0.298,0.467,0.982,0.402,0.037,0.284,0.782,0.684,0.315,0.97,0.428,0.395,0.308,0.533,0.892,0.741,0.267,0.297,0.858,0.598,0.223,0.707,0.618,0.282,0.51,0.429,0.27,0.983,0.374,0.927,0.633,0.706,0.989,0.798,0.812,0.258,0.289,0.123,0.504,0.609,0.833,0.291,0.274,0.263,0.15,0.645,0.315,0.446,0.067,0.484,0.011,0.619,0.459,0.123,0.16,0.525,0.088,0.831,0.589,0.318,0.022,0.009,0.209,0.923,0.16,0.24,0.775,0.948,0.854,0.241,0.792,0.724,0.893,0.302,0.209,0.134,0.607,0.892,0.304,0.495,0.551,0.916,0.491,0.351,0.627,0.638,0.473,0.331,0.572,0.702,0.856,0.362,0.841,0.382,0.405,0.299,0.402,0.819,0.126,0.59,0.08,0.112,0.574,0.522,0.499,0.439,0.158,0.072,0.227,0.185,0.449,0.151,0.383,0.834,0.453,0.135,0.752,0.925,0.596,0.481,0.536,0.088,0.551,0.373,0.068,0.675,0.438,0.362,0.091,0.249,0.291,0.407,0.326,0.287,0.878,0.752,0.523,0.512,0.123,0.363,0.642,0.938,0.804,0.313,0.255,0.964,0.314,0.207,0.093,0.254,0.68,0.26,0.341,0.126,0.342,0.615,0.402,0.703,0.552,0.238,0.669,0.538,0.257,0.838,0.482,0.656,0.023,0.263,0.875,0.403,0.78,0.093,0.366,0.611,0.947,0.386,0.44,0.997,0.756,0.203,0.269,0.336,0.263,0.799,0.342,0.02,0.95,0.478,0.826,0.012,0.075,0.145,0.709,0.724,0.275,0.918,0.024,0.992,0.936,0.101,0.366,0.706,0.565,0.18,0.094,0.336,0.904,0.158,0.123,0.166,0.36,0.535,0.53,0.001,0.999,0.241,0.119,0.36,0.725,0.77,0.552,0.563,0.098,0.246,0.331,0.502,0.083,0.33,0.992,0.699,0.563,0.258,0.35,0.489,0.498,0.021,0.988,0.514,0.712,0.851,0.381,0.336,0.04,0.711,0.606,0.845,0.099,0.222,0.458,0.724,0.561,0.399,0.912,0.747,0.489,0.093,0.65,0.744,0.552,0.428,0.857,0.535,0.0,0.255,0.899,0.989,0.797,0.95,0.742,0.919,0.259,0.749,0.813,0.038,0.417,0.964,0.334,0.447,0.944,0.136,0.484,0.971,0.393,0.431,0.893,0.889,0.285,0.268,0.597,0.78,0.832,0.684,0.737,0.437,0.212,0.178,0.617,0.562,0.448,0.175,0.222,0.671,0.879,0.666,0.486,0.306,0.263,0.438,0.694,0.984,0.264,0.91,0.571,0.49,0.606,0.02,0.992,0.258,0.571,0.336,0.782,0.222,0.67,0.414,0.813,0.511,0.857,0.265,0.248,0.93,0.808,0.116,0.419,0.446,0.602,0.046,0.89,0.645,0.001,0.362,0.282,0.657,0.472,0.937,0.708,0.165,0.827,0.905,0.408,0.699,0.811,0.663,0.811,0.404,0.536,0.87,0.664,0.886,0.144,0.114,0.332,0.799,0.894,0.484,0.055,0.771,0.289,0.168,0.103,0.482,0.9,0.729,0.996,0.129,0.864,0.248,0.151,0.716,0.299,0.55,0.699,0.478,0.096,0.768,0.276,0.96,0.084,0.498,0.76,0.295,0.284,0.988,0.177,0.718,0.879,0.227,0.556,0.95,0.293,0.353,0.115,0.676,0.046,0.824,0.577,0.398,0.024,0.477,0.568,0.717,0.796,0.585,0.258,0.214,0.306,0.414,0.267,0.369,0.626,0.52,0.379,0.799,0.89,0.613,0.235,0.921,0.557,0.12,0.86,0.951,0.557,0.524,0.016,0.323,0.514,0.666,0.664,0.223,0.115,0.068,0.748,0.316,0.323
2020-02-01 19:55:27,0.275,0.197,0.053,0.933,0.238,0.811,0.996,0.649,0.773,0.031,0.319,0.292,0.023,0.341,0.739,0.165,0.596,0.186,0.16,0.151,0.928,0.292,0.157,0.403,0.085,0.181,0.257,0.768,0.345,0.576,0.78,0.396,0.804,0.551,0.133,0.183,0.994,0.437,0.349,0.09,0.117,0.866,0.257,0.379,0.02,0.657,0.359,0.331,0.671,0.036,0.708,0.259,0.401,0.949,0.088,0.449,0.072,0.032,0.712,0.661,0.737,0.405,0.912,0.373,0.809,0.316,0.85,0.503,0.899,0.891,0.246,0.335,0.985,0.891,0.278,0.249,0.83,0.994,0.11,0.49,0.216,0.449,0.272,0.195,0.926,0.289,0.701,0.808,0.943,0.313,0.515,1.0,0.649,0.036,0.831,0.339,0.386,0.258,0.577,0.112,0.988,0.812,0.233,0.496,0.745,0.216,0.117,0.969,0.665,0.469,0.7,0.641,0.968,0.79,0.502,0.929,0.276,0.932,0.638,0.472,0.983,0.265,0.464,0.114,0.523,0.913,0.655,0.084,0.513,0.743,0.001,0.729,0.926,0.456,0.305,0.961,0.121,0.433,0.496,0.689,0.445,0.214,0.723,0.451,0.101,0.129,0.292,0.432,0.205,0.264,0.016,0.626,0.181,0.95,0.779,0.173,0.268,0.11,0.422,0.098,0.735,0.568,0.717,0.812,0.265,0.871,0.095,0.566,0.927,0.274,0.636,0.965,0.955,0.781,0.277,0.13,0.482,0.341,0.352,0.652,0.858,0.276,0.11,0.837,0.092,0.55,0.642,0.456,0.717,0.969,0.854,0.878,0.742,0.113,0.374,0.438,0.139,0.053,0.134,0.26,0.115,0.807,0.266,0.929,0.185,0.687,0.411,0.142,0.067,0.486,0.087,0.232,0.031,0.169,0.164,0.117,0.636,0.838,0.326,0.022,0.727,0.507,0.501,0.934,0.366,0.977,0.066,0.222,0.289,0.747,0.653,0.651,0.992,0.501,0.023,0.81,0.076,0.273,0.979,0.666,0.464,0.145,0.892,0.918,0.399,0.644,0.949,0.731,0.247,0.41,0.618,0.378,0.877,0.791,0.95,0.356,0.799,0.268,0.295,0.708,0.663,0.259,0.492,0.714,0.75,0.253,0.791,0.26,0.475,0.699,0.491,0.114,0.633,0.533,0.303,0.837,0.872,0.189,0.757,0.69,0.185,0.075,0.547,0.975,0.372,0.579,0.151,0.545,0.33,0.842,0.011,0.078,0.909,0.155,0.614,0.809,0.709,0.614,0.585,0.633,0.66,0.662,0.133,0.385,0.672,0.406,0.463,0.216,0.383,0.118,0.585,0.104,0.133,0.762,0.37,0.954,0.139,0.603,0.954,0.53,0.409,0.464,0.679,0.418,0.002,0.212,0.168,0.502,0.251,0.543,0.936,0.114,0.392,0.812,0.94,0.911,0.395,0.183,0.093,0.069,0.664,0.522,0.31,0.17,0.125,0.078,0.034,0.452,0.239,0.972,0.521,0.555,0.135,0.099,0.473,0.104,0.197,0.811,0.827,0.176,0.523,0.454,0.128,0.385,0.556,0.165,0.263,0.485,0.72,0.17,0.79,0.305,0.247,0.534,0.476,0.866,0.678,0.54,0.696,0.07,0.767,0.512,0.299,0.037,0.161,0.991,0.486,0.501,0.222,0.986,0.395,0.613,0.854,0.98,0.113,0.163,0.568,0.298,0.681,0.339,0.431,0.024,0.659,0.946,0.915,0.942,0.338,0.05,0.243,0.722,0.045,0.726,0.75,0.162,0.845,0.499,0.257,0.635,0.37,0.758,0.308,0.84,0.816,0.908,0.914,0.859,0.646,0.543,0.248,0.264,0.548,0.387,0.308,0.722,0.95,0.283,0.874,0.764,0.871,0.299,0.913,0.347,0.62,0.797,0.607,0.341,0.606,0.703,0.813,0.074,0.08,0.522,0.298,0.968,0.974,0.5,0.694,0.883,0.209,0.401,0.418,0.454,0.004,0.23,0.311,0.554,0.999,0.033,0.644,0.171,0.983,0.998,0.94,0.502,0.597,0.269,0.662,0.119,0.976,0.502,0.85,0.836,0.084,0.912,0.582,0.397,1.0,0.218,0.186,0.698,0.29,0.907,0.379,0.437,0.597,0.507,0.351,0.793,0.031,0.3,0.811,0.678,0.684,0.759,0.763,0.487,0.019,0.591,0.774,0.827,0.264,0.775
2020-02-01 19:55:27,0.71,0.47,0.911,0.982,0.855,0.245,0.79,0.636,0.297,0.736,0.94,0.601,0.78,0.305,0.599,0.631,0.857,0.231,0.539,0.858,0.183,0.8,0.793,0.487,0.583,0.336,0.53,0.67,0.871,0.455,0.951,0.691,0.414,0.734,0.373,0.51,0.472,0.748,0.92,0.595,0.977,0.799,0.422,0.398,0.865,0.597,0.033,0.576,0.101,0.894,0.559,0.024,0.087,0.87,0.266,0.752,0.958,0.535,0.406,0.991,0.814,0.032,0.709,0.185,0.088,0.498,0.394,0.985,0.821,0.775,0.564,0.709,0.586,0.334,0.632,0.013,0.266,0.19,0.068,0.142,0.294,0.481,0.533,0.865,0.02,0.641,0.999,0.129,0.148,0.022,0.705,0.231,0.608,0.849,0.795,0.136,0.286,0.196,0.59,0.9,0.438,0.882,0.414,0.674,0.403,0.908,0.464,0.735,0.126,0.862,0.728,0.883,0.141,0.405,0.787,0.176,0.893,0.1,0.195,0.025,0.641,0.846,0.746,0.692,0.326,0.677,0.787,0.43,0.422,0.126,0.37,0.256,0.281,0.167,0.631,0.071,0.826,0.726,0.854,0.681,0.519,0.25,0.683,0.685,0.259,0.349,0.372,0.148,0.964,0.223,0.22,0.721,0.324,0.193,0.006,0.597,0.016,0.516,0.661,0.403,0.518,0.619,0.202,0.662,0.907,0.072,0.352,0.263,0.114,0.708,0.102,0.092,0.876,0.753,0.182,0.317,0.724,0.433,0.244,0.345,0.427,0.715,0.068,0.242,0.406,0.416,0.743,0.629,0.467,0.196,0.834,0.732,0.129,0.59,0.709,0.478,0.203,0.196,0.406,0.519,0.363,0.103,0.413,0.175,0.854,0.091,0.184,0.148,0.779,0.952,0.068,0.13,0.866,0.029,0.388,0.778,0.142,0.118,0.685,0.722,0.085,0.859,0.906,0.541,0.078,0.177,0.758,0.723,0.554,0.293,0.651,0.513,0.52,0.14,0.548,0.726,0.417,0.196,0.417,0.062,0.883,0.052,0.546,0.603,0.181,0.2,0.332,0.163,0.072,0.727,0.571,0.165,0.934,0.703,0.933,0.874,0.016,0.288,0.495,0.636,0.259,0.247,0.945,0.992,0.172,0.454,0.45,0.935,0.199,0.966,0.478,0.472,0.76,0.935,0.995,0.114,0.29,0.345,0.748,0.823,0.427,0.31,0.673,0.195,0.35,0.594,0.799,0.436,0.093,0.272,0.069,0.636,0.568,0.004,0.483,0.06,0.608,0.296,0.775,0.663,0.005,0.789,0.682,0.96,0.632,0.249,0.617,0.206,0.528,0.641,0.153,0.792,0.368,0.579,0.067,0.333,0.868,0.642,0.54,0.987,0.32,0.476,0.281,0.509,0.295,0.485,0.254,0.338,0.528,0.898,0.308,0.821,0.944,0.486,0.104,0.08,0.195,0.709,0.402,0.669,0.394,0.152,0.537,0.825,0.261,0.054,0.972,0.73,0.89,0.155,0.182,0.416,0.465,0.992,0.163,0.756,0.977,0.245,0.614,0.085,0.526,0.549,0.822,0.163,0.137,0.687,0.546,0.14,0.599,0.412,0.921,0.467,0.569,0.763,0.044,0.608,0.534,0.208,0.622,0.244,0.221,0.473,0.754,0.797,0.497,0.946,0.249,0.724,0.538,0.512,0.694,0.827,0.935,0.14,0.318,0.253,0.691,0.651,0.805,0.923,0.985,0.58,0.817,0.415,0.78,0.001,0.996,0.585,0.713,0.431,0.372,0.955,0.029,0.611,0.227,0.42,0.966,0.831,0.177,0.672,0.105,0.684,0.881,0.149,0.392,0.229,0.696,0.742,0.354,0.888,0.169,0.301,0.931,0.449,0.751,0.446,0.642,0.122,0.153,0.854,0.897,0.059,0.079,0.443,0.177,0.444,0.208,0.337,0.884,0.671,0.108,0.086,0.939,0.564,0.481,0.826,0.109,0.753,0.192,0.677,0.955,0.856,0.792,0.638,0.926,0.659,0.297,0.582,0.44,0.496,0.919,0.45,0.117,0.545,0.734,0.396,0.842,0.036,0.735,0.788,0.335,0.376,0.33,0.68,0.331,0.062,0.09,0.057,0.17,0.293,0.514,0.854,0.86,0.894,0.086,0.959,0.582,0.171,0.886,0.946,0.895,0.513,0.498,0.536,0.648,0.491,0.057,0.867,0.015,0.885,0.814,0.172
2020-02-01 19:55:27,0.077,0.867,0.5,0.286,0.158,0.635,0.892,0.374,0.39,0.356,0.93,0.669,0.195,0.265,0.154,0.874,0.173,0.67,0.084,0.511,0.929,0.243,0.564,0.506,0.476,0.893,0.025,0.543,0.08,0.682,0.062,0.117,0.659,0.815,0.113,0.028,0.267,0.983,0.495,0.996,0.114,0.763,0.163,0.29,0.938,0.292,0.771,0.379,0.733,0.083,0.585,0.176,0.328,0.923,0.438,0.329,0.888,0.394,0.053,0.109,0.288,0.899,0.154,0.795,0.281,0.105,0.104,0.431,0.433,0.539,0.218,0.309,0.053,0.528,0.719,0.207,0.077,0.479,0.392,0.521,0.269,0.144,0.57,0.201,0.369,0.982,0.4,0.057,0.258,0.142,0.471,0.244,0.089,0.538,0.459,0.447,0.079,0.642,0.238,0.225,0.599,0.351,0.17,0.299,0.922,0.15,0.692,0.448,0.048,0.793,0.148,0.548,0.348,0.101,0.344,0.464,0.462,0.963,0.737,0.621,0.88,0.746,0.154,0.689,0.592,0.508,0.763,0.941,0.8,0.261,0.324,0.236,0.36,0.727,0.366,0.654,0.386,0.241,0.778,0.406,0.422,0.022,0.209,0.554,0.823,0.438,0.992,0.591,0.971,0.725,0.03,0.364,0.307,0.932,0.128,0.832,0.252,0.117,0.461,0.577,0.752,0.366,0.914,0.832,0.472,0.873,0.904,0.346,0.106,0.289,0.75,0.48,0.843,0.442,0.225,0.286,0.086,0.981,0.442,0.994,0.475,0.772,0.52,0.261,0.176,0.734,0.876,0.159,0.127,0.027,0.538,0.796,0.22,0.348,0.399,0.806,0.595,0.298,0.829,0.025,0.664,0.978,0.315,0.538,0.923,0.902,0.551,0.969,0.958,0.792,0.438,0.453,0.961,0.084,0.98,0.639,0.127,0.251,0.327,0.07,0.265,0.954,0.811,0.691,0.338,0.41,0.419,0.494,0.148,0.432,0.065,0.038,0.859,0.381,0.147,0.573,0.59,0.877,0.78,0.983,0.962,0.965,0.843,0.31,0.183,0.452,0.917,0.62,0.893,0.615,0.847,0.44,0.327,0.75,0.406,0.23,0.921,0.254,0.96,0.952,0.218,0.153,0.755,0.583,0.311,0.813,0.502,0.619,0.349,0.668,0.642,0.599,0.889,0.0,0.996,0.84,0.863,0.288,0.01,0.91,0.132,0.333,0.214,0.942,0.133,0.035,0.44,0.931,0.964,0.761,0.508,0.883,0.855,0.192,0.52,0.928,0.939,0.592,0.595,0.982,0.298,0.304,0.671,0.441,0.952,0.819,0.935,0.833,0.079,0.904,0.639,0.086,0.061,0.123,0.229,0.835,0.248,0.937,0.971,0.135,0.552,0.723,0.593,0.934,0.287,0.256,0.033,0.774,0.277,0.643,0.01,0.702,0.532,0.848,0.249,0.349,0.469,0.463,0.919,0.227,0.989,0.254,0.063,0.215,0.759,0.254,0.983,0.022,0.37,0.639,0.368,0.064,0.727,0.856,0.448,0.919,0.065,0.121,0.954,0.851,0.387,0.522,0.283,0.612,0.721,0.201,0.202,0.429,0.23,0.282,0.64,0.669,0.781,0.053,0.454,0.742,0.797,0.023,0.3,0.692,0.785,0.622,0.548,0.697,0.318,0.599,0.338,0.295,0.739,0.099,0.745,0.075,0.906,0.667,0.515,0.356,0.669,0.161,0.042,0.126,0.231,0.816,0.275,0.081,0.595,0.301,0.77,0.889,0.639,0.376,0.825,0.449,0.744,0.332,0.055,0.784,0.521,0.258,0.993,0.177,0.893,0.998,0.487,0.493,0.118,0.444,0.697,0.582,0.704,0.274,0.238,0.288,0.999,0.024,0.22,0.366,0.222,0.187,0.563,0.43,0.195,0.243,0.635,0.632,0.903,0.21,0.529,0.217,0.179,0.293,0.735,0.463,0.427,0.144,0.83,0.93,0.371,0.134,0.195,0.669,0.405,0.02,0.079,0.433,0.898,0.135,0.843,0.209,0.181,0.758,0.117,0.151,0.672,0.923,0.526,0.404,0.309,0.768,0.764,0.357,0.884,0.981,0.091,0.694,0.725,0.385,0.321,0.866,0.535,0.296,0.122,0.595,0.249,0.064,0.32,0.259,0.06,0.191,0.48,0.634,0.131,0.975,0.833,0.63,0.872,0.364,0.896,0.762,0.155,0.908,0.42,0.244
2020-02-01 19:55:27,0.419,0.152,0.747,0.451,0.391,0.112,0.014,0.465,0.517,0.875,0.899,0.226,0.719,0.302,0.178,0.313,0.068,0.123,0.982,0.283,0.749,0.785,0.963,0.398,0.309,0.537,0.753,0.939,0.032,0.79,0.212,0.729,0.005,0.07,0.879,0.938,0.554,0.1,0.282,0.545,0.807,0.133,0.478,0.61,0.371,0.636,0.293,0.267,0.308,0.412,0.729,0.932,0.014,0.591,0.498,0.535,0.835,0.596,0.217,0.522,0.43,0.114,0.864,0.76,0.996,0.664,0.544,0.228,0.386,0.533,0.679,0.477,0.327,0.16,0.888,0.642,0.429,0.451,0.367,0.75,0.633,0.368,0.797,0.315,0.786,0.676,0.658,0.776,0.994,0.02,0.678,0.458,0.564,0.023,0.553,0.653,0.112,0.199,0.049,0.423,0.948,0.895,0.15,0.125,0.842,0.84,0.627,0.881,0.063,0.545,0.442,0.869,0.445,0.001,0.568,0.921,0.084,0.613,0.322,0.233,0.034,0.749,0.652,0.89,0.954,0.79,0.279,0.081,0.211,0.996,0.556,0.153,0.318,0.919,0.139,0.456,0.024,0.586,0.155,0.45,0.348,0.01,0.729,0.571,0.046,0.331,0.229,0.165,0.636,0.196,0.204,0.014,0.726,0.544,0.625,0.538,0.81,0.43,0.146,0.294,0.82,0.216,0.189,0.611,0.428,0.179,0.004,0.618,0.174,0.753,0.046,0.014,0.092,0.245,0.153,0.448,0.697,0.416,0.174,0.189,0.552,0.45,0.754,0.404,0.758,0.624,0.533,0.765,0.474,0.279,0.859,0.649,0.312,0.688,0.86,0.878,0.832,0.045,0.593,0.539,0.058,0.903,0.983,0.25,0.083,0.069,0.393,0.662,0.445,0.892,0.054,0.041,0.81,0.311,0.663,0.503,0.159,0.466,0.682,0.966,0.317,0.383,0.621,0.61,0.947,0.35,0.34,0.737,0.154,0.334,0.447,0.706,0.284,0.747,0.67,0.069,0.247,0.308,0.639,0.056,0.879,0.423,0.082,0.482,0.882,0.292,0.366,0.089,0.536,0.128,0.715,0.519,0.66,0.823,0.948,0.695,0.65,0.652,0.468,0.899,0.323,0.511,0.173,0.989,0.348,0.418,0.093,0.068,0.616,0.496,0.064,0.314,0.225,0.862,0.32,0.708,0.352,0.377,0.801,0.646,0.74,0.733,0.457,0.412,0.181,0.643,0.064,0.924,0.879,0.515,0.802,0.587,0.079,0.292,0.729,0.174,0.165,0.328,0.156,0.089,0.251,0.868,0.391,0.759,0.804,0.061,0.656,0.46,0.987,0.684,0.334,0.749,0.884,0.179,0.516,0.908,0.206,0.673,0.042,0.643,0.551,0.742,0.672,0.971,0.69,0.487,0.056,0.931,0.438,0.331,0.134,0.893,0.789,0.873,0.923,0.671,0.061,0.435,0.593,0.608,0.685,0.439,0.847,0.558,0.717,0.417,0.169,0.907,0.2,0.63,0.751,0.899,0.665,0.448,0.603,0.143,0.401,0.894,0.96,0.167,0.348,0.547,0.268,0.023,0.709,0.758,0.017,0.09,0.832,0.994,0.515,0.599,0.731,0.337,0.764,0.82,0.913,0.25,0.534,0.451,0.161,0.908,0.48,0.765,0.284,0.607,0.963,0.68,0.003,0.599,0.579,0.19,0.532,0.035,0.98,0.411,0.104,0.425,0.659,0.257,0.071,0.321,0.446,0.077,0.27,0.565,0.261,0.85,0.527,0.856,0.508,0.755,0.891,0.2,0.475,0.014,0.105,0.968,0.676,0.226,0.511,0.635,0.54,0.389,0.775,0.698,0.445,0.761,0.638,0.382,0.398,0.96,0.069,0.05,0.585,0.407,0.467,0.962,0.503,0.353,0.946,0.489,0.031,0.676,0.731,0.352,0.779,0.992,0.016,0.887,0.124,0.783,0.685,0.85,0.468,0.262,0.487,0.717,0.954,0.746,0.886,0.974,0.945,0.49,0.138,0.948,0.585,0.911,0.361,0.668,0.298,0.482,0.879,0.695,0.874,0.915,0.211,0.411,0.449,0.356,0.341,0.073,0.719,0.644,0.903,0.504,0.495,0.676,0.431,0.712,0.646,0.34,0.716,0.708,0.938,0.504,0.064,0.038,0.937,0.981,0.267,0.094,0.336,0.468,0.494,0.36,0.054,0.444,0.125,0.794,0.915,0.434
2020-02-01 19:55:27,0.46,0.852,0.446,0.802,0.668,0.493,0.802,0.314,0.799,0.911,0.939,0.983,0.969,0.677,0.195,0.286,0.995,0.797,0.163,0.79,0.28,0.419,0.4,0.396,0.089,0.652,0.76,0.166,0.206,0.108,0.112,0.826,0.378,0.387,0.062,0.186,0.272,0.721,0.681,0.266,0.771,0.596,0.94,0.854,0.816,0.766,0.126,0.243,0.55,0.235,0.269,0.052,0.972,0.093,0.963,0.232,0.836,0.031,0.247,0.249,0.241,0.979,0.972,0.693,0.652,0.35,0.299,0.877,0.758,0.407,0.37,0.847,0.393,0.808,0.814,0.802,0.544,0.898,0.894,0.576,0.346,0.551,0.419,0.243,0.041,0.687,0.417,0.73,0.121,0.242,0.044,0.839,0.664,0.319,0.752,0.257,0.572,0.328,0.392,0.002,0.169,0.509,0.45,0.04,0.498,0.936,0.971,0.318,0.485,0.167,0.842,0.706,0.456,0.681,0.213,0.36,0.675,0.001,0.892,0.032,0.804,0.892,0.532,0.071,0.465,0.726,0.038,0.287,0.905,0.293,0.45,0.273,0.08,0.916,0.161,0.18,0.451,0.047,0.478,0.254,0.019,0.625,0.611,0.58,0.418,0.883,0.9,0.409,0.144,0.252,0.27,0.406,0.635,0.282,0.163,0.99,0.601,0.185,0.361,0.539,0.75,0.166,0.328,0.989,0.801,0.975,0.703,0.333,0.613,0.03,0.053,0.405,0.295,0.951,0.997,0.687,0.64,0.838,0.346,0.53,0.554,0.386,0.338,0.108,0.751,0.811,0.488,0.708,0.941,0.457,0.754,0.01,0.167,0.766,0.786,0.38,0.011,0.506,0.255,0.371,0.23,0.49,0.677,0.18,0.848,0.694,0.993,0.657,0.681,0.882,0.227,0.462,0.096,0.28,0.114,0.505,0.564,0.462,0.413,0.244,0.695,0.392,0.681,0.404,0.458,0.598,0.562,0.953,0.45,0.835,0.897,0.341,0.38,0.034,0.828,0.856,0.834,0.635,0.671,0.644,0.257,0.662,0.691,0.848,0.385,0.256,0.465,0.89,0.096,0.748,0.733,0.474,0.655,0.841,0.692,0.897,0.74,0.094,0.971,0.405,0.655,0.556,0.077,0.343,0.712,0.719,0.99,0.287,0.529,0.8,0.794,0.478,0.604,0.784,0.383,0.137,0.139,0.131,0.772,0.329,0.709,0.129,0.151,0.857,0.755,0.687,0.578,0.611,0.952,0.24,0.811,0.133,0.866,0.725,0.603,0.055,0.531,0.915,0.79,0.736,0.287,0.753,0.979,0.975,0.622,0.204,0.478,0.657,0.381,0.777,0.118,0.458,0.783,0.371,0.951,0.967,0.824,0.115,0.824,0.495,0.47,0.022,0.795,0.457,0.443,0.56,0.88,0.432,0.396,0.572,0.641,0.501,0.728,0.495,0.133,0.56,0.689,0.877,0.206,0.65,0.773,0.241,0.226,0.93,0.0,0.553,0.594,0.351,0.088,0.944,0.025,0.632,0.416,0.431,0.428,0.3,0.709,0.08,0.061,0.752,0.876,0.342,0.228,0.396,0.809,0.914,0.308,0.98,0.314,0.496,0.445,0.938,0.643,0.082,0.543,0.335,0.627,0.083,0.806,0.651,0.099,0.237,0.619,0.871,0.202,0.389,0.433,0.007,0.554,0.835,0.459,0.782,0.064,0.537,0.726,0.501,0.422,0.242,0.616,0.849,0.246,0.418,0.316,0.572,0.318,0.505,0.765,0.675,0.013,0.441,0.812,0.801,0.043,0.952,0.719,0.458,0.843,0.569,0.694,0.989,0.735,0.506,0.46,0.137,0.211,0.982,0.991,0.013,0.219,0.091,0.355,0.924,0.14,0.999,0.028,0.273,0.75,0.557,0.222,0.877,0.319,0.163,0.675,0.939,0.131,0.833,0.373,0.912,0.14,0.962,0.093,0.619,0.093,0.002,0.832,0.564,0.317,0.442,0.609,0.387,0.194,0.245,0.562,0.094,0.772,0.795,0.47,0.534,0.176,0.566,0.516,0.013,0.49,0.803,0.611,0.718,0.343,0.0,0.791,0.785,0.451,0.407,0.97,0.327,0.686,0.124,0.971,0.631,0.927,0.61,0.993,0.908,0.75,0.376,0.481,0.924,0.604,0.622,0.204,0.798,0.075,0.072,0.496,0.357,0.386,0.227,0.21,0.082,0.703,0.936,0.901,0.784
2020-02-01 19:55:27,0.104,0.918,0.378,0.934,0.102,0.189,0.169,0.271,0.252,0.61,0.282,0.379,0.275,0.447,0.992,0.971,0.366,0.228,0.358,0.668,0.237,0.597,0.457,0.348,0.865,0.847,0.751,0.643,0.557,0.301,0.889,0.923,0.053,0.628,0.96,0.041,0.598,0.942,0.795,0.484,0.839,0.795,0.152,0.249,0.73,0.091,0.142,0.033,0.498,0.659,0.96,0.049,0.319,0.045,0.595,0.887,0.9,0.444,0.245,0.077,0.094,0.493,0.984,0.688,0.971,0.469,0.406,0.171,0.807,0.95,0.341,0.977,0.145,0.202,0.328,0.69,0.012,0.588,0.437,0.277,0.138,0.919,0.513,0.428,0.737,0.799,0.773,0.455,0.649,0.353,0.682,0.833,0.755,0.634,0.309,0.207,0.154,0.41,0.713,0.3,0.723,0.428,0.638,0.201,0.999,0.282,0.025,0.102,0.385,0.862,0.705,0.433,0.022,0.517,0.861,0.038,0.503,0.009,0.46,0.322,0.91,0.737,0.296,0.038,0.783,0.721,0.313,0.588,0.345,0.844,0.565,0.459,0.997,0.398,0.447,0.163,0.959,0.388,0.027,0.16,0.565,0.078,0.118,0.469,0.384,0.935,0.992,0.156,0.788,0.915,0.614,0.128,0.667,0.205,0.624,0.838,0.374,0.755,0.138,0.248,0.526,0.969,0.913,0.374,0.706,0.684,0.385,0.666,0.061,0.919,0.666,0.69,0.185,0.998,0.55,0.005,0.382,0.409,0.753,0.979,0.154,0.393,0.198,0.293,0.333,0.908,0.185,0.502,0.765,0.428,0.285,0.44,0.685,0.892,0.852,0.052,0.175,0.439,0.713,0.199,0.418,0.988,0.793,0.541,0.453,0.275,0.591,0.023,0.67,0.355,0.682,0.555,0.369,0.98,0.659,0.27,0.047,0.901,0.928,0.318,0.007,0.04,0.513,0.954,0.971,0.592,0.957,0.588,0.725,0.452,0.191,0.802,0.099,0.764,0.656,0.714,0.043,0.782,0.584,0.235,0.277,0.247,0.563,0.834,0.825,0.836,0.944,0.898,0.159,0.82,0.927,0.346,0.192,0.199,0.185,0.98,0.937,0.004,0.076,0.031,0.745,0.394,0.184,0.416,0.849,0.948,0.028,0.539,0.545,0.601,0.19,0.551,0.045,0.465,0.581,0.635,0.406,0.886,0.578,0.668,0.855,0.617,0.673,0.808,0.977,0.877,0.848,0.609,0.811,0.544,0.981,0.065,0.59,0.778,0.848,0.227,0.285,0.806,0.825,0.292,0.261,0.331,0.894,0.968,0.933,0.427,0.46,0.718,0.974,0.017,0.83,0.596,0.258,0.472,0.576,0.466,0.538,0.008,0.423,0.144,0.637,0.569,0.068,0.095,0.61,0.205,0.762,0.256,0.599,0.129,0.597,0.707,0.538,0.806,0.209,0.432,0.672,0.026,0.457,0.625,0.686,0.024,0.692,0.178,0.842,0.391,0.008,0.172,0.095,0.548,0.746,0.085,0.788,0.673,0.208,0.053,0.485,0.059,0.87,0.01,0.377,0.137,0.082,0.377,0.365,0.761,0.91,0.791,0.416,0.949,0.363,0.844,0.214,0.056,0.35,0.477,0.988,0.644,0.148,0.307,0.437,0.067,0.083,0.407,0.992,0.684,0.976,0.26,0.601,0.904,0.751,0.689,0.193,0.399,0.434,0.991,0.197,0.684,0.441,0.981,0.674,0.772,0.26,0.701,0.261,0.056,0.135,0.086,0.466,0.124,0.294,0.878,0.077,0.98,0.535,0.452,0.539,0.862,0.987,0.553,0.638,0.62,0.288,0.016,0.12,0.36,0.087,0.612,0.404,0.362,0.058,0.813,0.715,0.577,0.798,0.252,0.337,0.219,0.857,0.946,0.952,0.137,0.434,0.643,0.576,0.842,0.775,0.556,0.232,0.959,0.993,0.729,0.297,0.582,0.614,0.412,0.142,0.11,0.278,0.898,0.322,0.909,0.853,0.029,0.93,0.605,0.724,0.525,0.69,0.08,0.878,0.518,0.904,0.678,0.9,0.757,0.277,0.562,0.706,0.562,0.904,0.204,0.759,0.523,0.712,0.496,0.066,0.392,0.648,0.916,0.155,0.437,0.956,0.862,0.734,0.856,0.098,0.518,0.283,0.525,0.667,0.992,0.213,0.207,0.519,0.401,0.15,0.425,0.418,0.081,0.867,0.178
2020-02-01 19:55:27,0.383,0.975,0.35,0.452,0.462,0.165,0.333,0.839,0.119,0.222,0.257,0.388,0.756,0.843,0.053,0.587,0.06,0.303,0.072,0.73,0.183,0.1,0.575,0.52,0.551,0.025,0.642,0.07,0.181,0.108,0.948,0.714,0.253,0.67,0.988,0.809,0.639,0.042,0.117,0.297,0.516,0.584,0.168,0.708,0.508,0.147,0.028,0.201,0.945,0.217,0.198,0.756,0.586,0.988,0.196,0.262,0.136,0.724,0.717,0.852,0.263,0.557,0.251,0.073,0.026,0.235,0.955,0.878,0.564,0.599,0.022,0.61,0.037,0.838,0.187,0.142,0.217,0.621,0.003,0.351,0.94,0.119,0.901,0.245,0.307,0.004,0.082,0.107,0.874,0.495,0.749,0.975,0.787,0.882,0.789,0.354,0.829,0.067,0.028,0.43,0.002,0.75,0.255,0.634,0.036,0.711,0.998,0.699,0.673,0.493,0.634,0.152,0.875,0.384,0.544,0.934,0.653,0.783,0.688,0.961,0.341,0.861,0.239,0.698,0.977,0.862,0.886,0.068,0.133,0.36,0.497,0.991,0.526,0.314,0.954,0.536,0.93,0.653,0.409,0.518,0.33,0.231,0.958,0.28,0.085,0.661,0.043,0.311,0.19,0.447,0.722,0.087,0.22,0.275,0.654,0.546,0.86,0.163,0.939,0.83,0.814,0.015,0.27,0.081,0.753,0.436,0.008,0.433,0.181,0.049,0.966,0.317,0.621,0.816,0.987,0.89,0.458,0.294,0.268,0.989,0.71,0.416,0.205,0.964,0.171,0.342,0.347,0.935,0.297,0.01,0.301,0.563,0.565,0.019,0.12,0.309,0.675,0.116,0.192,0.962,0.58,0.411,0.576,0.696,0.047,0.349,0.684,0.132,0.109,0.684,0.172,0.291,0.874,0.52,0.988,0.735,0.584,0.361,0.984,0.49,0.351,0.95,0.361,0.683,0.626,0.355,0.275,0.277,0.964,0.514,0.717,0.816,0.466,0.526,0.575,0.135,0.816,0.173,0.495,0.908,0.29,0.928,0.819,0.683,0.774,0.741,0.835,0.837,0.779,0.021,0.13,0.768,0.268,0.431,0.051,0.678,0.778,0.173,0.867,0.965,0.187,0.697,0.713,0.845,0.799,0.65,0.938,0.594,0.682,0.947,0.425,0.064,0.95,0.846,0.005,0.077,0.965,0.089,0.077,0.415,0.267,0.69,0.895,0.72,0.522,0.643,0.944,0.203,0.318,0.287,0.244,0.68,0.724,0.546,0.737,0.028,0.335,0.008,0.677,0.07,0.046,0.396,0.442,0.523,0.534,0.134,0.192,0.82,0.941,0.849,0.521,0.427,0.541,0.74,0.28,0.649,0.91,0.636,0.825,0.113,0.721,0.738,0.461,0.758,0.655,0.354,0.374,0.446,0.376,0.244,0.271,0.728,0.163,0.894,0.464,0.712,0.446,0.791,0.173,0.466,0.908,0.378,0.601,0.88,0.55,0.27,0.869,0.191,0.451,0.678,0.324,0.087,0.101,0.328,0.419,0.993,0.905,0.612,0.846,0.028,0.062,0.074,0.231,0.17,0.718,0.661,0.16,0.072,0.2,0.529,0.84,0.446,0.211,0.244,0.187,0.921,0.253,0.949,0.234,0.847,0.258,0.906,0.66,0.552,0.069,0.908,0.601,0.757,0.514,0.052,0.921,0.814,0.513,0.7,0.058,0.364,0.814,0.109,0.423,0.604,0.748,0.733,0.325,0.137,0.438,0.051,0.795,0.384,0.161,0.721,0.159,0.308,0.616,0.115,0.716,0.281,0.497,0.541,0.419,0.045,0.421,0.631,0.748,0.823,0.744,0.747,0.031,0.029,0.685,0.308,0.006,0.012,0.942,0.978,0.242,0.863,0.327,0.648,0.066,0.338,0.917,0.868,0.521,0.006,0.36,0.477,0.967,0.217,0.333,0.202,0.318,0.446,0.072,0.22,0.043,0.387,0.804,0.401,0.658,0.248,0.747,0.437,0.635,0.921,0.604,0.557,0.698,0.014,0.837,0.634,0.108,0.174,0.459,0.35,0.543,0.087,0.125,0.108,0.253,0.769,0.668,0.575,0.635,0.981,0.272,0.08,0.572,0.244,0.019,0.445,0.896,0.832,0.213,0.036,0.424,0.013,0.463,0.505,0.339,0.236,0.309,0.2,0.698,0.393,0.634,0.927,0.682,0.04,0.17,0.616,0.994,0.399
2020-02-01 19:55:27,0.225,0.881,0.948,0.77,0.416,0.388,0.427,0.94,0.779,0.822,0.22,0.18,0.57,0.909,0.201,0.151,0.311,0.276,0.993,0.667,0.498,0.224,0.635,0.471,0.017,0.321,0.71,0.846,0.302,0.016,0.736,0.042,0.426,0.16,0.071,0.448,0.118,0.211,0.557,0.102,0.235,0.491,0.018,0.218,0.787,0.634,0.224,0.491,0.835,0.176,0.558,0.104,0.1,0.116,0.496,0.468,0.075,0.902,0.872,0.038,0.131,0.88,0.54,0.617,0.939,0.637,0.16,0.138,0.765,0.492,0.459,0.825,0.061,0.944,0.372,0.91,0.702,0.568,0.317,0.874,0.337,0.48,0.382,0.276,0.318,0.644,0.98,0.233,0.985,1.0,0.338,0.387,0.471,0.877,0.424,0.536,0.754,0.279,0.135,0.659,0.704,0.588,0.687,0.629,0.064,0.94,0.289,0.935,0.131,0.373,0.287,0.194,0.883,0.611,0.476,0.758,0.334,0.067,0.36,0.556,0.606,0.254,0.527,0.662,0.778,0.657,0.646,0.558,0.232,0.463,0.411,0.82,0.447,0.039,0.361,0.374,0.434,0.982,0.461,0.764,0.569,0.328,0.664,0.392,0.786,0.758,0.97,0.066,0.226,0.845,0.129,0.897,0.925,0.068,0.571,0.307,0.658,0.232,0.414,0.743,0.697,0.443,0.227,0.962,0.241,0.4,0.425,0.73,0.973,0.976,0.393,0.814,0.864,0.701,0.712,0.971,0.712,0.144,0.929,0.449,0.827,0.52,0.837,0.95,0.11,0.075,0.114,0.908,0.288,0.813,0.367,0.751,0.769,0.424,0.092,0.4,0.479,0.671,0.968,0.578,0.851,0.154,0.383,0.574,0.94,0.949,0.435,0.113,0.195,0.004,0.83,0.228,0.061,0.455,0.839,0.605,0.768,0.862,0.917,0.955,0.952,0.514,0.548,0.843,0.394,0.385,0.241,0.44,0.889,0.371,0.775,0.857,0.346,0.848,0.54,0.722,0.04,0.31,0.688,0.397,0.627,0.609,0.337,0.83,0.342,0.159,0.759,0.016,0.065,0.542,0.131,0.671,0.283,0.383,0.55,0.208,0.648,0.83,0.741,0.584,0.235,0.582,0.787,0.863,0.266,0.94,0.434,0.706,0.927,0.296,0.704,0.777,0.931,0.869,0.783,0.988,0.892,0.99,0.066,0.385,0.997,0.438,0.08,0.074,0.892,0.34,0.233,0.943,0.785,0.582,0.349,0.532,0.377,0.689,0.703,0.647,0.512,0.514,0.575,0.095,0.166,0.837,0.847,0.673,0.821,0.137,0.52,0.37,0.375,0.34,0.939,0.205,0.4,0.741,0.11,0.884,0.814,0.616,0.128,0.28,0.591,0.685,0.203,0.626,0.205,0.118,0.296,0.777,0.192,0.972,0.037,0.639,0.784,0.303,0.948,0.053,0.5,0.171,0.589,0.616,0.726,0.486,0.05,0.863,0.29,0.365,0.354,0.656,0.983,0.379,0.801,0.039,0.654,0.485,0.175,0.319,0.48,0.735,0.0,0.972,0.941,0.633,0.311,0.464,0.467,0.561,0.84,0.901,0.102,0.234,0.851,0.133,0.756,0.174,0.04,0.732,0.962,0.935,0.669,0.591,0.005,0.069,0.535,0.81,0.223,0.599,0.164,0.963,0.585,0.449,0.286,0.358,0.654,0.765,0.88,0.293,0.401,0.212,0.923,0.885,0.057,0.448,0.33,0.617,0.117,0.651,0.555,0.369,0.601,0.726,0.474,0.749,0.491,0.56,0.992,0.696,0.416,0.532,0.406,0.715,0.41,0.813,0.393,0.815,0.662,0.057,0.815,0.812,0.226,0.445,0.461,0.575,0.258,0.065,0.492,0.707,0.597,0.067,0.277,0.062,0.561,0.483,0.047,0.843,0.208,0.781,0.533,0.911,0.443,0.782,0.226,0.528,0.886,0.341,0.545,0.76,0.665,0.7,0.812,0.758,0.579,0.099,0.807,0.202,0.976,0.065,0.8,0.45,0.172,0.411,0.306,0.018,0.993,0.535,0.921,0.539,0.934,0.665,0.274,0.788,0.316,0.579,0.602,0.181,0.979,0.735,0.071,0.388,0.013,0.565,0.164,0.639,0.974,0.973,0.746,0.377,0.006,0.611,0.881,0.446,0.098,0.483,0.276,0.944,0.998,0.138,0.141,0.672,0.023,0.326,0.647,0.321
2020-02-01 19:55:27,0.107,0.921,0.399,0.497,0.66,0.685,0.104,0.56,0.861,0.278,0.418,0.263,0.611,0.767,0.419,0.942,0.708,0.477,0.858,0.707,0.674,0.924,0.503,0.304,0.536,0.076,0.165,0.849,0.677,0.856,0.601,0.317,0.293,0.534,0.744,0.903,0.652,0.905,0.251,0.812,0.03,0.977,0.917,0.841,0.058,0.253,0.851,0.759,0.901,0.066,0.01,0.311,0.864,0.142,0.442,0.115,0.744,0.539,0.215,0.551,0.308,0.695,0.174,0.554,0.389,0.043,0.746,0.499,0.015,0.642,0.577,0.286,0.715,0.65,0.212,0.198,0.189,0.642,0.261,0.113,0.53,0.707,0.724,0.729,0.95,0.679,0.784,0.9,0.269,0.644,0.414,0.554,0.292,0.927,0.168,0.589,0.666,0.32,0.961,0.736,0.58,0.927,0.85,0.985,0.92,0.161,0.784,0.399,0.27,0.342,0.618,0.584,0.301,0.375,0.758,0.605,0.202,0.332,0.809,0.745,0.585,0.676,0.636,0.735,0.473,0.85,0.154,0.766,0.787,0.475,0.046,0.565,0.135,0.927,0.973,0.306,0.768,0.638,0.718,0.453,0.991,0.425,0.677,0.4,0.397,0.324,0.023,0.4,0.09,0.342,0.394,0.991,0.596,0.738,0.937,0.74,0.967,0.256,0.406,0.677,0.121,0.094,0.252,0.796,0.488,0.326,0.622,0.182,0.979,0.52,0.964,0.013,0.31,0.466,0.916,0.393,0.338,0.83,0.451,0.558,0.216,0.013,0.197,0.841,0.689,0.205,0.302,0.813,0.56,0.607,0.216,0.24,0.015,0.162,0.638,0.637,0.57,0.773,0.491,0.878,0.299,0.534,0.914,0.3,0.539,0.358,0.203,0.425,0.0,0.828,0.953,0.898,0.713,0.495,0.442,0.395,0.829,0.082,0.448,0.863,0.145,0.341,0.092,0.69,0.861,0.073,0.956,0.778,0.667,0.824,0.129,0.537,0.767,0.615,0.858,0.524,0.501,0.112,0.067,0.693,0.727,0.584,0.295,0.01,0.019,0.656,0.895,0.838,0.142,0.826,0.766,0.003,0.769,0.003,0.139,0.901,0.139,0.484,0.087,0.439,0.315,0.565,0.576,0.024,0.638,0.916,0.288,0.505,0.119,0.829,0.267,0.042,0.387,0.601,0.015,0.218,0.343,0.144,0.806,0.315,0.717,0.75,0.734,0.738,0.3,0.664,0.108,0.59,0.35,0.205,0.889,0.914,0.391,0.66,0.653,0.31,0.813,0.284,0.315,0.515,0.33,0.805,0.531,0.16,0.184,0.079,0.667,0.854,0.366,0.651,0.649,0.307,0.982,0.079,0.3,0.279,0.792,0.477,0.993,0.887,0.293,0.265,0.886,0.153,0.11,0.133,0.729,0.713,0.403,0.412,0.648,0.306,0.026,0.006,0.202,0.149,0.204,0.826,0.166,0.041,0.08,0.822,0.828,0.064,0.616,0.378,0.571,0.315,0.014,0.54,0.879,0.094,0.511,0.765,0.502,0.527,0.317,0.187,0.71,0.972,0.103,0.054,0.618,0.567,0.826,0.675,0.565,0.899,0.07,0.897,0.862,0.02,0.46,0.601,0.604,0.767,0.923,0.139,0.415,0.46,0.472,0.773,0.551,0.799,0.496,0.769,0.034,0.942,0.93,0.57,0.841,0.899,0.544,0.237,0.631,0.726,0.806,0.303,0.978,0.501,0.787,0.641,0.938,0.123,0.393,0.445,0.019,0.689,0.561,0.921,0.61,0.768,0.254,0.59,0.854,0.281,0.727,0.717,0.635,0.917,0.702,0.718,0.801,0.118,0.736,0.528,0.181,0.485,0.594,0.095,0.251,0.75,0.376,0.149,0.731,0.51,0.62,0.063,0.186,0.83,0.927,0.53,0.248,0.519,0.512,0.474,0.688,0.222,0.97,0.114,0.895,0.029,0.293,0.246,0.281,0.927,0.605,0.28,0.241,0.693,0.18,0.634,0.807,0.734,0.605,0.877,0.194,0.518,0.257,0.025,0.741,0.136,0.768,0.717,0.589,0.183,0.688,0.369,0.165,0.537,0.999,0.312,0.021,0.373,0.41,0.678,0.223,0.386,0.571,0.234,0.143,0.649,0.316,0.95,0.742,0.544,0.424,0.499,0.984,0.002,0.052,0.976,0.015,0.773,0.753,0.94,0.285,0.149,0.02,0.193,0.017,0.279
2020-02-01 19:55:27,0.185,0.694,0.059,0.307,0.511,0.684,0.34,0.805,0.113,0.186,0.302,0.417,0.247,0.074,0.959,0.831,0.467,0.869,0.552,0.412,0.138,0.626,0.886,0.203,0.258,0.81,0.208,0.894,0.45,0.393,0.282,0.608,0.323,0.363,0.242,0.606,0.473,0.486,0.827,0.281,0.834,0.474,0.707,0.535,0.466,0.72,0.507,0.146,0.3,0.233,0.039,0.755,0.626,0.168,0.193,0.112,0.749,0.335,0.959,0.55,0.784,0.618,0.492,0.037,0.63,0.282,0.52,0.438,0.228,0.053,0.017,0.812,0.535,0.661,0.334,0.226,0.429,0.894,0.309,0.128,0.262,0.111,0.124,0.908,0.003,0.071,0.788,0.371,0.277,0.217,0.107,0.533,0.538,0.5,0.389,0.727,0.876,0.945,0.819,0.126,0.057,0.498,0.207,0.172,0.484,0.836,0.466,0.667,0.829,0.748,0.445,0.14,0.148,0.941,0.644,0.34,0.95,0.709,0.09,0.731,0.714,0.519,0.308,0.591,0.304,0.966,0.613,0.322,0.031,0.101,0.601,0.664,0.184,0.569,0.042,0.285,0.302,0.296,0.635,0.673,0.454,0.946,0.523,0.342,0.775,0.811,0.976,0.9,0.527,0.683,0.51,0.476,0.667,0.467,0.388,0.159,0.907,0.706,0.723,0.816,0.598,0.946,0.572,0.626,0.189,0.337,0.884,0.56,0.371,0.918,0.625,0.153,0.741,0.953,0.378,0.964,0.233,0.828,0.294,0.009,0.321,0.201,0.28,0.703,0.119,0.076,0.482,0.177,0.275,0.689,0.862,0.079,0.841,0.414,0.423,0.797,0.797,0.678,0.755,0.867,0.158,0.339,0.686,0.825,0.676,0.353,0.615,0.058,0.781,0.387,0.046,0.566,0.422,0.175,0.564,0.118,0.541,0.106,0.198,0.545,0.774,0.601,0.662,0.654,0.363,0.843,0.619,0.266,0.15,0.115,0.875,0.254,0.4,0.623,0.186,0.251,0.979,0.621,0.245,0.137,0.96,0.434,0.982,0.6,0.637,0.404,0.827,0.23,0.751,0.399,0.001,0.183,0.74,0.252,0.02,0.351,0.442,0.34,0.603,0.207,0.533,0.03,0.961,0.755,0.658,0.792,0.763,0.237,0.563,0.14,0.344,0.214,0.085,0.812,0.428,0.501,0.459,0.42,0.051,0.396,0.163,0.548,0.11,0.918,0.08,0.297,0.262,0.231,0.632,0.286,0.27,0.266,0.586,0.38,0.247,0.391,0.85,0.655,0.446,0.29,0.086,0.233,0.193,0.461,0.282,0.046,0.939,0.224,0.149,0.066,0.18,0.749,0.4,0.708,0.017,0.629,0.132,0.848,0.544,0.146,0.639,0.304,0.428,0.746,0.137,0.374,0.756,0.154,0.745,0.994,0.226,0.982,0.211,0.435,0.223,0.081,0.284,0.487,0.256,0.535,0.488,0.682,0.289,0.308,0.136,0.118,0.14,0.727,0.279,0.6,0.911,0.069,0.915,0.786,0.834,0.986,0.687,0.17,0.724,0.616,0.009,0.816,0.799,0.987,0.141,0.437,0.884,0.421,0.408,0.061,0.578,0.648,0.309,0.904,0.244,0.952,0.806,0.518,0.008,0.943,0.506,0.469,0.655,0.311,0.352,0.245,0.921,0.048,0.327,0.336,0.863,0.826,0.161,0.576,0.407,0.63,0.517,0.303,0.134,0.249,0.49,0.123,0.713,0.94,0.445,0.285,0.871,0.651,0.636,0.977,0.336,0.766,0.655,0.568,0.31,0.134,0.755,0.641,0.917,0.553,0.159,0.358,0.485,0.419,0.464,0.95,0.207,0.216,0.427,0.474,0.516,0.16,0.294,0.491,0.49,0.488,0.241,0.612,0.671,0.217,0.837,0.457,0.427,0.809,0.219,0.419,0.976,0.938,0.483,0.291,0.132,0.016,0.277,0.811,0.465,0.269,0.38,0.146,0.776,0.509,0.14,0.508,0.92,0.044,0.629,0.868,0.699,0.611,0.714,0.408,0.674,0.216,0.449,0.38,0.164,0.907,0.773,0.512,0.236,0.29,0.374,0.795,0.775,0.915,0.315,0.946,0.719,0.373,0.155,0.871,0.379,0.704,0.908,0.124,0.265,0.105,0.834,0.52,0.698,0.253,0.101,0.896,0.204,0.275,0.584,0.781,0.076,0.771,0.959,0.754,0.024,0.82
2020-02-01 19:55:27,0.746,0.465,0.554,0.449,0.838,0.147,0.029,0.529,0.352,0.038,0.423,0.493,0.549,0.146,0.473,0.086,0.273,0.961,0.656,0.22,0.394,0.726,0.964,0.503,0.38,0.774,0.833,0.608,0.544,0.615,0.218,0.191,0.265,0.637,0.61,0.957,0.995,0.85,0.517,0.031,0.191,0.886,0.748,0.238,0.728,0.815,0.409,0.814,0.969,0.645,0.361,0.708,0.381,0.571,0.388,0.167,0.885,0.021,0.493,0.569,0.556,0.875,0.335,0.708,0.199,0.429,0.885,0.465,0.299,0.525,0.295,0.489,0.085,0.431,0.905,0.16,0.744,0.589,0.796,0.447,0.864,0.105,0.326,0.727,0.363,0.691,0.903,0.424,0.704,0.931,0.567,0.424,0.96,0.829,0.226,0.539,0.543,0.8,0.09,0.592,0.432,0.76,0.856,0.162,0.167,0.714,0.342,0.669,0.719,0.433,0.053,0.562,0.329,0.83,0.494,0.498,0.126,0.654,0.378,0.423,0.184,0.951,0.902,0.189,0.562,0.717,0.839,0.522,0.717,0.066,0.152,0.424,0.507,0.303,0.68,0.644,0.344,0.639,0.408,0.482,0.658,0.653,0.226,0.945,0.964,0.153,0.073,0.201,0.608,0.989,0.609,0.765,0.709,0.436,0.381,0.208,0.899,0.839,0.385,0.135,0.423,0.046,0.438,0.059,0.546,0.361,0.828,0.179,0.982,0.357,0.975,0.299,0.398,0.955,0.748,0.885,0.965,0.283,0.657,0.574,0.315,0.769,0.781,0.819,0.556,0.01,0.949,0.936,0.936,0.432,0.969,0.456,0.25,0.808,0.247,0.424,0.816,0.91,0.495,0.578,0.233,0.439,0.716,0.994,0.992,0.196,0.559,0.016,0.692,0.634,0.706,0.476,0.17,0.782,0.894,0.519,0.026,0.583,0.654,0.34,0.875,0.652,0.841,0.494,0.046,0.158,0.066,0.608,0.685,0.157,0.714,0.767,0.874,0.911,0.609,0.664,0.145,0.876,0.581,0.533,0.85,0.55,0.289,0.155,0.083,0.7,0.79,0.021,0.834,0.431,0.866,0.283,0.058,0.097,0.727,0.645,0.118,0.695,0.749,0.409,0.605,0.228,0.224,0.17,0.01,0.489,0.523,0.453,0.778,0.935,0.003,0.233,0.673,0.613,0.865,0.148,0.377,0.162,0.363,0.347,0.894,0.631,0.179,0.992,0.919,0.33,0.29,0.198,0.656,0.994,0.625,0.49,0.6,0.636,0.275,0.564,0.406,0.873,0.391,0.642,0.906,0.247,0.699,0.368,0.769,0.651,0.246,0.176,0.591,0.732,0.705,0.958,0.947,0.548,0.204,0.68,0.628,0.018,0.164,0.306,0.54,0.332,0.821,0.953,0.795,0.008,0.871,0.032,0.746,0.716,0.344,0.132,0.576,0.43,0.742,0.193,0.625,0.858,0.215,0.662,0.4,0.548,0.082,0.582,0.8,0.664,0.727,0.972,0.379,0.132,0.086,0.027,0.053,0.52,0.514,0.532,0.314,0.387,0.406,0.037,0.127,0.607,0.579,0.693,0.944,0.827,0.759,0.023,0.05,0.145,0.378,0.097,0.527,0.199,0.296,0.617,0.01,0.781,0.645,0.502,0.975,0.301,0.644,0.57,0.059,0.903,0.493,0.747,0.517,0.959,0.946,0.432,0.872,0.148,0.556,0.161,0.329,0.481,0.455,0.604,0.899,0.098,0.495,0.196,0.356,0.648,0.658,0.858,0.021,0.706,0.404,0.771,0.418,0.207,0.675,0.892,0.606,0.761,0.205,0.892,0.795,0.434,0.12,0.707,0.59,0.3,0.785,0.607,0.041,0.988,0.336,0.58,0.481,0.792,0.567,0.84,0.963,0.261,0.193,0.445,0.09,0.931,0.553,0.205,0.952,0.775,0.491,0.28,0.187,0.147,0.999,0.996,0.145,0.546,0.23,0.44,0.918,0.284,0.658,0.827,0.34,0.973,0.38,0.191,0.908,0.341,0.36,0.52,0.044,0.41,0.507,0.979,0.455,0.419,0.626,0.143,0.195,0.911,0.537,0.758,0.101,0.33,0.377,0.925,0.942,0.259,0.986,0.772,0.799,0.723,0.75,0.222,0.172,0.602,0.62,0.586,0.162,0.086,0.532,0.422,0.619,0.881,0.671,0.551,0.841,0.78,0.003,0.773,0.632,0.765,0.648,0.853
2020-02-01 19:55:27,0.281,0.828,0.335,0.445,0.429,0.403,0.065,0.303,0.378,0.983,0.381,0.851,0.985,0.192,0.857,0.735,0.39,0.795,0.968,0.735,0.165,0.644,0.102,0.773,0.985,0.14,0.361,0.095,0.903,0.663,0.812,0.965,0.442,0.517,0.554,0.589,0.84,0.539,0.081,0.335,0.517,0.92,0.376,0.744,0.406,0.068,0.958,0.007,0.26,0.718,0.71,0.459,0.675,0.994,0.284,0.791,0.535,0.317,0.588,0.016,0.037,0.742,0.783,0.691,0.497,0.156,0.194,0.638,0.641,0.562,0.723,0.421,0.384,0.931,0.369,0.665,0.452,0.783,0.793,0.904,0.989,0.986,0.114,0.384,0.621,0.854,0.273,0.772,0.269,0.552,0.015,0.255,0.424,0.962,0.786,0.702,0.79,0.337,0.935,0.668,0.609,0.283,0.103,0.983,0.617,0.444,0.246,0.497,0.887,0.846,0.566,0.48,0.034,0.484,0.858,0.058,0.93,0.961,0.265,0.018,0.519,0.205,0.198,0.351,0.275,0.429,0.626,0.828,0.633,0.781,0.659,0.721,0.306,0.706,0.212,0.956,0.282,0.687,0.699,0.323,0.145,0.729,0.563,0.232,0.42,0.538,0.208,0.068,0.567,0.806,0.395,0.136,0.502,0.623,0.486,0.987,0.1,0.576,0.732,0.526,0.653,0.506,0.652,0.045,0.678,0.098,0.701,0.845,0.196,0.152,0.267,0.52,0.682,0.339,0.476,0.636,0.946,0.398,0.06,0.036,0.829,0.361,0.831,0.063,0.948,0.535,0.3,0.153,0.146,0.354,0.169,0.925,0.704,0.9,0.506,0.543,0.882,0.884,0.552,0.735,0.47,0.006,0.987,0.42,0.641,0.293,0.071,0.553,0.539,0.185,0.344,0.847,0.657,0.076,0.435,0.039,0.1,0.27,0.523,0.744,0.413,0.449,0.7,0.17,0.26,0.047,0.588,0.686,0.833,0.507,0.724,0.868,0.805,0.147,0.079,0.168,0.205,0.983,0.234,0.228,0.504,0.145,0.386,0.856,0.139,0.992,0.883,0.608,0.022,0.804,0.53,0.908,0.924,0.2,0.702,0.996,0.947,0.024,0.868,0.022,0.27,0.045,0.758,0.245,0.109,0.692,0.533,0.996,0.794,0.059,0.347,0.952,0.644,0.304,0.37,0.47,0.41,0.846,0.843,0.284,0.158,0.124,0.534,0.695,0.616,0.917,0.589,0.224,0.912,0.221,0.569,0.742,0.751,0.131,0.594,0.517,0.179,0.642,0.494,0.55,0.034,0.869,0.249,0.288,0.801,0.597,0.595,0.323,0.462,0.435,0.194,0.522,0.916,0.514,0.157,0.019,0.948,0.644,0.914,0.119,0.977,0.713,0.399,0.486,0.546,0.727,0.811,0.573,0.436,0.566,0.44,0.012,0.346,0.093,0.326,0.602,0.092,0.775,0.896,0.895,0.704,0.317,0.55,0.215,0.665,0.463,0.931,0.385,0.7,0.777,0.997,0.392,0.428,0.922,0.063,0.479,0.058,0.832,0.994,0.88,0.019,0.618,0.041,0.329,0.823,0.357,0.443,0.853,0.034,0.462,0.535,0.669,0.754,0.833,0.676,0.476,0.635,0.783,0.368,0.743,0.626,0.471,0.707,0.536,0.216,0.326,0.191,0.739,0.768,0.486,0.497,0.538,0.307,0.096,0.464,0.757,0.783,0.183,0.858,0.994,0.689,0.812,0.127,0.297,0.417,0.854,0.497,0.119,0.185,0.411,0.046,0.984,0.954,0.387,0.403,0.694,0.469,0.127,0.952,0.198,0.413,0.102,0.472,0.411,0.37,0.724,0.184,0.559,0.547,0.902,0.67,0.967,0.049,0.802,0.651,0.231,0.511,0.882,0.504,0.086,0.716,0.268,0.446,0.508,0.128,0.68,0.521,0.405,0.19,0.626,0.503,0.543,0.244,0.654,0.114,0.891,0.299,0.102,0.52,0.166,0.701,0.438,0.737,0.758,0.423,0.612,0.716,0.261,0.142,0.411,0.747,0.192,0.026,0.708,0.233,0.666,0.728,0.209,0.766,0.414,0.577,0.727,0.947,0.28,0.398,0.482,0.98,0.215,0.194,0.727,0.054,0.6,0.24,0.978,0.648,0.468,0.754,0.898,0.828,0.104,0.531,0.989,0.312,0.594,0.915,0.729,0.371,0.973,0.385,0.003,0.286,0.918
2020-02-01 19:55:27,0.155,0.886,0.454,0.438,0.815,0.031,0.33,0.651,0.595,0.697,0.787,0.024,0.854,0.594,0.07,0.827,0.687,0.466,0.99,0.953,0.73,0.289,0.79,0.98,0.754,0.342,0.698,0.08,0.947,1.0,0.167,0.123,0.229,0.581,0.611,0.57,0.274,0.019,0.825,0.413,0.436,0.971,0.834,0.318,0.722,0.162,0.451,0.385,0.031,0.617,0.64,0.384,0.28,0.467,0.634,0.483,0.801,0.09,0.351,0.249,0.335,0.481,0.332,0.275,0.663,0.059,0.883,0.655,0.137,0.478,0.569,0.484,0.298,0.172,0.012,0.357,0.195,0.9,0.768,0.794,0.201,0.083,0.225,0.842,0.399,0.233,0.125,0.002,0.169,0.467,0.879,0.934,0.267,0.675,0.221,0.986,0.568,0.328,0.974,0.673,0.955,0.337,0.542,0.525,0.369,0.122,0.142,0.984,0.355,0.696,0.085,0.182,0.16,0.335,0.716,0.505,0.178,0.514,0.867,0.629,0.207,0.385,0.404,0.946,0.405,0.883,0.269,0.015,0.288,0.043,0.602,0.282,0.174,0.721,0.656,0.054,0.542,0.84,0.412,0.126,0.888,0.427,0.981,0.478,0.244,0.138,0.95,0.627,0.588,0.328,0.078,0.43,0.245,0.547,0.579,0.361,0.176,0.138,0.912,0.795,0.64,0.325,0.218,0.039,0.478,0.606,0.023,0.555,0.574,0.941,0.937,0.792,0.092,0.71,0.422,0.576,0.005,0.897,0.596,0.005,0.508,0.683,0.075,0.369,0.413,0.503,0.638,0.001,0.714,0.314,0.054,0.552,0.71,0.306,0.072,0.052,0.843,0.275,0.237,0.275,0.231,0.81,0.015,0.243,0.723,0.107,0.643,0.487,0.151,0.027,0.104,0.561,0.887,0.784,0.879,0.343,0.111,0.978,0.654,0.824,0.455,0.555,0.787,0.448,0.873,0.464,0.731,0.833,0.164,0.304,0.808,0.588,0.277,0.568,0.116,0.193,0.55,0.188,0.225,0.82,0.262,0.583,0.346,0.494,0.185,0.23,0.834,0.118,0.993,0.578,0.499,0.427,0.745,0.597,0.977,0.966,0.732,0.599,0.106,0.744,0.035,0.249,0.289,0.663,0.513,0.354,0.453,0.345,0.418,0.315,0.875,0.136,0.799,0.767,0.805,0.9,0.579,0.256,0.187,0.364,0.455,0.169,0.538,0.189,0.649,0.076,0.581,0.843,0.778,0.2,0.966,0.318,0.93,0.238,0.443,0.761,0.202,0.056,0.011,0.406,0.724,0.401,0.394,0.169,0.625,0.108,0.27,0.608,0.731,0.935,0.886,0.342,0.198,0.176,0.008,0.524,0.167,0.254,0.476,0.657,0.23,0.907,0.631,0.248,0.987,0.56,0.043,0.48,0.309,0.098,0.642,0.913,0.273,0.834,0.822,0.233,0.728,0.526,0.431,0.439,0.138,0.0,0.232,0.596,0.902,0.165,0.013,0.835,0.358,0.766,0.511,0.538,0.084,0.896,0.009,0.666,0.285,0.38,0.405,0.682,0.27,0.179,0.853,0.477,0.985,0.801,0.489,0.305,0.274,0.118,0.294,0.441,0.089,0.119,0.199,0.756,0.517,0.141,0.944,0.289,0.973,0.116,0.779,0.107,0.543,0.037,0.907,0.72,0.469,0.156,0.009,0.766,0.573,0.591,0.194,0.558,0.705,0.252,0.652,0.034,0.725,0.678,0.406,0.319,0.57,0.59,0.713,0.851,0.273,0.887,0.001,0.587,0.874,0.086,0.444,0.593,0.365,0.88,0.062,0.541,0.908,0.328,0.454,0.994,0.458,0.149,0.915,0.726,0.667,0.167,0.985,0.711,0.974,0.55,0.637,0.229,0.415,0.733,0.259,0.094,0.372,0.175,0.47,0.056,0.912,0.384,0.778,0.366,0.863,0.392,0.002,0.941,0.842,0.345,0.95,0.132,0.274,0.697,0.348,0.983,0.989,0.486,0.341,0.913,0.259,0.47,0.44,0.793,0.015,0.924,0.068,0.633,0.424,0.181,0.821,0.733,0.614,0.337,0.261,0.4,0.239,0.738,0.592,0.931,0.622,0.418,0.147,0.514,0.01,0.499,0.86,0.072,0.171,0.898,0.739,0.876,0.97,0.989,0.917,0.63,0.786,0.906,0.194,0.78,0.522,0.655,0.891,0.509,0.584,0.821,0.888,0.269
2020-02-01 19:55:27,0.689,0.251,0.169,0.52,0.604,0.062,0.156,0.335,0.507,0.521,0.621,0.562,0.94,0.633,0.601,0.897,0.239,0.864,0.49,0.127,0.243,0.801,0.883,0.599,0.235,0.563,0.679,0.013,0.848,0.246,0.639,0.671,0.114,0.528,0.192,0.233,0.626,0.342,0.864,0.8,0.274,0.358,0.162,0.895,0.707,0.906,0.451,0.625,0.998,0.512,0.546,0.162,0.001,0.979,0.111,0.12,0.455,0.78,0.819,0.264,0.205,0.531,0.393,0.323,0.245,0.393,0.157,0.031,0.67,0.002,0.645,0.031,0.592,0.188,0.877,0.448,0.604,0.915,0.007,0.985,0.434,0.821,0.059,0.457,0.315,0.513,0.224,0.291,0.938,0.757,0.197,0.953,0.986,0.39,0.974,0.332,0.791,0.759,0.191,0.298,0.049,0.305,0.636,0.27,0.135,0.724,0.941,0.299,0.469,0.651,0.754,0.098,0.072,0.876,0.393,0.245,0.447,0.829,0.423,0.464,0.764,0.116,0.792,0.907,0.842,0.553,0.458,0.808,0.576,0.683,0.45,0.698,0.52,0.349,0.262,0.236,0.785,0.796,0.59,0.133,0.395,0.97,0.704,0.265,0.382,0.336,0.034,0.622,0.28,0.686,0.456,0.559,0.095,0.32,0.162,0.623,0.874,0.472,0.779,0.733,0.249,0.09,0.465,0.58,0.937,0.572,0.749,0.531,0.594,0.516,0.71,0.035,0.641,0.416,0.045,0.283,0.074,0.781,0.436,0.944,0.525,0.927,0.074,0.831,0.219,0.417,0.491,0.206,0.296,0.747,0.478,0.975,0.166,0.295,0.021,0.747,0.805,0.433,0.406,0.801,0.966,0.21,0.17,0.137,0.99,0.136,0.662,0.654,0.1,0.15,0.974,0.638,0.155,0.178,0.389,0.051,0.839,0.181,0.145,0.454,0.085,0.464,0.979,0.12,0.509,0.084,0.914,0.845,0.256,0.511,0.281,0.743,0.837,0.483,0.989,0.677,0.369,0.665,0.425,0.508,0.609,0.693,0.463,0.559,0.921,0.988,0.397,0.345,0.431,0.052,0.786,0.492,0.6,0.364,0.797,0.846,0.589,0.905,0.274,0.786,0.732,0.425,0.001,0.22,0.105,0.65,0.868,0.832,0.624,0.238,0.726,0.965,0.331,0.595,0.559,0.398,0.269,0.419,0.518,0.713,0.857,0.125,0.068,0.352,0.543,0.544,0.338,0.115,0.314,0.122,0.654,0.407,0.286,0.812,0.572,0.632,0.095,0.271,0.338,0.471,0.954,0.602,0.22,0.681,0.687,0.146,0.931,0.779,0.122,0.516,0.798,0.399,0.967,0.074,0.652,0.0,0.535,0.547,0.515,0.813,0.616,0.092,0.374,0.428,0.907,0.729,0.625,0.838,0.549,0.377,0.037,0.152,0.82,0.441,0.07,0.369,0.257,0.261,0.373,0.46,0.713,0.291,0.235,0.825,0.652,0.08,0.596,0.925,0.384,0.767,0.012,0.943,0.564,0.936,0.052,0.637,0.904,0.581,0.484,0.395,0.735,0.099,0.32,0.284,0.371,0.749,0.676,0.641,0.919,0.502,0.484,0.881,0.682,0.012,0.789,0.36,0.926,0.402,0.11,0.937,0.577,0.069,0.271,0.122,0.266,0.808,0.41,0.678,0.626,0.759,0.996,0.214,0.299,0.473,0.721,0.867,0.35,0.888,0.455,0.781,0.239,0.99,0.564,0.322,0.543,0.362,0.363,0.125,0.516,0.48,0.096,0.439,0.759,0.762,0.943,0.438,0.169,0.57,0.907,0.627,0.141,0.962,0.818,0.153,0.133,0.706,0.592,0.471,0.91,0.255,0.35,0.442,0.303,0.624,0.568,0.513,0.689,0.143,0.233,0.488,0.292,0.74,0.831,0.095,0.381,0.87,0.854,0.869,0.428,0.403,0.297,0.866,0.604,0.194,0.532,0.665,0.273,0.47,0.459,0.777,0.112,0.193,0.569,0.455,0.874,0.217,0.393,0.92,0.201,0.451,0.021,0.878,0.319,0.767,0.773,0.885,0.499,0.8,0.694,0.347,0.671,0.871,0.221,0.03,0.936,0.219,0.749,0.856,0.265,0.593,0.174,0.941,0.877,0.904,0.191,0.022,0.455,0.689,0.245,0.937,0.144,0.356,0.739,0.542,0.962,0.596,0.007,0.34,0.567,0.217,0.613,0.392
2020-02-01 19:55:27,0.549,0.945,0.855,0.258,0.855,0.699,0.721,0.111,0.106,0.895,0.38,0.294,0.486,0.204,0.265,0.185,0.468,0.724,0.649,0.322,0.537,0.114,0.127,0.9,0.877,0.953,0.823,0.977,0.758,0.016,0.044,0.394,0.581,0.85,0.9,0.119,0.426,0.447,0.159,0.385,0.327,0.365,0.044,0.283,0.159,0.168,0.842,0.018,0.091,0.29,0.099,0.232,0.267,0.123,0.602,0.925,0.535,0.662,0.478,0.339,0.23,0.882,0.394,0.599,0.539,0.894,0.192,0.376,0.359,0.999,0.895,0.894,0.623,0.248,0.839,0.295,0.563,0.707,0.93,0.122,0.026,0.426,0.712,0.665,0.465,0.611,0.296,0.136,0.4,0.685,0.1,0.245,0.25,0.828,0.408,0.446,0.397,0.176,0.402,0.759,0.211,0.839,0.21,0.929,0.35,0.144,0.997,0.297,0.908,0.597,0.902,0.171,0.17,0.436,0.916,0.578,0.871,0.727,0.656,0.401,0.703,0.108,0.43,0.483,0.85,0.682,0.191,0.431,0.493,0.727,0.599,0.142,0.453,0.473,0.487,0.797,0.537,0.889,0.549,0.807,0.003,0.089,0.414,0.413,0.148,0.791,0.98,0.121,0.239,0.07,0.778,0.815,0.386,0.026,0.135,0.758,0.259,0.975,0.557,0.072,0.13,0.145,0.6,0.499,0.378,0.908,0.641,0.995,0.331,0.331,0.766,0.476,0.093,0.328,0.774,0.343,0.855,0.779,0.306,0.433,0.879,0.531,0.772,0.541,0.43,0.538,0.556,0.998,0.97,0.223,0.512,0.616,0.971,0.766,0.528,0.615,0.272,0.957,0.407,0.752,0.792,0.651,0.96,0.019,0.298,0.193,0.429,0.561,0.204,0.094,0.907,0.298,0.274,0.371,0.064,0.14,0.729,0.606,0.052,0.791,0.227,0.772,0.359,0.615,0.47,0.459,0.362,0.352,0.247,0.852,0.43,0.332,0.008,0.081,0.986,0.816,0.181,0.833,0.267,0.726,0.901,0.754,0.984,0.688,0.292,0.588,0.088,0.549,0.469,0.642,0.195,0.931,0.296,0.89,0.27,0.162,0.162,0.942,0.528,0.948,0.808,0.944,0.125,0.401,0.7,0.571,0.518,0.175,0.224,0.021,0.84,0.732,0.079,0.679,0.195,0.035,0.85,0.115,0.024,0.567,0.54,0.845,0.368,0.422,0.217,0.853,0.573,0.958,0.555,0.714,0.411,0.602,0.739,0.089,0.324,0.652,0.67,0.391,0.386,0.407,0.794,0.822,0.297,0.528,0.771,0.833,0.967,0.51,0.128,0.401,0.469,0.723,0.304,0.085,0.677,0.756,0.598,0.277,0.905,0.474,0.955,0.342,0.343,0.108,0.754,0.378,0.123,0.836,0.414,0.228,0.984,0.07,0.737,0.722,0.058,0.654,0.306,0.002,0.814,0.237,0.714,0.692,0.069,0.667,0.432,0.502,0.152,0.011,0.983,0.676,0.928,0.352,0.67,0.325,0.678,0.697,0.963,0.641,0.632,0.819,0.834,0.443,0.802,0.396,0.201,0.243,0.681,0.003,0.759,0.129,0.624,0.167,0.984,0.726,0.539,0.28,0.836,0.399,0.799,0.488,0.367,0.934,0.714,0.223,0.61,0.425,0.245,0.479,0.916,0.794,0.709,0.311,0.288,0.244,0.16,0.152,0.931,0.952,0.961,0.364,0.215,0.236,0.017,0.704,0.984,0.363,0.512,0.401,0.918,0.148,0.118,0.195,0.158,0.184,0.24,0.997,0.38,0.683,0.9,0.925,0.132,0.43,0.778,0.645,0.902,0.679,0.582,0.897,0.666,0.086,0.13,0.202,0.012,0.559,0.921,0.08,0.859,0.533,0.993,0.656,0.56,0.886,0.207,0.222,0.135,0.488,0.8,0.025,0.073,0.64,0.62,0.297,0.261,0.756,0.033,0.321,0.451,0.466,0.639,0.296,0.531,0.393,0.145,0.62,0.555,0.594,0.11,0.075,0.432,0.141,0.051,0.366,0.072,0.929,0.202,0.675,0.867,0.16,0.113,0.731,0.957,0.024,0.378,0.689,0.877,0.834,0.699,0.511,0.635,0.931,0.218,0.256,0.501,0.689,0.509,0.228,0.063,0.871,0.065,0.884,0.371,0.872,0.609,0.357,0.528,0.633,0.919,0.09,0.995,0.779,0.823,0.521
2020-02-01 19:55:27,0.594,0.061,0.645,0.105,0.693,0.363,0.744,0.021,0.517,0.385,0.248,0.999,0.092,0.525,0.969,0.459,0.346,0.914,0.236,0.082,0.513,0.952,0.597,0.467,0.815,0.572,0.249,0.239,0.229,0.604,0.61,0.942,0.582,0.818,0.159,0.767,0.958,0.794,0.983,0.645,0.246,0.823,0.659,0.996,0.89,0.855,0.199,0.938,0.714,0.756,0.272,0.698,0.853,0.311,0.522,0.661,0.952,0.813,0.962,0.596,0.572,0.847,0.313,0.467,0.086,0.949,0.334,0.817,0.448,0.255,0.204,0.237,0.634,0.916,0.056,0.663,0.333,0.12,0.867,0.861,0.454,0.847,0.004,0.172,0.159,0.637,0.063,0.24,0.783,0.614,0.453,0.987,0.545,0.861,0.249,0.25,0.514,0.092,0.972,0.474,0.823,0.549,0.17,0.668,0.043,0.188,0.421,0.223,0.418,0.824,0.755,0.78,0.501,0.172,0.748,0.784,0.398,0.262,0.439,0.822,0.105,0.46,0.228,0.408,0.871,0.728,0.744,0.427,0.46,0.079,0.997,0.548,0.776,0.724,0.024,0.309,0.429,0.259,0.351,0.93,0.104,0.959,0.476,0.41,0.404,0.951,0.607,0.174,0.021,0.844,0.3,0.922,0.84,0.635,0.611,0.006,0.634,0.627,0.846,0.566,0.206,0.645,0.895,0.531,0.888,0.698,0.886,0.717,0.784,0.223,0.406,0.941,0.991,0.325,0.821,0.241,0.245,0.211,0.415,0.869,0.457,0.129,0.543,0.598,0.955,0.108,0.212,0.123,0.169,0.479,0.342,0.606,0.953,0.51,0.411,0.962,0.764,0.184,0.417,0.162,0.598,0.102,0.29,0.375,0.217,0.884,0.502,0.461,0.602,0.361,0.066,0.55,0.187,0.385,0.137,0.69,0.034,0.426,0.446,0.54,0.285,0.609,0.321,0.538,0.902,0.053,0.202,0.054,0.69,0.155,0.777,0.011,0.721,0.177,0.926,0.57,0.889,0.657,0.395,0.427,0.213,0.115,0.18,0.558,0.324,0.899,0.153,0.424,0.148,0.634,0.555,0.146,0.302,0.823,0.67,0.95,0.039,0.778,0.331,0.905,0.161,0.256,0.53,0.232,0.328,0.711,0.402,0.043,0.842,0.539,0.322,0.283,0.987,0.135,0.553,0.702,0.321,0.188,0.095,0.803,0.604,0.455,0.007,0.221,0.858,0.301,0.788,0.524,0.766,0.662,0.067,0.311,0.888,0.861,0.381,0.672,0.327,0.751,0.74,0.13,0.672,0.465,0.689,0.793,0.587,0.998,0.973,0.038,0.392,0.856,0.496,0.903,0.959,0.705,0.449,0.671,0.304,0.504,0.859,0.176,0.407,0.09,0.416,0.025,0.506,0.57,0.014,0.211,0.978,0.483,0.873,0.035,0.812,0.352,0.023,0.062,0.333,0.799,0.14,0.724,0.642,0.65,0.131,0.212,0.546,0.445,0.945,0.913,0.08,0.986,0.221,0.847,0.52,0.859,0.957,0.635,0.156,0.846,0.819,0.846,0.955,0.974,0.771,0.453,0.953,0.965,0.725,0.474,0.181,0.462,0.645,0.17,0.293,0.468,0.263,0.759,0.335,0.493,0.658,0.7,0.055,0.239,0.422,0.933,0.587,0.22,0.56,0.091,0.748,0.942,0.029,0.634,0.487,0.241,0.595,0.015,0.948,0.274,0.738,0.698,0.338,0.467,0.785,0.633,0.575,0.609,0.144,0.781,0.987,0.649,0.633,0.286,0.424,0.038,0.346,0.478,0.737,0.374,0.441,0.599,0.798,0.405,0.849,0.811,0.413,0.121,0.806,0.561,0.249,0.194,0.378,0.958,0.658,0.698,0.303,0.642,0.249,0.489,0.66,0.014,0.797,0.275,0.778,0.944,0.423,0.157,0.084,0.189,0.442,0.166,0.852,0.603,0.475,0.227,0.789,0.923,0.384,0.363,0.032,0.06,0.095,0.563,0.691,0.437,0.031,0.235,0.861,0.868,0.408,0.848,0.882,0.165,0.327,0.177,0.694,0.055,0.752,0.518,0.958,0.967,0.241,0.166,0.969,0.539,0.101,0.714,0.139,0.046,0.568,0.63,0.175,0.255,0.858,0.526,0.533,0.914,0.305,0.16,0.694,0.335,0.792,0.408,0.281,0.848,0.144,0.549,0.983,0.092,0.27,0.368,0.333,0.136
2020-02-01 19:55:27,0.428,0.237,0.96,0.747,0.532,0.796,0.06,0.859,0.336,0.027,0.683,0.954,0.549,0.728,0.671,0.858,0.665,0.255,0.88,0.822,0.888,0.759,0.393,0.718,0.523,0.794,0.317,0.755,0.355,0.685,0.724,0.134,0.287,0.643,0.596,0.956,0.547,0.346,0.29,0.822,0.262,0.143,0.399,0.975,0.25,0.119,0.847,0.455,0.497,0.414,0.744,0.221,0.218,0.665,0.666,0.18,0.558,0.598,0.833,0.408,0.494,0.885,0.719,0.655,0.928,0.112,0.886,0.266,0.947,0.546,0.851,0.105,0.91,0.041,0.415,0.224,0.35,0.485,0.811,0.817,0.226,0.506,0.161,0.147,0.107,0.98,0.218,0.589,0.534,0.379,0.334,0.06,0.382,0.903,0.33,0.926,0.434,0.017,0.317,0.461,0.891,0.13,0.85,0.422,0.994,0.072,0.102,0.237,0.992,0.408,0.919,0.919,0.821,0.871,0.309,0.866,0.875,0.185,0.126,0.463,0.337,0.147,0.536,0.725,0.358,0.843,0.713,0.867,0.425,0.108,0.689,0.747,0.06,0.643,0.301,0.36,0.584,0.405,0.555,0.688,0.775,0.797,0.954,0.045,0.128,0.761,0.126,0.963,0.012,0.865,0.699,0.234,0.024,0.837,0.754,0.62,0.3,0.017,0.237,0.019,0.958,0.941,0.106,0.318,0.254,0.185,0.72,0.011,0.93,0.429,0.205,0.419,0.257,0.73,0.94,0.676,0.601,0.48,0.18,0.524,0.849,0.744,0.761,0.965,0.155,0.659,0.301,0.75,0.817,0.385,0.308,0.024,0.706,0.758,0.703,0.745,0.748,0.452,0.242,0.028,0.854,0.219,0.252,0.483,0.86,0.651,0.911,0.939,0.76,0.258,0.739,0.861,0.59,0.244,0.762,0.893,0.224,0.53,0.374,0.826,0.762,0.924,0.141,0.038,0.836,0.773,0.168,0.698,0.296,0.445,0.366,0.23,0.28,0.685,0.381,0.413,0.728,0.781,0.753,0.989,0.166,0.256,0.203,0.551,0.191,0.374,0.285,0.327,0.001,0.9,0.451,0.6,0.928,0.039,0.239,0.411,0.291,0.676,0.754,0.12,0.986,0.485,0.65,0.356,0.505,0.021,0.054,0.271,0.676,0.471,0.32,0.115,0.031,0.667,0.164,0.353,0.921,0.635,0.888,0.567,0.27,0.485,0.188,0.761,0.746,0.462,0.051,0.074,0.054,0.168,0.921,0.018,0.402,0.283,0.562,0.031,0.128,0.613,0.561,0.695,0.567,0.204,0.015,0.691,0.279,0.04,0.937,0.409,0.406,0.907,0.842,0.447,0.886,0.865,0.467,0.801,0.237,0.62,0.381,0.075,0.076,0.948,0.073,0.582,0.514,0.583,0.193,0.99,0.416,0.103,0.166,0.878,0.857,0.211,0.076,0.809,0.056,0.042,0.187,0.978,0.667,0.389,0.717,0.67,0.439,0.16,0.257,0.951,0.865,0.271,0.478,0.236,0.776,0.059,0.59,0.999,0.18,0.962,0.789,0.365,0.258,0.219,0.415,0.12,0.028,0.706,0.498,0.651,0.614,0.103,0.079,0.885,0.289,0.903,0.874,0.614,0.447,0.11,0.73,0.871,0.31,0.833,0.291,0.494,0.609,0.488,0.673,0.532,0.898,0.323,0.218,0.015,0.815,0.584,0.816,0.976,0.547,0.548,0.593,0.82,0.478,0.721,0.046,0.789,0.136,0.658,0.6,0.442,0.25,0.017,0.17,0.977,0.225,0.712,0.448,0.04,0.84,0.499,0.477,0.158,0.96,0.075,0.314,0.786,0.46,0.884,0.415,0.948,0.284,0.796,0.021,0.867,0.767,0.627,0.739,0.955,0.072,0.877,0.546,0.27,0.299,0.353,0.268,0.971,0.478,0.386,0.021,0.434,0.572,0.23,0.716,0.468,0.49,0.138,0.503,0.971,0.181,0.7,0.407,0.456,0.846,0.799,0.746,0.292,0.622,0.994,0.014,0.892,0.729,0.199,0.121,0.714,0.757,0.58,0.519,0.241,0.207,0.444,0.992,0.586,0.088,0.772,0.68,0.29,0.057,0.66,0.721,0.027,0.925,0.949,0.701,0.979,0.367,0.523,0.142,0.964,0.145,0.603,0.166,0.274,0.382,0.93,0.023,0.463,0.909,0.283,0.593,0.579,0.213,0.224,0.328,0.876
2020-02-01 19:55:27,0.496,0.051,0.649,0.667,0.617,0.795,0.475,0.251,0.431,0.291,0.881,0.009,0.731,0.447,0.238,0.153,0.658,0.387,0.775,0.624,0.535,0.947,0.044,0.943,0.408,0.897,0.111,0.325,0.217,0.54,0.073,0.46,0.226,0.289,0.068,0.298,0.425,0.965,0.953,0.79,0.963,0.196,0.62,0.316,0.164,0.637,0.433,0.514,0.735,0.588,0.017,0.027,0.582,0.836,0.001,0.942,0.649,0.29,0.609,0.856,0.747,0.123,0.61,0.871,0.397,0.389,0.715,0.424,0.908,0.985,0.432,0.751,0.802,0.476,0.928,0.625,0.328,0.054,0.899,0.366,0.549,0.327,0.465,0.788,0.987,0.538,0.065,0.636,0.58,0.106,0.247,0.421,0.638,0.104,0.542,0.967,0.835,0.905,0.003,0.397,0.767,0.072,0.183,0.672,0.947,0.669,0.002,0.359,0.562,0.133,0.781,0.286,0.162,0.956,0.504,0.154,0.309,0.209,0.318,0.907,0.242,0.138,0.284,0.03,0.662,0.067,0.365,0.277,0.042,0.154,0.281,0.821,0.854,0.731,0.306,0.025,0.737,0.383,0.823,0.506,0.127,0.387,0.059,0.582,0.812,0.095,0.162,0.808,0.052,0.123,0.972,0.1,0.499,0.204,0.052,0.67,0.287,0.719,0.776,0.036,0.098,0.902,0.439,0.773,0.778,0.788,0.852,0.362,0.933,0.355,0.763,0.17,0.19,0.261,0.391,0.032,0.217,0.885,0.053,0.452,0.696,0.343,0.036,0.176,0.467,0.09,0.7,0.061,0.073,0.371,0.851,0.457,0.648,0.824,0.668,0.081,0.449,0.873,0.112,0.513,0.064,0.549,0.946,0.452,0.214,0.94,0.225,0.494,0.254,0.109,0.696,0.83,0.584,0.115,0.367,0.24,0.629,0.368,0.735,0.717,0.812,0.04,0.534,0.562,0.602,0.325,0.384,0.063,0.02,0.403,0.778,0.16,0.34,0.579,0.921,0.515,0.536,0.855,0.359,0.367,0.049,0.295,0.589,0.674,0.542,0.482,0.765,0.096,0.872,0.501,0.609,0.727,0.627,0.421,0.384,0.015,0.949,0.532,0.602,0.686,0.044,0.866,0.565,0.611,0.151,0.328,0.362,0.789,0.366,0.476,0.637,0.701,0.527,0.918,0.91,0.988,0.864,0.843,0.963,0.944,0.831,0.319,0.812,0.171,0.914,0.541,0.956,0.791,0.631,0.017,0.59,0.344,0.574,0.608,0.222,0.725,0.373,0.556,0.33,0.02,0.536,0.11,0.104,0.812,0.576,0.522,0.138,0.612,0.209,0.742,0.167,0.389,0.001,0.897,0.778,0.461,0.621,0.689,0.851,0.961,0.935,0.596,0.046,0.961,0.874,0.17,0.263,0.741,0.642,0.932,0.771,0.146,0.328,0.623,0.63,0.796,0.95,0.234,0.824,0.189,0.625,0.095,0.399,0.493,0.988,0.478,0.073,0.917,0.705,0.041,0.818,0.702,0.998,0.819,0.127,0.424,0.875,0.829,0.086,0.563,0.344,0.705,0.079,0.645,0.269,0.41,0.84,0.047,0.704,0.181,0.681,0.209,0.928,0.072,0.576,0.714,0.238,0.617,0.613,0.291,0.841,0.409,0.518,0.229,0.413,0.839,0.909,0.12,0.874,0.136,0.793,0.636,0.632,0.664,0.37,0.786,0.319,0.344,0.103,0.492,0.257,0.847,0.162,0.783,0.264,0.147,0.34,0.33,0.739,0.351,0.565,0.753,0.844,0.004,0.072,0.766,0.947,0.093,0.327,0.516,0.952,0.994,0.438,0.413,0.431,0.628,0.218,0.192,0.359,0.962,0.261,0.644,0.72,0.515,0.774,0.546,0.384,0.186,0.987,0.22,0.216,0.347,0.333,0.399,0.473,0.454,0.038,0.19,0.467,0.212,0.499,0.543,0.194,0.712,0.027,0.049,0.542,0.089,0.568,0.584,0.229,0.244,0.317,0.681,0.4,0.292,0.566,0.814,0.996,0.713,0.704,0.119,0.965,0.657,0.658,0.982,0.431,0.516,0.134,0.84,0.125,0.561,0.183,0.237,0.656,0.478,0.47,0.485,0.053,0.944,0.197,0.52,0.806,0.873,0.405,0.055,0.694,0.633,0.279,0.346,0.94,0.567,0.92,0.278,0.351,0.816,0.389,0.234,0.309,0.604,0.529,0.022
2020-02-01 19:55:27,0.087,0.02,0.009,0.962,0.049,0.013,0.574,0.859,0.746,0.031,0.797,0.188,0.238,0.649,0.436,0.354,0.017,0.722,0.925,0.854,0.663,0.829,0.091,0.223,0.413,0.141,0.508,0.25,0.727,0.51,0.664,0.384,0.947,0.037,0.956,0.161,0.767,0.265,0.453,0.147,0.835,0.109,0.54,0.439,0.122,0.444,0.056,0.232,0.287,0.118,0.093,0.498,0.503,0.717,0.844,0.075,0.253,0.18,0.512,0.242,0.23,0.277,0.234,0.067,0.225,0.666,0.757,0.92,0.245,0.127,0.707,0.447,0.153,0.727,0.552,0.254,0.349,0.554,0.806,0.954,0.918,0.686,0.663,0.397,0.321,0.628,0.085,0.944,0.316,0.242,0.292,0.144,0.137,0.71,0.544,0.714,0.174,0.992,0.792,0.893,0.885,0.858,0.668,0.386,0.199,0.066,0.596,0.975,0.851,0.467,0.154,0.508,0.375,0.633,0.861,0.359,0.764,0.76,0.552,0.888,0.648,0.477,0.216,0.106,0.602,0.817,0.331,0.441,0.957,0.053,0.313,0.361,0.488,0.862,0.187,0.148,0.158,0.422,0.778,0.089,0.445,0.914,0.618,0.709,0.897,0.588,0.63,0.114,0.818,0.701,0.917,0.028,0.658,0.997,0.17,0.881,0.362,0.154,0.749,0.031,0.413,0.954,0.667,0.452,0.907,0.119,0.199,0.883,0.09,0.269,0.14,0.162,0.72,0.618,0.901,0.311,0.605,0.237,0.093,0.048,0.332,0.177,0.84,0.875,0.288,0.471,0.978,0.685,0.34,0.303,0.349,0.561,0.305,0.024,0.407,0.142,0.384,0.556,0.875,0.453,0.432,0.034,0.076,0.037,0.922,0.427,0.785,0.899,0.462,0.309,0.4,0.848,0.035,0.105,0.527,0.553,0.531,0.652,0.041,0.42,0.09,0.499,0.285,0.429,0.535,0.983,0.545,0.154,0.192,0.274,0.817,0.227,0.612,0.842,0.771,0.535,0.232,0.122,0.769,0.372,0.495,0.343,0.011,0.829,0.201,0.762,0.604,0.107,0.321,0.68,0.885,0.01,0.899,0.409,0.815,0.245,0.047,0.75,0.931,0.69,0.695,0.431,0.926,0.712,0.054,0.859,0.619,0.189,0.543,0.202,0.464,0.162,0.023,0.63,0.309,0.113,0.168,0.529,0.034,0.722,0.121,0.801,0.346,0.477,0.222,0.181,0.787,0.274,0.602,0.709,0.546,0.673,0.406,0.411,0.843,0.154,0.531,0.298,0.956,0.18,0.944,0.219,0.626,0.125,0.421,0.166,0.838,0.735,0.821,0.016,0.318,0.796,0.453,0.608,0.322,0.175,0.954,0.13,0.259,0.295,0.054,0.834,0.681,0.874,0.15,0.8,0.498,0.17,0.707,0.558,0.156,0.175,0.998,0.8,0.108,0.045,0.82,0.002,0.497,0.873,0.579,0.156,0.959,0.73,0.875,0.949,0.214,0.446,0.182,0.477,0.626,0.368,0.001,0.337,0.297,0.989,0.18,0.564,0.9,0.051,0.654,0.934,0.155,0.275,0.442,0.261,0.298,0.627,0.691,0.643,0.055,0.795,0.256,0.976,0.295,0.253,0.586,0.326,0.39,0.466,0.466,0.391,0.851,0.885,0.282,0.03,0.035,0.178,0.752,0.13,0.721,0.794,0.946,0.418,0.344,0.684,0.117,0.261,0.098,0.456,0.054,0.057,0.509,0.312,0.464,0.869,0.727,0.686,0.719,0.004,0.218,0.561,0.396,0.514,0.064,0.607,0.526,0.211,0.817,0.836,0.284,0.289,0.192,0.851,0.445,0.637,0.537,0.815,0.328,0.098,0.575,0.272,0.122,0.192,0.61,0.347,0.266,0.159,0.04,0.827,0.736,0.461,0.924,0.135,0.305,0.656,0.883,0.68,0.241,0.766,0.407,0.952,0.465,0.227,0.736,0.063,0.196,0.583,0.712,0.295,0.96,0.831,0.675,0.342,0.143,0.207,0.068,0.641,0.982,0.374,0.995,0.337,0.026,0.953,0.454,0.781,0.516,0.093,0.053,0.25,0.84,0.69,0.074,0.875,0.825,0.797,0.6,0.968,0.213,0.715,0.944,0.584,0.158,0.548,0.659,0.135,0.661,0.421,0.184,0.498,0.06,0.674,0.529,0.532,0.602,0.062,0.111,0.675,0.079,0.291,0.737,0.715
2020-02-01 19:55:27,0.534,0.748,0.783,0.692,0.642,0.538,0.171,0.895,0.519,0.66,0.45,0.685,0.184,0.493,0.713,0.224,0.878,0.737,0.358,0.155,0.772,0.805,0.121,0.12,0.103,0.132,0.005,0.292,0.019,0.023,0.184,0.285,0.247,0.046,0.135,0.887,0.907,0.755,0.066,0.013,0.388,0.013,0.122,0.974,0.912,0.658,0.117,0.408,0.454,0.764,0.142,0.865,0.29,0.645,0.694,0.171,0.041,0.586,0.289,0.888,0.213,0.825,0.812,0.392,0.97,0.884,0.445,0.753,0.077,0.749,0.754,0.779,0.288,0.405,0.953,0.94,0.438,0.508,0.171,0.752,0.681,0.865,0.529,0.97,0.336,0.444,0.921,0.128,0.96,0.302,0.016,0.06,0.464,0.594,0.749,0.257,0.415,0.216,0.604,0.499,0.004,0.729,0.099,0.84,0.166,0.856,0.935,0.039,0.071,0.707,0.167,0.099,0.019,0.775,0.496,0.597,0.646,0.471,0.888,0.627,0.198,0.367,0.502,0.199,0.58,0.397,0.726,0.16,0.387,0.49,0.179,0.444,0.944,0.787,0.099,0.633,0.089,0.189,0.825,0.091,0.061,0.188,0.811,0.288,0.583,0.8,0.952,0.783,0.792,0.015,0.185,0.155,0.273,0.722,0.097,0.869,0.988,0.383,0.588,0.949,0.003,0.574,0.948,0.203,0.127,0.928,0.551,0.626,0.34,0.402,0.513,0.326,0.634,0.057,0.09,0.421,0.276,0.202,0.791,0.299,0.399,0.656,0.872,0.132,0.66,0.376,0.596,0.682,0.88,0.212,0.831,0.108,0.146,0.937,0.533,0.769,0.625,0.697,0.927,0.129,0.639,0.158,0.405,0.978,0.812,0.018,0.16,0.167,0.708,0.948,0.56,0.674,0.602,0.366,0.68,0.035,0.013,0.302,0.293,0.693,0.114,0.348,0.401,0.404,0.586,0.258,0.649,0.016,0.177,0.394,0.47,0.336,0.86,0.066,0.024,0.546,0.177,0.053,0.585,0.536,0.294,0.233,0.363,0.696,0.039,0.077,0.572,0.215,0.037,0.068,0.544,0.408,0.126,0.482,0.923,0.659,0.48,0.159,0.521,0.204,0.266,0.278,0.19,0.459,0.704,0.321,0.815,0.559,0.397,0.071,0.769,0.733,0.796,0.324,0.93,0.168,0.779,0.723,0.023,0.503,0.889,1.0,0.759,0.023,0.854,0.136,0.198,0.003,0.091,0.075,0.79,0.612,0.996,0.505,0.999,0.782,0.529,0.889,0.893,0.37,0.968,0.233,0.354,0.102,0.856,0.508,0.307,0.645,0.734,0.232,0.718,0.015,0.532,0.189,0.755,0.321,0.268,0.02,0.771,0.645,0.355,0.452,0.261,0.838,0.329,0.977,0.1,0.489,0.403,0.538,0.66,0.436,0.391,0.362,0.577,0.205,0.283,0.253,0.696,0.303,0.586,0.707,0.758,0.33,0.002,0.551,0.493,0.388,0.021,0.093,0.283,0.426,0.924,0.311,0.856,0.505,0.595,0.251,0.506,0.675,0.628,0.398,0.584,0.558,0.978,0.167,0.004,0.253,0.829,0.181,0.958,0.263,0.894,0.61,0.703,0.579,0.989,0.847,0.861,0.936,0.07,0.439,0.433,0.382,0.238,0.159,0.535,0.463,0.428,0.991,0.138,0.288,0.255,0.553,0.544,0.924,0.218,0.94,0.446,0.547,0.671,0.529,0.184,0.931,0.915,0.206,0.334,0.391,0.853,0.5,0.303,0.858,0.244,0.449,0.627,0.375,0.929,0.761,0.184,0.01,0.597,0.809,0.653,0.901,0.452,0.887,0.648,0.705,0.468,0.688,0.478,0.074,0.499,0.031,0.403,0.213,0.905,0.119,0.02,0.846,0.158,0.984,0.207,0.458,0.733,0.987,0.05,0.044,0.788,0.664,0.372,0.647,0.016,0.89,0.058,0.656,0.486,0.606,0.545,0.459,0.948,0.332,0.977,0.768,0.525,0.541,0.819,0.052,0.36,0.98,0.287,0.518,0.264,0.79,0.524,0.629,0.169,0.723,0.968,0.383,0.419,0.393,0.443,0.02,0.444,0.015,0.954,0.315,0.414,0.934,0.097,0.826,0.494,0.995,0.837,0.236,0.72,0.845,0.335,0.887,0.117,0.089,0.145,0.347,0.972,0.341,0.787,0.569,0.623,0.979,0.232,0.282
2020-02-01 19:55:27,0.273,0.391,0.806,0.432,0.562,0.199,0.016,0.405,0.536,0.611,0.056,0.387,0.961,0.172,0.772,0.126,0.172,0.645,0.139,0.302,0.194,0.291,0.209,0.513,0.854,0.652,0.422,0.823,0.585,0.025,0.513,0.413,0.458,0.85,0.051,0.077,0.831,0.038,0.745,0.87,0.32,0.609,0.549,0.818,0.248,0.308,0.693,0.806,0.019,0.513,0.337,0.149,0.171,0.318,0.342,0.816,0.179,0.448,0.751,0.843,0.282,0.209,0.817,0.939,0.249,0.975,0.875,0.254,0.874,0.316,0.936,0.403,0.694,0.255,0.313,0.656,0.642,0.841,0.752,0.84,0.531,0.611,0.617,0.646,0.259,0.336,0.206,0.375,0.409,0.448,0.444,0.029,0.845,0.768,0.34,0.692,0.252,0.745,0.752,0.695,0.606,0.484,0.661,0.132,0.167,0.01,0.064,0.367,0.665,0.751,0.408,0.181,0.248,0.84,0.643,0.591,0.235,0.481,0.024,0.069,0.133,0.281,0.577,0.669,0.606,0.664,0.732,0.418,0.29,0.163,0.824,0.676,0.79,0.739,0.213,0.073,0.816,0.852,0.49,0.553,0.674,0.048,0.356,0.489,0.682,0.207,0.416,0.691,0.433,0.42,0.184,0.812,0.404,0.323,0.786,0.94,0.598,0.612,0.849,0.055,0.832,0.188,0.889,0.947,0.571,0.173,0.633,0.971,0.421,0.107,0.768,0.377,0.022,0.295,0.344,0.06,0.48,0.664,0.017,0.55,0.507,0.835,0.316,0.884,0.854,0.947,0.909,0.535,0.526,0.172,0.174,0.356,0.569,0.036,0.59,0.221,0.977,0.017,0.932,0.833,0.66,0.108,0.631,0.16,0.188,0.573,0.522,0.399,0.013,0.074,0.745,0.823,0.927,0.834,0.9,0.5,0.045,0.075,0.154,0.858,0.448,0.028,0.013,0.782,0.573,0.801,0.015,0.503,0.136,0.192,0.676,0.918,0.87,0.262,0.052,0.988,0.921,0.927,0.064,0.867,0.489,0.645,0.061,0.826,0.884,0.522,0.797,0.539,0.22,0.646,0.244,0.228,0.37,0.154,0.687,0.58,0.169,0.663,0.837,0.287,0.484,0.832,0.084,0.566,0.843,0.437,0.579,0.455,0.423,0.847,0.902,0.297,0.88,0.22,0.232,0.333,0.765,0.927,0.43,0.53,0.515,0.015,0.246,0.399,0.835,0.612,0.176,0.925,0.067,0.121,0.751,0.408,0.824,0.41,0.504,0.493,0.539,0.651,0.409,0.486,0.189,0.814,0.805,0.793,0.746,0.998,0.689,0.564,0.071,0.48,0.888,0.04,0.687,0.419,0.34,0.31,0.579,0.154,0.362,0.744,0.901,0.692,0.484,0.939,0.901,0.323,0.026,0.253,0.303,0.54,0.995,0.091,0.343,0.323,0.017,0.094,0.848,0.397,0.338,0.786,0.042,0.423,0.106,0.024,0.939,0.374,0.744,0.513,0.282,0.099,0.24,0.393,0.665,0.39,0.66,0.785,0.667,0.464,0.224,0.941,0.174,0.687,0.379,0.324,0.949,0.926,0.027,0.009,0.329,0.355,0.55,0.916,0.995,0.814,0.971,0.101,0.451,0.797,0.119,0.165,0.114,0.314,0.664,0.811,0.126,0.362,0.81,0.481,0.096,0.243,0.728,0.095,0.846,0.875,0.209,0.955,0.087,0.999,0.753,0.343,0.489,0.943,0.174,0.399,0.236,0.94,0.431,0.507,0.03,0.451,0.943,0.053,0.47,0.368,0.844,0.691,0.369,0.859,0.647,0.608,0.921,0.433,0.052,0.949,0.232,0.868,0.846,0.77,0.535,0.491,0.801,0.145,0.064,0.765,0.635,0.217,0.244,0.593,0.769,0.698,1.0,0.65,0.794,0.697,0.058,0.68,0.364,0.011,0.385,0.168,0.167,0.842,0.719,0.339,0.166,0.609,0.703,0.152,0.899,0.255,0.46,0.563,0.254,0.071,0.103,0.156,0.92,0.576,0.839,0.293,0.282,0.35,0.942,0.983,0.654,0.229,0.13,0.84,0.006,0.73,0.155,0.707,0.272,0.529,0.807,0.213,0.304,0.419,0.77,0.395,0.853,0.209,0.039,0.295,0.241,0.279,0.561,0.776,0.488,0.077,0.217,0.872,0.766,0.445,0.381,0.39,0.204,0.705,0.474,0.882,0.983,0.125
2020-02-01 19:55:27,0.701,0.356,0.243,0.352,0.582,0.782,0.321,0.077,0.596,0.056,0.808,0.416,0.134,0.222,0.057,0.273,0.559,0.311,0.959,0.5,0.819,0.404,0.031,0.915,0.491,0.063,0.038,0.974,0.541,0.903,0.405,0.138,0.165,0.454,0.878,0.86,0.748,0.791,0.626,0.43,0.497,0.704,0.252,0.679,0.883,0.131,0.07,0.187,0.311,0.7,0.876,0.08,0.636,0.455,0.76,0.57,0.861,0.55,0.314,0.184,0.861,0.544,0.95,0.406,0.165,0.476,0.239,0.614,0.847,0.65,0.656,0.686,0.698,0.211,0.018,0.969,0.458,0.946,0.161,0.606,0.603,0.071,0.324,0.518,0.258,0.18,0.106,0.234,0.981,0.624,0.993,0.707,0.759,0.532,0.334,0.71,0.179,0.878,0.717,0.22,0.86,0.705,0.41,0.148,0.193,0.723,0.713,0.609,0.607,0.562,0.4,0.985,0.049,0.261,0.258,0.901,0.717,0.259,0.754,0.836,0.099,0.153,0.574,0.264,0.949,0.014,0.303,0.648,0.683,0.692,0.072,0.765,0.154,0.346,0.134,0.619,0.822,0.706,0.468,0.676,0.405,0.884,0.999,0.525,0.407,0.869,0.752,0.149,0.109,0.586,0.105,0.113,0.06,0.613,0.985,0.343,0.976,0.209,0.653,0.161,0.149,0.516,0.776,0.54,0.038,0.967,0.961,0.213,0.398,0.197,0.351,0.393,0.471,0.687,0.61,0.158,0.711,0.471,0.419,0.093,0.568,0.15,0.046,0.266,0.813,0.088,0.631,0.161,0.142,0.591,0.278,0.081,0.932,0.641,0.482,0.289,0.993,0.7,0.805,0.924,0.905,0.442,0.688,0.856,0.247,0.519,0.31,0.965,0.716,0.079,0.222,0.71,0.215,0.158,0.077,0.121,0.839,0.301,0.183,0.838,0.599,0.1,0.734,0.665,0.22,0.83,0.508,0.778,0.43,0.396,0.92,0.178,0.051,0.586,0.232,0.08,0.736,0.025,0.069,0.28,0.272,0.151,0.799,0.089,0.357,0.017,0.84,0.678,0.747,0.478,0.834,0.909,0.826,0.723,0.825,0.133,0.609,0.445,0.403,0.431,0.109,0.113,0.736,0.008,0.666,0.489,0.313,0.966,0.451,0.152,0.128,0.764,0.494,0.886,0.672,0.691,0.877,0.157,0.708,0.029,0.586,0.654,0.444,0.483,0.849,0.541,0.238,0.126,0.237,0.816,0.897,0.825,0.543,0.281,0.586,0.005,0.173,0.836,0.861,0.194,0.101,0.918,0.314,0.638,0.772,0.303,0.101,0.171,0.95,0.019,0.944,0.13,0.321,0.212,0.036,0.113,0.304,0.973,0.434,0.623,0.096,0.74,0.942,0.266,0.795,0.621,0.055,0.171,0.317,0.114,0.941,0.567,0.382,0.428,0.387,0.047,0.55,0.392,0.53,0.913,0.993,0.253,0.542,0.304,0.554,0.138,0.861,0.194,0.104,0.583,0.377,0.352,0.147,0.087,0.275,0.73,0.622,0.359,0.358,0.399,0.067,0.855,0.472,0.89,0.735,0.353,0.656,0.387,0.965,0.797,0.301,0.426,0.733,0.963,0.782,0.062,0.456,0.115,0.401,0.671,0.531,0.422,0.908,0.226,0.927,0.608,0.998,0.706,0.106,0.556,0.041,0.61,0.851,0.724,0.584,0.628,0.642,0.353,0.799,0.017,0.227,0.245,0.844,0.965,0.399,0.191,0.687,0.735,0.328,0.841,0.806,0.522,0.151,0.535,0.675,0.028,0.374,0.147,0.661,0.597,0.123,0.06,0.297,0.136,0.953,0.346,0.675,0.491,0.928,0.542,0.422,0.815,0.563,0.583,0.91,0.447,0.984,0.821,0.494,0.369,0.192,0.654,0.002,0.864,0.254,0.628,0.526,0.941,0.185,0.077,0.424,0.455,0.78,0.606,0.321,0.704,0.558,0.468,0.323,0.372,0.352,0.268,0.96,0.323,0.026,0.105,0.857,0.832,0.333,0.779,0.196,0.092,0.877,0.082,0.542,0.635,0.952,0.654,0.751,0.458,0.778,0.759,0.621,0.679,0.818,0.247,0.283,0.264,0.904,0.986,0.533,0.365,0.985,0.026,0.022,0.845,0.565,0.998,0.657,0.049,0.076,0.754,0.906,0.609,0.647,0.934,0.127,0.844,0.176,0.98,0.16,0.485
2020-02-01 19:55:27,0.684,0.291,0.328,0.352,0.384,0.011,0.285,0.575,0.8,0.254,0.167,0.88,0.307,0.046,0.767,0.143,0.263,0.096,0.697,0.919,0.287,0.759,0.257,0.929,0.205,0.104,0.746,0.505,0.671,0.874,0.718,0.958,0.869,0.115,0.319,0.629,0.48,0.64,0.812,0.91,0.305,0.738,0.039,0.177,0.803,0.598,0.413,0.195,0.833,0.418,0.559,0.874,0.588,0.237,0.362,0.811,0.633,0.171,0.806,0.723,0.527,0.818,0.516,0.234,0.356,0.478,0.684,0.751,0.36,0.23,0.303,0.022,0.379,0.523,0.288,0.125,0.25,0.657,0.963,0.229,0.159,0.475,0.665,0.409,0.423,0.755,0.995,0.704,0.108,0.382,0.175,0.493,0.402,0.759,0.281,0.128,0.602,0.988,0.708,0.7,0.45,0.311,0.783,0.337,0.212,0.945,0.926,0.19,0.566,0.569,0.228,0.878,0.588,0.068,0.681,0.934,0.214,0.962,0.436,0.812,0.684,0.096,0.67,0.475,0.807,0.739,0.605,0.994,0.116,0.637,0.509,0.586,0.423,0.001,0.213,0.359,0.971,0.026,0.038,0.331,0.886,0.017,0.876,0.074,0.768,0.71,0.106,0.671,0.793,0.397,0.384,0.555,0.603,0.754,0.904,0.09,0.558,0.829,0.524,0.735,0.055,0.447,0.523,0.588,0.647,0.498,0.648,0.747,0.292,0.028,0.779,0.375,0.486,0.035,0.532,0.816,0.931,0.698,0.825,0.513,0.676,0.433,0.499,0.876,0.439,0.052,0.901,0.476,0.8,0.821,0.562,0.202,0.405,0.116,0.274,0.758,0.103,0.945,0.411,0.885,0.896,0.845,0.244,0.933,0.254,0.437,0.217,0.726,0.74,0.268,0.248,0.716,0.245,0.114,0.286,0.654,0.647,0.529,0.55,0.503,0.386,0.912,0.807,0.626,0.887,0.604,0.427,0.124,0.415,0.201,0.078,0.838,0.248,0.613,0.788,0.436,0.07,0.363,0.933,0.106,0.844,0.743,0.334,0.476,0.077,0.746,0.274,0.301,0.803,0.968,0.829,0.82,0.687,0.919,0.966,0.729,0.992,0.31,0.222,0.404,0.989,0.277,0.088,0.792,0.181,0.445,0.816,0.94,0.335,0.428,0.848,0.727,0.375,0.244,0.787,0.127,0.72,0.572,0.783,0.672,0.3,0.31,0.011,0.7,0.448,0.883,0.166,0.746,0.882,0.305,0.108,0.107,0.531,0.961,0.248,0.364,0.482,0.295,0.273,0.058,0.326,0.65,0.921,0.25,0.596,0.032,0.112,0.663,0.563,0.617,0.869,0.652,0.438,0.187,0.718,0.394,0.46,0.63,0.119,0.455,0.634,0.428,0.787,0.2,0.902,0.767,0.509,0.838,0.868,0.557,0.843,0.005,0.397,0.863,0.791,0.248,0.343,0.139,0.102,0.375,0.198,0.075,0.641,0.528,0.622,0.006,0.093,0.78,0.542,0.958,0.132,0.33,0.842,0.894,0.363,0.294,0.731,0.411,0.025,0.664,0.553,0.055,0.499,0.095,0.797,0.714,0.02,0.387,0.209,0.072,0.944,0.313,0.839,0.292,0.292,0.36,0.029,0.566,0.459,0.815,0.905,0.88,0.072,0.367,0.21,0.059,0.209,0.334,0.212,0.872,0.956,0.857,0.862,0.43,0.932,0.387,0.838,0.903,0.683,0.713,0.507,0.564,0.368,0.078,0.934,0.227,0.004,0.75,0.256,0.044,0.311,0.077,0.839,0.998,0.451,0.784,0.139,0.97,0.133,0.834,0.49,0.99,0.585,0.416,0.532,0.417,0.91,0.023,0.777,0.638,0.14,0.397,0.646,0.018,0.419,0.122,0.433,0.086,0.677,0.921,0.54,0.965,0.352,0.041,0.865,0.629,0.605,0.353,0.122,0.225,0.85,0.598,0.598,0.291,0.671,0.721,0.022,0.75,0.885,0.652,0.051,0.113,0.497,0.77,0.564,0.662,0.552,0.94,0.217,0.664,0.883,0.469,0.021,0.351,0.671,0.131,0.468,0.392,0.536,0.865,0.848,0.272,0.096,0.668,0.733,0.051,0.288,0.085,0.062,0.572,0.101,0.111,0.259,0.574,0.299,0.751,0.597,0.72,0.445,0.787,0.087,0.694,0.761,0.087,0.636,0.022,0.376,0.916,0.355,0.378,0.71,0.625
2020-02-01 19:55:27,0.985,0.584,0.798,0.378,0.761,0.627,0.69,0.43,0.146,0.803,0.809,0.068,0.771,0.964,0.242,0.404,0.482,0.233,0.515,0.93,0.827,0.356,0.588,0.548,0.087,0.547,0.075,0.202,0.737,0.024,0.098,0.588,0.812,0.766,0.928,0.908,0.759,0.279,0.278,0.863,0.58,0.604,0.115,0.017,0.61,0.426,0.591,0.078,0.415,0.781,0.746,0.471,0.429,0.667,0.767,0.99,0.04,0.027,0.795,0.913,0.496,0.137,0.86,0.088,0.344,0.168,0.18,0.977,0.893,0.782,0.283,0.798,0.78,0.184,0.384,0.077,0.198,0.287,0.999,0.119,0.202,0.802,0.373,0.102,0.488,0.56,0.864,0.197,0.051,0.631,0.544,0.322,0.584,0.237,0.469,0.66,0.698,0.629,0.149,0.707,0.187,0.035,0.454,0.889,0.857,0.965,0.24,0.355,0.567,0.659,0.253,0.12,0.423,0.102,0.844,0.898,0.927,0.531,0.617,0.151,0.553,0.421,0.466,0.384,0.366,0.691,0.605,0.856,1.0,0.456,0.796,0.546,0.666,0.031,0.923,0.731,0.234,0.605,0.247,0.587,0.465,0.349,0.717,0.115,0.414,0.796,0.462,0.476,0.958,0.735,0.66,0.931,0.485,0.982,0.167,0.481,0.647,0.357,0.417,0.448,0.342,0.032,0.486,0.196,0.574,0.685,0.874,0.348,0.635,0.945,0.364,0.65,0.342,0.356,0.902,0.189,0.731,0.813,0.752,0.27,0.733,0.111,0.24,0.6,0.342,0.41,0.238,0.944,0.35,0.842,0.477,0.197,0.089,0.647,0.154,0.252,0.112,0.343,0.853,0.473,0.568,0.171,0.058,0.467,0.487,0.624,0.146,0.371,0.11,0.693,0.26,0.534,0.736,0.752,0.335,0.449,0.642,0.164,0.876,0.375,0.348,0.141,0.275,0.535,0.87,0.864,0.351,0.965,0.628,0.973,0.758,0.711,0.24,0.3,0.358,0.241,0.48,0.953,0.065,0.056,0.082,0.245,0.781,0.77,0.169,0.701,0.431,0.837,0.199,0.472,0.23,0.525,0.121,0.718,0.465,0.291,0.926,0.144,0.678,0.863,0.163,0.652,0.824,0.352,0.412,0.744,0.104,0.845,0.514,0.127,0.915,0.107,0.245,0.958,0.328,0.543,0.379,0.306,0.31,0.934,0.899,0.292,0.042,0.968,0.93,0.367,0.614,0.505,0.906,0.101,0.874,0.626,0.53,0.001,0.313,0.713,0.028,0.595,0.387,0.068,0.57,0.492,0.628,0.088,0.608,0.139,0.113,0.111,0.888,0.042,0.919,0.556,0.155,0.368,0.792,0.472,0.413,0.02,0.878,0.88,0.514,0.592,0.733,0.509,0.079,0.066,0.487,0.159,0.631,0.516,0.597,0.666,0.687,0.305,0.093,0.811,0.287,0.396,0.068,0.352,0.648,0.428,0.585,0.115,0.552,0.331,0.795,0.363,0.55,0.07,0.57,0.085,0.605,0.407,0.339,0.658,0.705,0.037,0.939,0.141,0.305,0.236,0.743,0.585,0.432,0.332,0.045,0.415,0.681,0.759,0.611,0.65,0.967,0.934,0.032,0.91,0.537,0.435,0.478,0.388,0.855,0.429,0.128,0.883,0.747,0.055,0.548,0.238,0.214,0.059,0.21,0.909,0.943,0.003,0.997,0.557,0.031,0.702,0.373,0.795,0.936,0.398,0.042,0.6,0.138,0.08,0.556,0.862,0.544,0.955,0.368,0.61,0.807,0.505,0.373,0.976,0.193,0.796,0.379,0.299,0.027,0.822,0.859,0.463,0.283,0.594,0.505,0.403,0.935,0.595,0.484,0.306,0.765,0.474,0.712,0.588,0.389,0.151,0.126,0.733,0.29,0.771,0.053,0.233,0.354,0.859,0.12,0.473,0.654,0.321,0.852,0.905,0.112,0.087,0.058,0.422,0.126,0.922,0.994,0.839,0.213,0.436,0.669,0.619,0.467,0.996,0.652,0.837,0.421,0.625,0.775,0.468,0.221,0.111,0.279,0.922,0.92,0.822,0.818,0.842,0.143,0.553,0.465,0.379,0.956,0.564,0.725,0.016,0.269,0.55,0.708,0.638,0.531,0.791,0.433,0.171,0.259,0.675,0.361,0.532,0.559,0.557,0.87,0.787,0.834,0.676,0.886,0.849,0.019,0.407,0.663,0.493
2020-02-01 19:55:27,0.365,0.469,0.357,0.635,0.029,0.62,0.583,0.695,0.238,0.467,0.922,0.622,0.964,0.439,0.092,0.328,0.757,0.171,0.079,0.559,0.158,0.901,0.638,0.643,0.937,0.646,0.814,0.741,0.589,0.824,0.554,0.354,0.176,0.907,0.964,0.289,0.159,0.885,0.751,0.989,0.681,0.574,0.93,0.137,0.947,0.021,0.483,0.563,0.218,0.664,0.106,0.713,0.82,0.712,0.174,0.839,0.165,0.185,0.29,0.684,0.946,0.063,0.939,0.933,0.507,0.968,0.213,0.921,0.27,0.964,0.427,0.145,0.349,0.85,0.279,0.694,0.068,0.727,0.321,0.555,0.568,0.762,0.043,0.448,0.685,0.995,0.352,0.417,0.583,0.659,0.903,0.034,0.368,0.146,0.817,0.74,0.989,0.783,0.786,0.791,0.528,0.278,0.07,0.884,0.553,0.688,0.683,0.114,0.688,0.304,0.419,0.266,0.472,0.943,0.432,0.168,0.291,0.262,0.139,0.393,0.853,0.096,0.333,0.735,0.143,0.747,0.611,0.613,0.182,0.742,0.281,0.191,0.812,0.622,0.701,0.393,0.107,0.68,0.643,0.643,0.34,0.876,0.977,0.63,0.512,0.814,0.052,0.852,0.556,0.425,0.856,0.491,0.326,0.873,0.658,0.673,0.87,0.318,0.363,0.14,0.426,0.189,0.899,0.089,0.765,0.731,0.005,0.929,0.859,0.734,0.459,0.453,0.567,0.014,0.409,0.293,0.483,0.247,0.262,0.514,0.263,0.414,0.161,0.306,0.304,0.642,0.872,0.933,0.805,0.617,0.765,0.333,0.529,0.241,0.943,0.517,0.981,0.173,0.392,0.59,0.89,0.009,0.459,0.706,0.852,0.685,0.083,0.693,0.977,0.011,0.499,0.434,0.855,0.514,0.176,0.653,0.439,0.971,0.584,0.437,0.592,0.058,0.371,0.847,0.306,0.965,0.166,0.522,0.183,0.414,0.093,0.88,0.525,0.405,0.078,0.978,0.865,0.827,0.149,0.434,0.124,0.49,0.478,0.223,0.676,0.91,0.205,0.167,0.773,0.271,0.039,0.985,0.6,0.477,0.419,0.904,0.223,0.187,0.233,0.638,0.142,0.994,0.53,0.211,0.318,0.196,0.84,0.016,0.075,0.682,0.655,0.372,0.597,0.27,0.945,0.335,0.494,0.651,0.503,0.184,0.443,0.666,0.388,0.885,0.182,0.192,0.352,0.417,0.023,0.436,0.552,0.409,0.998,0.362,0.996,0.452,0.856,0.503,0.271,0.899,0.193,0.608,0.813,0.853,0.275,0.316,0.114,0.253,0.298,0.776,0.554,0.695,0.884,0.842,0.412,0.697,0.677,0.149,0.94,0.438,0.697,0.922,0.346,0.305,0.581,0.688,0.55,0.552,0.077,0.228,0.785,0.867,0.841,0.571,0.589,0.247,0.121,0.12,0.656,0.993,0.982,0.725,0.332,0.612,0.859,0.424,0.038,0.352,0.958,0.084,0.328,0.296,0.265,0.407,0.99,0.069,0.017,0.971,0.731,0.613,0.015,0.224,0.641,0.852,0.944,0.61,0.549,0.106,0.926,0.143,0.046,0.136,0.931,0.902,0.665,0.368,0.587,0.287,0.837,0.422,0.249,0.838,0.264,0.223,0.639,0.103,0.585,0.617,0.689,0.68,0.452,0.115,0.328,0.001,0.612,0.912,0.328,0.398,0.37,0.227,0.563,0.82,0.227,0.592,0.805,0.457,0.213,0.005,0.572,0.212,0.856,0.304,0.431,0.878,0.691,0.315,0.065,0.183,0.506,0.804,0.146,0.576,0.468,0.425,0.944,0.723,0.935,0.528,0.059,0.363,0.708,0.914,0.649,0.219,0.852,0.368,0.359,0.317,0.247,0.562,0.717,0.207,0.683,0.818,0.969,0.603,0.813,0.437,0.975,0.265,0.628,0.941,0.376,0.897,0.179,0.014,0.345,0.383,0.618,0.765,0.02,0.286,0.09,0.618,0.572,0.77,0.977,0.296,0.103,0.711,0.729,0.866,0.138,0.243,0.323,0.262,0.118,0.091,0.021,0.277,0.72,0.828,0.454,0.116,0.949,0.533,0.132,0.2,0.859,0.236,0.475,0.252,0.314,0.968,0.189,0.916,0.371,0.409,0.513,0.278,0.638,0.757,0.033,0.53,0.547,0.537,0.487,0.841,0.827,0.988,0.197,0.368
2020-02-01 19:55:27,0.817,0.742,0.831,0.777,0.434,0.074,0.174,0.959,0.822,0.731,0.612,0.336,0.426,0.987,0.383,0.166,0.762,0.008,0.618,0.039,0.192,0.93,0.571,0.577,0.108,0.793,0.211,0.79,0.809,0.037,0.985,0.002,0.989,0.365,0.488,0.53,0.838,0.121,0.15,0.963,0.299,0.555,0.505,0.091,0.846,0.964,0.631,0.025,0.317,0.953,0.284,0.352,0.052,0.457,0.188,0.638,0.703,0.199,0.148,0.026,0.76,0.073,0.702,0.808,0.293,0.54,0.195,0.478,0.476,0.202,0.559,0.957,0.809,0.158,0.863,0.096,0.887,0.724,0.824,0.92,0.155,0.059,0.979,0.363,0.997,0.873,0.071,0.837,0.867,0.359,0.333,0.66,0.954,0.379,0.911,0.409,0.996,0.864,0.727,0.978,0.023,0.212,0.438,0.918,0.764,0.843,0.048,0.831,0.082,0.366,0.081,0.289,0.66,0.254,0.615,0.083,0.729,0.918,0.286,0.13,0.219,0.916,0.297,0.481,0.392,0.31,0.403,0.442,0.382,0.015,0.128,0.513,0.37,0.54,0.326,0.567,0.898,0.689,0.825,0.125,0.665,0.107,0.764,0.624,0.499,0.775,0.47,0.599,0.919,0.394,0.375,0.289,0.294,0.17,0.114,0.664,0.805,0.748,0.551,0.062,0.332,0.716,0.51,0.683,0.913,0.156,0.925,0.158,0.788,0.264,0.406,0.05,0.954,0.567,0.802,0.118,0.598,0.2,0.637,0.131,0.842,0.087,0.777,0.294,0.809,0.886,0.007,0.934,0.803,0.548,0.165,0.083,0.591,0.7,0.206,0.593,0.005,0.407,0.457,0.506,0.825,0.345,0.684,0.385,0.485,0.451,0.055,0.777,0.376,0.456,0.392,0.817,0.634,0.861,0.877,0.866,0.151,0.161,0.731,0.256,0.448,0.439,0.816,0.028,0.638,0.795,0.923,0.089,0.616,0.752,0.405,0.05,0.383,0.012,0.638,0.516,0.37,0.951,0.186,0.864,0.913,0.942,0.568,0.842,0.273,0.007,0.798,0.822,0.406,0.309,0.157,0.123,0.469,0.163,0.664,0.658,0.05,0.434,0.952,0.81,0.601,0.307,0.949,0.804,0.23,0.482,0.337,0.463,0.034,0.207,0.315,0.151,0.293,0.198,0.46,0.542,0.59,0.931,0.444,0.423,0.199,0.204,0.348,0.098,0.949,0.581,0.859,0.707,0.857,0.406,0.681,0.354,0.513,0.881,0.565,0.601,0.921,0.516,0.208,0.73,0.613,0.784,0.053,0.232,0.318,0.566,0.849,0.096,0.413,0.559,0.319,0.771,0.709,0.286,0.543,0.42,0.079,0.225,0.71,0.056,0.754,0.167,0.158,0.587,0.092,0.542,0.149,0.678,0.792,0.137,0.432,0.117,0.465,0.157,0.478,0.39,0.233,0.118,0.655,0.318,0.382,0.589,0.746,0.197,0.632,0.931,0.853,0.932,0.833,0.212,0.839,0.808,0.776,0.267,0.255,0.922,0.577,0.008,0.941,0.419,0.473,0.416,0.327,0.058,0.407,0.377,0.812,0.043,0.908,0.292,0.021,0.666,0.981,0.784,0.089,0.356,0.525,0.507,0.304,0.788,0.252,0.245,0.027,0.679,0.799,0.889,0.665,0.82,0.431,0.413,0.739,0.71,0.805,0.681,0.685,0.622,0.586,0.22,0.131,0.495,0.15,0.122,0.563,0.702,0.689,0.527,0.257,0.671,0.74,0.594,0.753,0.195,0.083,0.968,0.279,0.427,0.546,0.532,0.055,0.956,0.899,0.939,0.852,0.359,0.745,0.575,0.487,0.521,0.87,0.94,0.031,0.389,0.494,0.773,0.026,0.275,0.513,0.681,0.418,0.614,0.154,0.337,0.217,0.2,0.609,0.296,0.674,0.851,0.307,0.337,0.023,0.279,0.289,0.309,0.362,0.298,0.231,0.213,0.503,0.077,0.806,0.336,0.661,0.487,0.904,0.241,0.737,0.818,0.284,0.047,0.313,0.122,0.995,0.664,0.932,0.273,0.105,0.189,0.964,0.421,0.879,0.942,0.203,0.483,0.051,0.564,0.62,0.049,0.773,0.278,0.803,0.615,0.487,0.736,0.433,0.035,0.352,0.749,0.243,0.374,0.885,0.827,0.718,0.176,0.195,0.797,0.913,0.834,0.626,0.175,0.15,0.562
