2020-02-01 19:55:27,0.621,0.516,0.016,0.371,0.769,0.231,0.91,0.848,0.523,0.96,0.046,0.339,0.208,0.885,0.232,0.109,0.277,0.498,0.518,0.562,0.214,0.968,0.89,0.152,0.82,0.84,0.411,0.061,0.347,0.467,0.482,0.591,0.792,0.514,0.355,0.206,0.445,0.618,0.377,0.485,0.764,0.68,0.75,0.467,0.316,0.483,0.634,0.442,0.541,0.959,0.199,0.084,0.787,0.203,0.947,0.924,0.045,0.489,0.906,0.527,0.888,0.006,0.286,0.182,0.017,0.788,0.769,0.475,0.361,0.224,0.88,0.892,0.952,0.66,0.904,0.649,0.325,0.299,0.94,0.482,0.337,0.251,0.564,0.98,0.75,0.034,0.03,0.661,0.328,0.596,0.516,0.284,0.503,0.889,0.279,0.218,0.394,0.581,0.458,0.594,0.451,0.957,0.424,0.541,0.949,0.487,0.373,0.309,0.213,0.41,0.732,0.289,0.888,0.299,0.065,0.245,0.026,0.244,0.89,0.543,0.343,0.143,0.446,0.246,0.645,0.286,0.804,0.81,0.413,0.814,0.192,0.34,0.289,0.938,0.153,0.931,0.601,0.018,0.008,0.18,0.12,0.689,0.871,0.893,0.19,0.404,0.84,0.852,0.552,0.004,0.122,0.362,0.826,0.673,0.462,0.997,0.199,0.257,0.782,0.772,0.183,0.793,0.66,0.801,0.285,0.942,0.083,0.77,0.319,0.789,0.785,0.922,0.571,0.792,0.486,0.1,0.658,0.38,0.98,0.18,0.097,0.681,0.552,0.245,0.364,0.525,0.465,0.363,0.009,0.558,0.033,0.952,0.185,0.758,0.582,0.021,0.909,0.578,0.056,0.775,0.946,0.776,0.977,0.078,0.94,0.695,0.477,0.328,0.686,0.141,0.826,0.453,0.947,0.583,0.424,0.471,0.297,0.174,0.265,0.088,0.653,0.052,0.294,0.854,0.587,0.527,0.367,0.077,0.524,0.415,0.051,0.094,0.745,0.715,0.658,0.207,0.321,0.954,0.141,0.071,0.106,0.435,0.97,0.257,0.688,0.444,0.226,0.483,0.091,0.618,0.266,0.332,0.126,0.766,0.115,0.806,0.396,0.137,0.3,0.583,0.411,0.112,0.682,0.504,0.869,0.449,0.189,0.532,0.729,0.055,0.56,0.482,0.381,0.76,0.541,0.527,0.797,0.823,0.871,0.303,0.398,0.516,0.597,0.976,0.257,0.282,0.183,0.166,0.155,0.873,0.913,0.367,0.143,0.745,0.768,0.503,0.31,0.966,0.664,0.167,0.931,0.146,0.176,0.748,0.556,0.193,0.257,0.043,0.598,0.218,0.985,0.995,0.021,0.589,0.999,0.277,0.35,0.849,0.6,0.556,0.019,0.585,0.713,0.378,0.175,0.623,0.024,0.094,0.226,0.283,0.325,0.473,0.566,0.947,0.353,0.325,0.231,0.87,0.025,0.013,0.725,0.722,0.665,0.074,0.771,0.705,0.287,0.931,0.023,0.339,0.061,0.292,0.883,0.197,0.553,0.975,0.647,0.398,0.966,0.52,0.986,0.931,0.395,0.758,0.85,0.932,0.086,0.826,0.45,0.127,0.398,0.461,0.153,0.513,0.733,0.949,0.11,0.037,0.145,0.013,0.482,0.507,0.503,0.5,0.781,0.105,0.731,0.341,0.63,0.886,0.232,0.474,0.619,0.055,0.794,0.399,0.838,0.992,0.673,0.023,0.384,0.519,0.009,0.154,0.591,0.192,0.95,0.434,0.586,0.923,0.302,0.08,0.04,0.522,0.059,0.066,0.091,0.365,0.114,0.623,0.365,0.322,0.444,0.111,0.756,0.436,0.516,0.566,0.97,0.368,0.019,0.761,0.007,0.712,0.468,0.165,0.365,0.891,0.858,0.514,0.178,0.458,0.847,0.712,0.745,0.552,0.817,0.671,0.688,0.021,0.412,0.284,0.176,0.044,0.782,0.325,0.772,0.179,0.107,0.893,0.742,0.392,0.6,0.147,0.18,0.02,0.116,0.559,0.305,0.477,0.356,0.961,0.04,0.865,0.873,0.822,0.229,0.145,0.679,0.594,0.241,0.085,0.144,0.889,0.487,0.639,0.409,0.236,0.725,0.357,0.412,0.516,0.66,0.07,0.957,0.097,0.356,0.561,0.617,0.293,0.889,0.033,0.352,0.862,0.889,0.057,0.335,0.763,0.41,0.983,0.069,0.654
2020-02-01 19:55:27,0.141,0.931,0.287,0.437,0.283,0.811,0.12,0.413,0.754,0.689,0.844,0.715,0.97,0.578,0.87,0.808,0.79,0.116,0.437,0.55,0.027,0.854,0.724,0.573,0.293,0.533,0.031,0.841,0.54,0.329,0.251,0.688,0.455,0.456,0.374,0.97,0.46,0.14,0.137,0.165,0.449,0.58,0.797,0.855,0.303,0.561,0.077,0.599,0.839,0.486,0.395,0.932,0.962,0.559,0.989,0.747,0.808,0.749,0.902,0.712,0.565,0.878,0.789,0.349,0.197,0.288,0.044,0.1,0.469,0.046,0.624,0.6,0.965,0.808,0.594,0.072,0.083,0.249,0.093,0.293,0.608,0.933,0.907,0.39,0.503,0.628,0.13,0.123,0.524,0.403,0.961,0.417,0.952,0.657,0.92,0.869,0.988,0.152,0.824,0.354,0.805,0.691,0.304,0.444,0.877,0.857,0.385,0.811,0.962,0.809,0.646,0.924,0.902,0.99,0.346,0.445,0.907,0.395,0.169,0.182,0.158,0.841,0.26,0.266,0.455,0.297,0.36,0.323,0.311,0.876,0.638,0.491,0.351,0.859,0.879,0.313,0.182,0.674,0.285,0.933,0.129,0.213,0.216,0.245,0.348,0.974,0.842,0.191,0.2,0.217,0.751,0.954,0.014,0.109,0.461,0.479,0.563,0.47,0.159,0.562,0.39,0.148,0.583,0.953,0.12,0.366,0.822,0.142,0.135,0.142,0.546,0.868,0.334,0.934,0.956,0.209,0.405,0.183,0.831,0.469,0.182,0.902,0.505,0.202,0.998,0.266,0.523,0.882,0.903,0.183,0.822,0.196,0.097,0.017,0.635,0.731,0.658,0.857,0.748,0.331,0.898,0.374,0.061,0.796,0.948,0.034,0.548,0.458,0.685,0.561,0.018,0.276,0.669,0.107,0.918,0.524,0.734,0.32,0.967,0.881,0.467,0.741,0.588,0.823,0.613,0.585,0.283,0.642,0.916,0.825,0.264,0.673,0.696,0.007,0.995,0.086,0.955,0.852,0.699,0.702,0.77,0.778,0.084,0.833,0.169,0.04,0.918,0.056,0.589,0.236,0.256,0.57,0.092,0.331,0.974,0.371,0.942,0.023,0.16,0.249,0.395,0.873,0.88,0.962,0.371,0.098,0.058,0.755,0.238,0.748,0.389,0.432,0.586,0.747,0.393,0.59,0.499,0.974,0.613,0.787,0.045,0.011,0.136,0.209,0.155,0.513,0.606,0.057,0.102,0.751,0.682,0.84,0.689,0.534,0.124,0.447,0.983,0.123,0.39,0.111,0.722,0.969,0.627,0.077,0.026,0.051,0.959,0.42,0.624,0.246,0.737,0.447,0.631,0.781,0.045,0.893,0.441,0.59,0.897,0.762,0.63,0.372,0.339,0.79,0.253,0.206,0.46,0.669,0.998,0.853,0.707,0.538,0.456,0.27,0.996,0.175,0.688,0.384,0.963,0.179,0.051,0.456,0.546,0.989,0.715,0.754,0.658,0.946,0.144,0.912,0.784,0.149,0.185,0.406,0.303,0.531,0.673,0.715,0.14,0.647,0.165,0.663,0.962,0.055,0.286,0.238,0.818,0.992,0.866,0.882,0.344,0.609,0.585,0.543,0.374,0.91,0.514,0.673,0.407,0.338,0.268,0.488,0.003,0.363,0.195,0.39,0.826,0.694,0.513,0.271,0.87,0.436,0.449,0.331,0.11,0.239,0.884,0.301,0.206,0.454,0.57,0.196,0.148,0.57,0.573,0.378,0.503,0.477,0.594,0.581,0.671,0.987,0.982,0.605,0.214,0.115,0.718,0.521,0.196,0.123,0.278,0.47,0.948,0.478,0.173,0.067,0.105,0.503,0.704,0.946,0.88,0.511,0.032,0.808,0.127,0.33,0.774,0.584,0.945,0.338,0.408,0.301,0.119,0.239,0.75,0.654,0.56,0.994,0.446,0.066,0.567,0.868,0.827,0.333,0.937,0.195,0.602,0.133,0.904,0.476,0.605,0.496,0.436,0.3,0.494,0.49,0.1,0.585,0.852,0.058,0.539,0.35,0.024,0.988,0.251,0.584,0.307,0.305,0.908,0.725,0.173,0.492,0.067,0.621,0.155,0.385,0.159,0.254,0.114,0.388,0.988,0.09,0.801,0.021,0.713,0.147,0.909,0.295,0.656,0.684,0.97,0.277,0.338,0.925,0.534,0.618,0.591,0.028,0.911,0.905,0.897,0.166
2020-02-01 19:55:27,0.119,0.64,0.048,0.914,0.12,0.044,0.013,0.073,0.518,0.141,0.205,0.179,0.904,0.153,0.617,0.75,0.688,0.244,0.843,0.799,0.615,0.475,0.186,0.04,0.847,0.202,0.435,0.085,0.158,0.575,0.166,0.658,0.458,0.59,0.288,0.277,0.008,0.649,0.393,0.847,0.811,0.354,0.109,0.293,0.866,0.562,0.04,0.227,0.886,0.197,0.021,0.919,0.227,0.991,0.592,0.308,0.015,0.025,0.808,0.641,0.588,0.294,0.113,0.704,0.887,0.316,0.38,0.148,0.699,0.293,0.122,0.221,0.299,0.082,0.628,0.124,0.69,0.796,0.292,0.568,0.44,0.266,0.558,0.495,0.833,0.521,0.55,0.987,0.504,0.824,0.561,0.713,0.872,0.361,0.499,0.309,0.755,0.23,0.086,0.165,0.423,0.74,0.051,0.108,0.786,0.104,0.543,0.258,0.647,0.403,0.58,0.92,0.436,0.491,0.984,0.558,0.904,0.278,0.462,0.672,0.967,0.988,0.188,0.47,0.005,0.805,0.312,0.399,0.086,0.079,0.223,0.76,0.79,0.479,0.664,0.071,0.633,0.745,0.8,0.888,0.312,0.607,0.913,0.43,0.137,0.809,0.986,0.018,0.511,0.677,0.6,0.756,0.17,0.859,0.69,0.829,0.786,0.396,0.668,0.949,0.764,0.635,0.224,0.292,0.482,0.868,0.97,0.62,0.059,0.446,0.159,0.366,0.641,0.421,0.417,0.718,0.517,0.006,0.627,0.78,0.054,0.015,0.57,0.673,0.885,0.129,0.034,0.355,0.355,0.343,0.369,0.725,0.551,0.444,0.049,0.139,0.855,0.574,0.633,0.064,0.908,0.742,0.721,0.009,0.179,0.708,0.47,0.465,0.043,0.591,0.549,0.004,0.491,0.588,0.5,0.571,0.176,0.273,0.345,0.944,0.173,0.978,0.166,0.281,0.075,0.765,0.962,0.728,0.709,0.188,0.554,0.407,0.723,0.683,0.365,0.908,0.093,0.784,0.138,0.258,0.991,0.041,0.691,0.953,0.035,0.25,0.588,0.158,0.222,0.701,0.914,0.165,0.626,0.962,0.74,0.682,0.965,0.149,0.082,0.826,0.853,0.734,0.141,0.442,0.801,0.719,0.242,0.367,0.408,0.921,0.564,0.505,0.957,0.632,0.672,0.344,0.942,0.652,0.216,0.112,0.32,0.195,0.705,0.616,0.48,0.311,0.905,0.459,0.898,0.41,0.795,0.466,0.468,0.058,0.554,0.511,0.65,0.012,0.215,0.731,0.958,0.679,0.761,0.034,0.526,0.041,0.912,0.792,0.57,0.777,0.565,0.842,0.229,0.549,0.927,0.464,0.307,0.887,0.583,0.677,0.977,0.022,0.14,0.099,0.121,0.203,0.067,0.017,0.47,0.396,0.333,0.161,0.76,0.003,0.01,0.271,0.283,0.295,0.612,0.238,0.893,0.662,0.651,0.51,0.019,0.661,0.749,0.899,0.187,0.103,0.155,0.381,0.452,0.899,0.772,0.118,0.18,0.432,0.3,0.679,0.253,0.268,0.129,0.537,0.003,0.635,0.759,0.656,0.106,0.314,0.332,0.553,0.054,0.584,0.848,0.418,0.157,0.437,0.161,0.969,0.995,0.901,0.513,0.755,0.879,0.847,0.835,0.07,0.501,0.036,0.83,0.955,0.592,0.402,0.868,0.756,0.334,0.522,0.407,0.711,0.256,0.962,0.406,0.529,0.165,0.958,0.858,0.006,0.803,0.406,0.397,0.677,0.136,0.398,0.538,0.659,0.656,0.619,0.588,0.471,0.868,0.188,0.246,0.803,0.204,0.24,0.611,0.998,0.287,0.64,0.173,0.094,0.838,0.725,0.274,0.388,0.853,0.786,0.839,0.1,0.024,0.578,0.722,0.873,0.914,0.618,0.018,0.301,0.756,0.598,0.366,0.8,0.465,0.294,0.771,0.086,0.267,0.089,0.994,0.819,0.074,0.273,0.869,0.891,0.247,0.51,0.829,0.099,0.165,0.055,0.854,0.871,0.434,0.489,0.16,0.616,0.88,0.697,0.383,0.235,0.352,0.465,0.025,0.186,0.456,0.943,0.586,0.244,0.751,0.201,0.736,0.653,0.696,0.855,0.798,0.249,0.538,0.411,0.949,0.507,0.398,0.513,0.821,0.1,0.865,0.916,0.559,0.45,0.84,0.363,0.14,0.993
2020-02-01 19:55:27,0.869,0.467,0.941,0.361,0.595,0.019,0.572,0.598,0.07,0.129,0.325,0.974,0.061,0.182,0.369,0.998,0.449,0.295,0.136,0.916,0.433,0.489,0.536,0.794,0.209,0.195,0.069,0.563,0.488,0.308,0.028,0.382,0.984,0.099,0.811,0.224,0.127,0.871,0.239,0.146,0.074,0.189,0.488,0.221,0.29,0.031,0.114,0.017,0.29,0.406,0.893,0.707,0.67,0.68,0.788,0.866,0.255,0.087,0.866,0.867,0.251,0.256,0.093,0.785,0.027,0.614,0.017,0.451,0.813,0.586,0.186,0.023,0.743,0.392,0.2,0.076,0.312,0.928,0.17,0.902,0.14,0.327,0.091,0.564,0.945,0.868,0.017,0.075,0.045,0.502,0.381,0.989,0.821,0.746,0.241,0.52,0.874,0.167,0.332,0.2,0.804,0.749,0.046,0.783,0.525,0.521,0.177,0.463,0.727,0.175,0.02,0.734,0.01,0.053,0.741,0.227,0.314,0.252,0.79,0.772,0.712,0.651,0.418,0.578,0.445,0.869,0.339,0.389,0.528,0.238,0.855,0.123,0.696,0.136,0.475,0.939,0.8,0.453,0.25,0.819,0.912,0.964,0.242,0.114,0.96,0.664,0.085,0.452,0.391,0.802,0.425,0.398,0.615,0.316,0.236,0.406,0.726,0.594,0.17,0.494,0.666,0.213,0.482,0.421,0.89,0.284,0.439,0.876,0.923,0.677,0.961,0.049,0.856,0.127,0.444,0.775,0.609,0.344,0.305,0.632,0.938,0.021,0.245,0.08,0.488,0.965,0.056,0.816,0.399,0.338,0.919,0.649,0.463,0.972,0.231,0.684,0.583,0.341,0.811,0.575,0.997,0.81,0.524,0.805,0.217,0.536,0.439,0.987,0.07,0.265,0.497,0.687,0.667,0.611,0.884,0.857,0.994,0.742,0.876,0.005,0.933,0.172,0.689,0.358,0.913,0.881,0.692,0.237,0.66,0.688,0.266,0.573,0.269,0.018,0.503,0.897,0.083,0.098,0.855,0.536,0.26,0.475,0.862,0.032,0.275,0.74,0.938,0.138,0.902,0.236,0.291,0.142,0.838,0.136,0.87,0.628,0.251,0.256,0.284,0.86,0.884,0.245,0.679,0.749,0.753,0.654,0.622,0.409,0.019,0.653,0.943,0.634,0.276,0.477,0.177,0.853,0.903,0.673,0.541,0.934,0.779,0.026,0.535,0.287,0.582,0.598,0.316,0.748,0.066,0.987,0.73,0.211,0.005,0.216,0.836,0.877,0.072,0.62,0.368,0.842,0.19,0.54,0.551,0.748,0.257,0.977,0.583,0.388,0.837,0.005,0.876,0.239,0.274,0.166,0.216,0.214,0.269,0.339,0.136,0.483,0.567,0.411,0.832,0.296,0.284,0.364,0.628,0.886,0.231,0.363,0.826,0.114,0.937,0.604,0.201,0.229,0.615,0.636,0.668,0.99,0.833,0.47,0.211,0.274,0.143,0.102,0.71,0.938,0.814,0.294,0.52,0.025,0.605,0.056,0.053,0.729,0.274,0.981,0.293,0.184,0.914,0.267,0.767,0.718,0.045,0.509,0.379,0.221,0.567,0.216,0.784,0.123,0.607,0.758,0.831,0.033,0.541,0.769,0.635,0.182,0.29,0.408,0.751,0.507,0.891,0.451,0.575,0.637,0.857,0.404,0.571,0.174,0.747,0.957,0.201,0.123,0.425,0.246,0.655,0.532,0.647,0.992,0.407,0.669,0.407,0.152,0.539,0.811,0.613,0.12,0.642,0.539,0.682,0.086,0.916,0.597,0.813,0.905,0.427,0.716,0.267,0.025,0.805,0.064,0.905,0.21,0.872,0.582,0.482,0.747,0.064,0.631,0.372,0.564,0.175,0.95,0.861,0.58,0.96,0.759,0.715,0.045,0.269,0.065,0.228,0.835,0.703,0.145,0.793,0.966,0.901,0.985,0.396,0.51,0.724,0.826,0.382,0.6,0.966,0.909,0.368,0.183,0.749,0.972,0.411,0.217,0.596,0.683,0.508,0.774,0.442,0.075,0.846,0.078,0.118,0.318,0.626,0.177,0.822,0.975,0.696,0.987,0.979,1.0,0.94,0.348,0.895,0.417,0.685,0.67,0.439,0.046,0.402,0.456,0.418,0.057,0.786,0.94,0.638,0.403,0.224,0.446,0.373,0.82,0.894,0.741,0.576,0.431,0.925,0.363,0.678,0.803
2020-02-01 19:55:27,0.547,0.006,0.735,0.836,0.953,0.713,0.003,0.567,0.771,0.132,0.963,0.007,0.686,0.239,0.144,0.788,0.615,0.023,0.353,0.301,0.706,0.158,0.159,0.855,0.489,0.688,0.015,0.716,0.365,0.46,0.866,0.369,0.048,0.977,0.716,0.794,0.504,0.259,0.273,0.435,0.386,0.455,0.282,0.259,0.041,0.88,0.007,0.083,0.919,0.791,0.275,0.363,0.624,0.831,0.096,0.68,0.614,0.607,0.933,0.875,0.942,0.699,0.065,0.895,0.052,0.728,0.603,0.063,0.371,0.526,0.996,0.07,0.981,0.698,0.367,0.836,0.36,0.96,0.456,0.334,0.299,0.144,0.653,0.311,0.764,0.342,0.153,0.78,0.354,0.093,0.297,0.652,0.378,0.294,0.932,0.958,0.807,0.891,0.571,0.958,0.596,0.242,0.589,0.68,0.025,0.782,0.902,0.194,0.612,0.944,0.309,0.712,0.432,0.175,0.151,0.788,0.524,0.984,0.864,0.854,0.033,0.354,0.227,0.072,0.701,0.113,0.546,0.765,0.572,0.345,0.406,0.825,0.784,0.108,0.584,0.575,0.84,0.262,0.122,0.493,0.298,0.416,0.559,0.659,0.902,0.81,0.778,0.845,0.53,0.321,0.082,0.199,0.856,0.46,0.212,0.291,0.372,0.567,0.764,0.871,0.034,0.572,0.282,0.91,0.126,0.794,0.358,0.032,0.463,0.474,0.819,0.411,0.037,0.084,0.833,0.757,0.807,0.125,0.179,0.904,0.151,0.039,0.001,0.437,0.699,0.562,0.417,0.132,0.515,0.497,0.902,0.602,0.16,0.005,0.768,0.728,0.211,0.61,0.972,0.29,0.89,0.777,0.323,0.981,0.9,0.496,0.064,0.394,0.086,0.603,0.705,0.039,0.73,0.529,0.771,0.198,0.304,0.831,0.552,0.199,0.808,0.217,0.066,0.37,0.766,0.804,0.451,0.542,0.229,0.135,0.878,0.608,0.748,0.419,0.629,0.471,0.784,0.422,0.606,0.139,0.99,0.038,0.953,0.214,0.736,0.871,0.057,0.981,0.173,0.601,0.709,0.445,0.295,0.107,0.622,0.626,0.322,0.733,0.946,0.81,0.476,0.063,0.594,0.443,0.33,0.32,0.709,0.951,0.012,0.569,0.418,0.292,0.827,0.05,0.631,0.513,0.04,0.727,0.834,0.815,0.734,0.827,0.502,0.714,0.074,0.508,0.533,0.385,0.742,0.348,0.7,0.285,0.059,0.387,0.858,0.32,0.184,0.567,0.806,0.571,0.538,0.703,0.821,0.221,0.924,0.522,0.157,0.321,0.486,0.884,0.638,0.806,0.851,0.786,0.96,0.894,0.163,0.89,0.377,0.638,0.523,0.685,0.094,0.083,0.322,0.532,0.514,0.042,0.878,0.335,0.161,0.336,0.237,0.802,0.76,0.739,0.059,0.8,0.986,0.202,0.632,0.778,0.156,0.185,0.668,0.189,0.747,0.39,0.272,0.261,0.266,0.689,0.193,0.765,0.45,0.114,0.736,0.057,0.095,0.559,0.388,0.113,0.379,0.429,0.742,0.296,0.306,0.557,0.631,0.829,0.501,0.253,0.864,0.255,0.688,0.776,0.041,0.093,0.308,0.802,0.37,0.091,0.026,0.738,0.639,0.365,0.965,0.734,0.402,0.762,0.439,0.547,0.648,0.295,0.788,0.241,0.226,0.304,0.238,0.936,0.206,0.453,0.093,0.563,0.649,0.812,0.528,0.079,0.772,0.967,0.847,0.43,0.34,0.934,0.763,0.935,0.617,0.148,0.304,0.037,0.84,0.202,0.646,0.248,0.603,0.556,0.129,0.294,0.826,0.994,0.969,0.608,0.478,0.327,0.916,0.675,0.32,0.675,0.709,0.553,0.887,0.333,0.193,0.91,0.5,0.862,0.367,0.992,0.285,0.25,0.554,0.527,0.592,0.67,0.225,0.637,0.918,0.99,0.164,0.88,0.835,0.626,0.224,0.242,0.467,0.782,0.204,0.021,0.233,0.952,0.262,0.592,0.316,0.1,0.466,0.669,0.941,0.839,0.893,0.128,0.417,0.066,0.191,0.677,0.845,0.733,0.634,0.096,0.646,0.353,0.266,0.757,0.524,0.24,0.015,0.4,0.908,0.879,0.013,0.46,0.731,0.718,0.497,0.438,0.805,0.081,0.008,0.043,0.961,0.255,0.421,0.694
2020-02-01 19:55:27,0.722,0.552,0.377,0.43,0.554,0.459,0.934,0.053,0.621,0.987,0.349,0.423,0.536,0.128,0.675,0.537,0.433,0.388,0.532,0.504,0.141,0.254,0.077,0.52,0.665,0.85,0.823,0.914,0.534,0.732,0.489,0.577,0.553,0.853,0.629,0.536,0.474,0.091,0.608,0.182,0.587,0.45,0.427,0.846,0.088,0.472,0.769,0.486,0.881,0.011,0.483,0.179,0.899,0.362,0.922,0.682,0.463,0.949,0.8,0.183,0.855,0.489,0.3,0.925,0.049,0.658,0.714,0.935,0.537,0.473,0.524,0.834,0.991,0.828,0.106,0.611,0.79,0.835,0.311,0.556,0.555,0.961,0.228,0.934,0.302,0.062,0.21,0.232,0.453,0.014,0.619,0.517,0.655,0.8,0.081,0.684,0.291,0.135,0.903,0.959,0.832,0.991,0.229,0.399,0.26,0.473,0.851,0.722,0.741,0.423,0.891,0.571,0.43,0.752,0.872,0.6,0.793,0.38,0.571,0.536,0.707,0.363,0.035,0.422,0.419,0.662,0.952,0.589,0.722,0.648,0.106,0.48,0.55,0.83,0.826,0.773,0.409,0.788,0.222,0.271,0.698,0.571,0.435,0.121,0.089,0.673,0.561,0.396,0.169,0.137,0.841,0.044,0.861,0.818,0.833,0.744,0.269,0.433,0.667,0.538,0.123,0.127,0.77,0.682,0.359,0.802,0.951,0.34,0.044,0.627,0.618,0.505,0.477,0.227,0.46,0.676,0.458,0.64,0.953,0.23,0.057,0.55,0.913,0.659,0.805,0.629,0.376,0.271,0.925,0.597,0.982,0.94,0.263,0.203,0.616,0.817,0.967,0.49,0.45,0.264,0.522,0.401,0.004,0.754,0.116,0.949,0.855,0.059,0.824,0.411,0.729,0.252,0.529,0.887,0.237,0.444,0.232,0.823,0.302,0.067,0.438,0.799,0.761,0.233,0.53,0.619,0.266,0.704,0.404,0.989,0.777,0.932,0.129,0.952,0.381,0.438,0.795,0.518,0.221,0.511,0.225,0.0,0.56,0.712,0.777,0.451,0.691,0.847,0.33,0.052,0.481,0.633,0.265,0.526,0.241,0.344,0.083,0.913,0.545,0.216,0.174,0.397,0.585,0.417,0.825,0.182,0.522,0.409,0.864,0.27,0.511,0.687,0.636,0.638,0.968,0.042,0.015,0.56,0.205,0.097,0.929,0.999,0.899,0.741,0.034,0.312,0.025,0.961,0.995,0.262,0.622,0.632,0.051,0.452,0.225,0.94,0.456,0.568,0.834,0.265,0.576,0.175,0.8,0.138,0.958,0.581,0.064,0.574,0.151,0.268,0.186,0.962,0.266,0.33,0.917,0.21,0.74,0.99,0.932,0.027,0.466,0.225,0.71,0.432,0.389,0.375,0.492,0.324,0.258,0.622,0.175,0.529,0.513,0.085,0.084,0.377,0.433,0.393,0.129,0.573,0.803,0.583,0.695,0.615,0.583,0.593,0.031,0.444,0.259,0.719,0.919,0.458,0.715,0.524,0.287,0.474,0.647,0.35,0.365,0.455,0.486,0.678,0.318,0.357,0.62,0.669,0.19,0.738,0.875,0.339,0.28,0.666,0.499,0.902,0.681,0.49,0.726,0.847,0.775,0.24,0.889,0.584,0.029,0.682,0.223,0.68,0.686,0.174,0.404,0.894,0.253,0.67,0.015,0.405,0.473,0.229,0.114,0.528,0.248,0.9,0.337,0.469,0.435,0.585,0.522,0.028,0.908,0.872,0.135,0.971,0.277,0.782,0.477,0.628,0.848,0.373,0.881,0.229,0.739,0.705,0.805,0.643,0.63,0.88,0.069,0.418,0.144,0.622,0.595,0.264,0.47,0.996,0.251,0.57,0.242,0.881,0.988,0.098,0.686,0.023,0.307,0.056,0.135,0.044,0.545,0.021,0.23,0.164,0.508,0.685,0.191,0.333,0.155,0.488,0.093,0.858,0.62,0.617,0.25,0.736,0.939,0.955,0.048,0.308,0.011,0.935,0.582,0.538,0.522,0.268,0.97,0.874,0.862,0.47,0.203,0.184,0.273,0.832,0.651,0.948,0.681,0.585,0.822,0.848,0.565,0.202,0.155,0.22,0.553,0.502,0.045,0.718,0.921,0.653,0.876,0.664,0.857,0.219,0.567,0.891,0.272,0.689,0.508,0.992,0.565,0.183,0.104,0.379,0.957,0.771,0.965,0.539
2020-02-01 19:55:27,0.129,0.937,0.055,0.969,0.532,0.927,0.957,0.363,0.907,0.909,0.326,0.906,0.53,0.095,0.413,0.46,0.923,0.285,0.194,0.838,0.04,0.603,0.929,0.286,0.771,0.807,0.706,0.674,0.935,0.048,0.496,0.745,0.479,0.965,0.982,0.077,0.468,0.582,0.201,0.598,0.94,0.91,0.62,0.485,0.164,0.298,0.35,0.288,0.019,0.173,0.571,0.801,0.302,0.078,0.412,0.064,0.648,0.059,0.97,0.764,0.988,0.528,0.831,0.822,0.156,0.155,0.737,0.647,0.637,0.726,0.605,0.077,0.31,0.984,0.104,0.587,0.796,0.788,0.932,0.726,0.622,0.545,0.126,0.826,0.479,0.681,0.426,0.876,0.313,0.26,0.797,0.228,0.832,0.929,0.372,0.722,0.058,0.403,0.445,0.141,0.613,0.426,0.723,0.605,0.175,0.488,0.194,0.778,0.022,0.92,0.116,0.474,0.967,0.809,0.701,0.051,0.586,0.183,0.608,0.257,0.811,0.418,0.865,0.26,0.509,0.908,0.645,0.76,0.202,0.94,0.961,0.929,0.134,0.686,0.343,0.16,0.126,0.755,0.121,0.551,0.988,0.143,0.809,0.613,0.257,0.692,0.364,0.897,0.437,0.252,0.294,0.813,0.787,0.807,0.36,0.762,0.091,0.038,0.641,0.485,0.123,0.714,0.449,0.796,0.154,0.412,0.147,0.12,0.416,0.772,0.664,0.731,0.483,0.802,0.781,0.134,0.581,0.142,0.238,0.958,0.829,0.076,0.045,0.409,0.016,0.839,0.114,0.858,0.126,0.977,0.878,0.345,0.961,0.353,0.948,0.601,0.311,0.293,0.247,0.023,0.397,0.606,0.993,0.236,0.594,0.08,0.985,0.127,0.528,0.882,0.582,0.643,0.364,0.588,0.898,0.773,0.256,0.435,0.973,0.327,0.415,0.646,0.986,0.637,0.859,0.16,0.922,0.772,0.723,0.69,0.753,0.405,0.185,0.255,0.357,0.23,0.734,0.447,0.579,0.021,0.589,0.275,0.503,0.798,0.885,0.943,0.616,0.597,0.013,0.547,0.124,0.879,0.774,0.393,0.592,0.075,0.294,0.328,0.134,0.36,0.286,0.031,0.674,0.649,0.064,0.503,0.061,0.437,0.349,0.888,0.966,0.496,0.891,0.196,0.116,0.127,0.093,0.997,0.375,0.725,0.175,0.374,0.014,0.678,0.215,0.418,0.476,0.705,0.575,0.537,0.579,0.159,0.136,0.274,0.456,0.771,0.352,0.316,0.854,0.882,0.375,0.513,0.508,0.998,0.854,0.325,0.337,0.414,0.537,0.113,0.413,0.27,0.019,0.546,0.786,0.147,0.098,0.252,0.345,0.592,0.811,0.416,0.42,0.47,0.476,0.544,0.191,0.755,0.263,0.47,0.652,0.583,0.679,0.127,0.905,0.257,0.281,0.16,0.553,0.637,0.41,0.19,0.949,0.539,0.504,0.794,0.07,0.953,0.332,0.92,0.219,0.725,0.191,0.461,0.813,0.136,0.913,0.515,0.352,0.876,0.872,0.715,0.199,0.986,0.293,0.783,0.592,0.362,0.85,0.399,0.057,0.037,0.609,0.683,0.329,0.224,0.46,0.8,0.005,0.222,0.622,0.383,0.613,0.546,0.98,0.561,0.749,0.494,0.524,0.85,0.503,0.547,0.682,0.638,0.421,0.53,0.924,0.689,0.154,0.026,0.876,0.75,0.247,0.506,0.745,0.104,0.941,0.348,0.973,0.731,0.265,0.299,0.032,0.185,0.316,0.774,0.295,0.233,0.564,0.31,0.958,0.393,0.164,0.193,0.917,0.595,0.961,0.397,0.575,0.508,0.607,0.197,0.339,0.879,0.867,0.723,0.76,0.751,0.764,0.828,0.419,0.5,0.337,0.192,0.66,0.561,0.853,0.307,0.109,0.887,0.782,0.374,0.638,0.581,0.251,0.764,0.147,0.486,0.775,0.033,0.444,0.278,0.724,0.123,0.969,0.382,0.121,0.87,0.421,0.169,0.391,0.977,0.843,0.961,0.857,0.55,0.25,0.968,0.932,0.755,0.7,0.394,0.012,0.666,0.342,0.469,0.033,0.119,0.672,0.298,0.891,0.017,0.189,0.407,0.131,0.376,0.39,0.43,0.395,0.32,0.399,0.051,0.713,0.145,0.708,0.194,0.857,0.597,0.88,0.231,0.69,0.4
2020-02-01 19:55:27,0.98,0.217,0.788,0.782,0.181,0.535,0.113,0.807,0.716,0.318,0.61,0.671,0.026,0.545,0.893,0.024,0.417,0.734,0.9,0.695,0.283,0.718,0.206,0.131,0.913,0.482,0.031,0.259,0.219,0.649,0.445,0.444,0.189,0.849,0.57,0.732,0.32,0.875,0.48,0.947,0.257,0.218,0.721,0.987,0.405,0.018,0.51,0.918,0.535,0.769,0.135,0.323,0.794,0.201,0.419,0.583,0.998,0.822,0.916,0.226,0.099,0.073,0.656,0.756,0.142,0.066,0.712,0.897,0.79,0.864,0.085,0.367,0.273,0.005,0.54,0.846,0.571,0.404,0.801,0.66,0.658,0.21,0.047,0.098,0.175,0.78,0.734,0.091,0.984,0.872,0.363,0.316,0.182,0.141,0.129,0.613,0.453,0.935,0.174,0.865,0.632,0.32,0.678,0.879,0.575,0.05,0.019,0.258,0.493,0.172,0.275,0.219,0.062,0.327,0.455,0.002,0.583,0.555,0.479,0.659,0.794,0.736,0.763,0.85,0.801,0.431,0.622,0.748,0.031,0.555,0.08,0.105,0.538,0.134,0.847,0.837,0.811,0.916,0.792,0.875,0.139,0.18,0.377,0.821,0.791,0.34,0.835,0.969,0.682,0.16,0.799,0.461,0.114,0.168,0.512,0.392,0.448,0.307,0.251,0.915,0.284,0.858,0.821,0.223,0.293,0.801,0.923,0.584,0.658,0.767,0.852,0.212,0.82,0.813,0.256,0.652,0.868,0.819,0.94,0.511,0.963,0.675,0.602,0.197,0.311,0.502,0.16,0.002,0.526,0.238,0.455,0.007,0.247,0.758,0.984,0.008,0.372,0.313,0.149,0.694,0.401,0.32,0.182,0.884,0.495,0.691,0.723,0.774,0.763,0.709,0.773,0.51,0.698,0.648,0.602,0.103,0.914,0.431,0.076,0.229,0.321,0.136,0.316,0.461,0.127,0.008,0.496,0.835,0.586,0.03,0.772,0.88,0.293,0.034,0.863,0.958,0.741,0.691,0.524,0.225,0.103,0.202,0.614,0.144,0.648,0.284,0.222,0.405,0.302,0.517,0.635,0.289,0.777,0.214,0.842,0.727,0.784,0.512,0.022,0.947,0.524,0.409,0.954,0.961,0.046,0.492,0.194,0.93,0.402,0.28,0.994,0.77,0.231,0.407,0.835,0.86,0.698,0.683,0.838,0.725,0.648,0.723,0.404,0.324,0.894,0.122,0.336,0.04,0.278,0.856,0.612,0.625,0.062,0.196,0.568,0.574,0.629,0.767,0.306,0.978,0.61,0.007,0.288,0.813,0.203,0.889,0.233,0.883,0.132,0.803,0.354,0.617,0.455,0.225,0.009,0.813,0.169,0.591,0.051,0.169,0.768,0.012,0.922,0.288,0.078,0.481,0.623,0.555,0.52,0.844,0.849,0.101,0.965,0.343,0.914,0.122,0.929,0.021,0.592,0.575,0.645,0.233,0.318,0.76,0.116,0.072,0.109,0.712,0.701,0.2,0.733,0.914,0.18,0.629,0.577,0.746,0.184,0.683,0.281,0.118,0.351,0.966,0.684,0.451,0.771,0.328,0.549,0.966,0.198,0.811,0.705,0.815,0.257,0.567,0.667,0.402,0.379,0.059,0.391,0.88,0.043,0.054,0.195,0.14,0.388,0.238,0.065,0.923,0.703,0.049,0.151,0.182,0.893,0.332,0.799,0.659,0.644,0.752,0.632,0.127,0.392,0.905,0.495,0.569,0.672,0.537,0.577,0.499,0.045,0.233,0.526,0.943,0.265,0.498,0.13,0.246,0.074,0.541,0.655,0.23,0.043,0.316,0.275,0.075,0.353,0.361,0.107,0.869,0.927,0.212,0.142,0.256,0.913,0.94,0.359,0.78,0.185,0.535,0.455,0.146,0.864,0.623,0.243,0.675,0.392,0.342,0.59,0.217,0.467,0.418,0.661,0.323,0.825,0.964,0.086,0.183,0.717,0.564,0.928,0.168,0.361,0.088,0.326,0.284,0.663,0.702,0.987,0.577,0.757,0.492,0.048,0.934,0.996,0.023,0.276,0.437,0.286,0.505,0.288,0.606,0.648,0.277,0.775,0.015,0.653,0.649,0.994,0.946,0.229,0.39,0.054,0.587,0.12,0.404,0.832,0.008,0.474,0.172,0.492,0.917,0.947,0.421,0.354,0.619,0.37,0.381,0.559,0.442,0.838,0.957,0.371,0.106
2020-02-01 19:55:27,0.318,0.671,0.662,0.377,0.619,0.857,0.767,0.446,0.879,0.58,0.463,0.901,0.194,0.885,0.984,0.881,0.82,0.7,0.331,0.853,0.337,0.457,0.779,0.042,0.325,0.259,0.392,0.632,0.254,0.971,0.066,0.803,0.885,0.234,0.238,0.015,0.733,0.738,0.948,0.038,0.443,0.479,0.198,0.742,0.36,0.516,0.282,0.415,0.956,0.291,0.076,0.656,0.44,0.906,0.484,0.778,0.125,0.629,0.135,0.322,0.575,0.016,0.344,0.529,0.702,0.711,0.845,0.322,0.081,0.941,0.365,0.868,0.629,0.808,0.441,0.761,0.728,0.728,0.962,0.516,0.094,0.352,0.559,0.088,0.37,0.999,0.853,0.272,0.134,0.827,0.202,0.933,0.956,0.277,0.054,0.986,0.884,0.932,0.53,0.827,0.448,0.217,0.404,0.197,0.33,0.973,0.782,0.965,0.778,0.305,0.348,0.223,0.884,0.732,0.655,0.461,0.246,0.656,0.657,0.028,0.586,0.72,0.437,0.607,0.688,0.993,0.375,0.053,0.737,0.195,0.361,0.863,0.489,0.078,0.219,0.426,0.37,0.647,0.37,0.112,0.322,0.858,0.717,0.876,0.039,0.695,0.188,0.18,0.244,0.505,0.017,0.329,0.387,0.549,0.691,0.007,0.876,0.498,0.871,0.903,0.339,0.289,0.514,0.622,0.24,0.582,0.147,0.855,0.477,0.311,0.665,0.504,0.703,0.581,0.125,0.487,0.403,0.933,0.772,0.396,0.581,0.711,0.748,0.487,0.424,0.711,0.07,0.179,0.583,0.208,0.21,0.67,0.795,0.091,0.769,0.441,0.121,0.827,0.579,0.211,0.374,0.772,0.479,0.627,0.01,0.416,0.715,0.648,0.048,0.671,0.248,0.739,0.76,0.487,0.584,0.232,0.039,0.933,0.955,0.65,0.221,0.25,0.072,0.615,0.139,0.484,0.749,0.007,0.629,0.745,0.343,0.229,0.478,0.769,0.565,0.273,0.71,0.829,0.123,0.327,0.688,0.288,0.611,0.681,0.849,0.543,0.682,0.404,0.768,0.251,0.622,0.239,0.366,0.201,0.469,0.411,0.202,0.841,0.689,0.882,0.499,0.464,0.055,0.989,0.145,0.564,0.745,0.461,0.557,0.838,0.181,0.36,0.502,0.843,0.651,0.246,0.392,0.696,0.886,0.498,0.118,0.869,0.93,0.718,0.377,0.782,0.5,0.685,0.747,0.556,0.425,0.827,0.758,0.363,0.839,0.129,0.29,0.955,0.828,0.991,0.954,0.376,0.564,0.978,0.673,0.166,0.325,0.577,0.312,0.908,0.779,0.008,0.857,0.039,0.573,0.144,0.13,0.831,0.068,0.92,0.176,0.656,0.822,0.663,0.184,0.114,0.821,0.586,0.789,0.545,0.337,0.189,0.871,0.653,0.285,0.548,0.618,0.586,0.978,0.993,0.148,0.964,0.184,0.461,0.788,0.221,0.027,0.059,0.27,0.799,0.368,0.258,0.209,0.719,0.15,0.351,0.631,0.827,0.129,0.053,0.042,0.893,0.151,0.7,0.265,0.882,0.528,0.806,0.687,0.524,0.157,0.35,0.058,0.915,0.94,0.522,0.358,0.676,0.769,0.405,0.383,0.617,0.535,0.206,0.876,0.81,0.963,0.335,0.396,0.357,0.716,0.215,0.276,0.164,0.563,0.274,0.959,0.28,0.458,0.548,0.326,0.289,0.519,0.899,0.662,0.398,0.592,0.474,0.63,0.886,0.351,0.115,0.772,0.452,0.15,0.509,0.889,0.754,0.094,0.617,0.291,0.96,0.174,0.232,0.246,0.636,0.457,0.587,0.957,0.243,0.706,0.08,0.036,0.464,0.325,0.65,0.097,0.578,0.541,0.745,0.211,0.284,0.823,0.89,0.696,0.758,0.761,0.059,0.289,0.667,0.046,0.149,0.718,0.363,0.926,0.315,0.509,0.074,0.435,0.573,0.807,0.413,0.328,0.276,0.114,0.273,0.522,0.2,0.738,0.043,0.036,0.257,0.364,0.423,0.871,0.44,0.228,0.623,0.926,0.597,0.179,0.996,0.921,0.395,0.322,0.836,0.34,0.14,0.323,0.428,0.686,0.773,0.268,0.674,0.475,0.873,0.397,0.811,0.689,0.43,0.755,0.083,0.754,0.913,0.213,0.703,0.553,0.388,0.703,0.466,0.084,0.265
2020-02-01 19:55:27,0.414,0.819,0.807,0.096,0.683,0.704,0.633,0.972,0.986,0.765,0.278,0.36,0.279,0.068,0.581,0.461,0.698,0.045,0.633,0.066,0.463,0.089,0.26,0.059,0.066,0.758,0.003,0.242,0.516,0.276,0.853,0.626,0.293,0.713,0.826,0.958,0.043,0.785,0.852,0.292,0.54,0.907,0.126,0.098,0.101,0.519,0.372,0.321,0.872,0.247,0.674,0.256,0.04,0.746,0.488,0.762,0.866,0.018,0.229,0.591,0.219,0.484,0.054,0.399,0.778,0.22,0.614,0.686,0.272,0.623,0.664,0.128,0.385,0.906,0.957,0.793,0.305,0.786,0.435,0.582,0.887,0.783,0.345,0.265,0.441,0.25,0.758,0.847,0.739,0.408,0.691,0.769,0.584,0.143,0.286,0.824,0.7,0.741,0.717,0.826,0.142,0.479,0.789,0.879,0.648,0.859,0.424,0.45,0.431,0.767,0.197,0.633,0.882,0.573,0.59,0.935,0.855,0.195,0.199,0.915,0.029,0.843,0.433,0.829,0.229,0.664,0.707,0.253,0.581,0.091,0.561,0.169,0.551,0.217,0.066,0.931,0.172,0.106,0.729,0.863,0.303,0.233,0.101,0.039,0.697,0.087,0.582,0.346,0.025,0.563,0.966,0.807,0.58,0.077,0.072,0.89,0.666,0.642,0.026,0.551,0.698,0.336,0.484,0.246,0.476,0.444,0.015,0.186,0.568,0.187,0.373,0.765,0.309,0.651,0.267,0.58,0.797,0.958,0.223,0.904,0.452,0.976,0.42,0.625,0.579,0.294,0.772,0.868,0.866,0.855,0.74,0.975,0.035,0.34,0.207,0.121,0.279,0.055,0.736,0.497,0.449,0.072,0.347,0.313,0.665,0.494,0.054,0.631,0.323,0.115,0.336,0.509,0.463,0.925,0.572,0.584,0.572,0.03,0.177,0.238,0.403,0.831,0.765,0.93,0.756,0.357,0.719,0.059,0.751,0.061,0.544,0.75,0.883,0.468,0.535,0.032,0.546,0.875,0.324,0.02,0.022,0.655,0.593,0.256,0.696,0.376,0.521,0.182,0.294,0.231,0.572,0.93,0.952,0.72,0.193,0.814,0.366,0.165,0.051,0.612,0.968,0.157,0.926,0.32,0.796,0.645,0.166,0.41,0.408,0.698,0.438,0.903,0.632,0.607,0.093,0.846,0.887,0.69,0.686,0.421,0.002,0.525,0.751,0.662,0.762,0.955,0.443,0.937,0.938,0.943,0.351,0.123,0.203,0.054,0.527,0.837,0.572,0.844,0.852,0.128,0.868,0.71,0.685,0.675,0.213,0.397,0.199,0.566,0.56,0.331,0.529,0.416,0.447,0.995,0.546,0.137,0.152,0.128,0.196,0.719,0.641,0.043,0.945,0.667,0.875,0.293,0.685,0.929,0.083,0.567,0.578,0.432,0.838,0.69,0.547,0.4,0.387,0.781,0.819,0.763,0.966,0.895,0.343,0.389,0.256,0.276,0.985,0.546,0.301,0.988,0.105,0.701,0.386,0.943,0.753,0.568,0.24,0.721,0.99,0.448,0.273,0.253,0.401,0.715,0.676,0.651,0.17,0.174,0.249,0.331,0.702,0.019,0.632,0.94,0.253,0.272,0.071,0.68,0.363,0.182,0.275,0.044,0.361,0.409,0.928,0.227,0.007,0.907,0.086,0.221,0.564,0.802,0.037,0.527,0.837,0.472,0.063,0.553,0.943,0.825,0.71,0.61,0.763,0.231,0.187,0.221,0.902,0.211,0.993,0.471,0.24,0.213,0.152,0.187,0.752,0.849,0.716,0.959,0.762,0.705,0.916,0.936,0.181,0.023,0.356,0.778,0.182,0.192,0.187,0.606,0.152,0.403,0.943,0.303,0.449,0.985,0.822,0.841,0.333,0.405,0.181,0.066,0.206,0.618,0.127,0.084,0.152,0.629,0.78,0.647,0.014,0.856,0.124,0.844,0.049,0.992,0.254,0.334,0.228,0.761,0.714,0.032,0.734,0.391,0.81,0.356,0.086,0.559,0.07,0.614,0.276,0.63,0.36,0.216,0.689,0.544,0.163,0.262,0.347,0.509,0.566,0.068,0.925,0.534,0.063,0.258,0.162,0.809,0.77,0.01,0.441,0.502,0.056,0.141,0.728,0.203,0.29,0.438,0.215,0.93,0.718,0.171,0.677,0.74,0.042,0.335,0.481,0.157,0.477,0.126,0.064,0.008
2020-02-01 19:55:27,0.353,0.705,0.565,0.887,0.961,0.011,0.459,0.059,0.363,0.399,0.765,0.798,0.467,0.786,0.445,0.312,0.544,0.512,0.876,0.741,0.642,0.68,0.498,0.129,0.977,0.847,0.926,0.314,0.236,0.275,0.949,0.612,0.549,0.347,0.025,0.678,0.023,0.29,0.93,0.942,0.481,0.919,0.359,0.526,0.727,0.88,0.888,0.819,0.158,0.204,0.274,0.709,0.675,0.878,0.462,0.783,0.09,0.946,0.811,0.213,0.046,0.056,0.077,0.026,0.396,0.976,0.546,0.637,0.082,0.847,0.347,0.508,0.381,0.389,0.66,0.631,0.934,0.986,0.313,0.225,0.093,0.454,0.767,0.433,0.472,0.477,0.415,0.726,0.914,0.516,0.97,0.173,0.633,0.954,0.606,0.313,0.845,0.956,0.839,0.209,0.698,0.003,0.408,0.059,0.041,0.875,0.439,0.071,0.333,0.294,0.259,0.069,0.842,0.847,0.246,0.667,0.27,0.372,0.398,0.887,0.488,0.645,0.596,0.706,0.614,0.476,0.265,0.116,0.208,0.689,0.008,0.28,0.351,0.11,0.187,0.103,0.981,0.383,0.728,0.417,0.536,0.479,0.93,0.48,0.812,0.279,0.268,0.876,0.624,0.639,0.626,0.458,0.526,0.394,0.384,0.929,0.536,0.566,0.808,0.498,0.385,0.825,0.227,0.798,0.202,0.125,0.881,0.172,0.352,0.786,0.429,0.624,0.685,0.816,0.815,0.683,0.073,0.295,0.552,0.821,0.959,0.71,0.739,0.562,0.604,0.61,0.622,0.798,0.964,0.058,0.415,0.812,0.354,0.926,0.663,0.446,0.16,0.199,0.8,0.157,0.918,0.623,0.967,0.507,0.15,0.142,0.215,0.155,0.821,0.248,0.02,0.109,0.058,0.744,0.669,0.59,0.058,0.81,0.807,0.524,0.387,0.232,0.277,0.055,0.312,0.114,0.996,0.542,0.297,0.664,0.84,0.891,0.78,0.777,0.664,0.189,0.166,0.912,0.05,0.318,0.072,0.369,0.76,0.15,0.555,0.437,0.163,0.092,0.724,0.383,0.012,0.755,0.62,0.975,0.187,0.309,0.645,0.471,0.102,0.898,0.822,0.807,0.65,0.262,0.413,0.248,0.43,0.339,0.413,0.131,0.432,0.616,0.492,0.372,0.839,0.367,0.714,0.302,0.462,0.554,0.96,0.746,0.88,0.263,0.378,0.802,0.018,0.681,0.811,0.282,0.466,0.731,0.943,0.529,0.276,0.764,0.619,0.383,0.584,0.584,0.532,0.1,0.172,0.39,0.993,0.245,0.611,0.348,0.152,0.786,0.101,0.733,0.182,0.379,0.567,0.782,0.885,0.075,0.67,0.623,0.622,0.578,0.119,0.497,0.608,0.969,0.27,0.774,0.158,0.233,0.754,0.487,0.99,0.192,0.699,0.548,0.869,0.973,0.578,0.292,0.798,0.625,0.723,0.228,0.298,0.431,0.14,0.929,0.983,0.102,0.999,0.375,0.488,0.209,0.968,0.263,0.38,0.591,0.903,0.577,0.848,0.853,0.335,0.798,0.3,0.398,0.712,0.58,0.77,0.337,0.553,0.337,0.854,0.25,0.548,0.412,0.465,0.298,0.7,0.593,0.983,0.194,0.325,0.187,0.61,0.975,0.469,0.17,0.702,0.543,0.619,0.362,0.667,0.667,0.219,0.738,0.614,0.469,0.695,0.537,0.484,0.413,0.927,0.938,0.842,0.863,0.153,0.051,0.12,0.39,0.042,0.785,0.334,0.746,0.858,0.299,0.373,0.635,0.351,0.78,0.266,0.082,0.166,0.555,0.537,0.193,0.318,0.464,0.284,0.859,0.57,0.484,0.474,0.365,0.763,0.78,0.236,0.719,0.752,0.439,0.131,0.839,0.741,0.084,0.354,0.774,0.182,0.783,0.621,0.098,0.106,0.222,0.278,0.937,0.818,0.469,0.14,0.604,0.152,0.549,0.976,0.591,0.621,0.818,0.742,0.523,0.144,0.628,0.232,0.22,0.907,0.52,0.93,0.241,0.353,0.464,0.099,0.191,0.915,0.128,0.729,0.963,0.373,0.295,0.679,0.683,0.559,0.874,0.578,0.608,0.502,0.397,0.494,0.443,0.305,0.543,0.445,0.384,0.149,0.342,0.785,0.193,0.12,0.489,0.466,0.065,0.618,0.549,0.981,0.857,0.89,0.143
2020-02-01 19:55:27,0.372,0.237,0.862,0.025,0.295,0.265,0.917,0.649,0.055,0.12,0.44,0.858,0.019,0.617,0.599,0.906,0.029,0.266,0.117,0.663,0.924,0.125,0.822,0.951,0.885,0.265,0.722,0.154,0.076,0.794,0.521,0.956,0.415,0.573,0.141,0.016,0.831,0.029,0.54,0.194,0.748,0.477,0.15,0.781,0.871,0.19,0.881,0.52,0.331,0.02,0.844,0.474,0.87,0.431,0.134,0.598,0.494,0.246,0.452,0.255,0.371,0.549,0.741,0.942,0.501,0.224,0.602,0.136,0.837,0.798,0.717,0.655,0.298,0.124,0.359,0.67,0.666,0.346,0.362,0.905,0.388,0.13,0.826,0.078,0.227,0.178,0.743,0.403,0.266,0.987,0.404,0.09,0.902,0.814,0.502,0.835,0.706,0.349,0.551,0.553,0.803,0.521,0.829,0.041,0.948,0.144,0.072,0.081,0.453,0.891,0.192,0.23,0.926,0.3,0.767,0.233,0.041,0.671,0.139,0.419,0.522,0.573,0.084,0.473,0.122,0.743,0.741,0.99,0.068,0.286,0.141,0.381,0.045,0.05,0.655,0.293,0.656,0.373,0.856,0.603,0.104,0.668,0.859,0.236,0.376,0.885,0.57,0.686,0.915,0.75,0.549,0.194,0.913,0.585,0.716,0.161,0.59,0.681,0.11,0.681,0.135,0.163,0.298,0.318,0.741,0.262,0.699,0.435,0.977,0.345,0.653,0.263,0.307,0.664,0.62,0.093,0.769,0.323,0.933,0.64,0.077,0.64,0.925,0.41,0.917,0.315,0.025,0.809,0.397,0.167,0.387,0.11,0.977,0.798,0.379,0.69,0.492,0.642,0.661,0.094,0.203,0.96,0.604,0.383,0.578,0.053,0.509,0.132,0.808,0.776,0.323,0.75,0.553,0.536,0.413,0.543,0.904,0.011,0.253,0.525,0.075,0.551,0.127,0.765,0.724,0.383,0.261,0.386,0.624,0.324,0.487,0.407,0.649,0.487,0.377,0.208,0.171,0.668,0.051,0.667,0.696,0.498,0.62,0.735,0.011,0.878,0.105,0.687,0.961,0.114,0.466,0.631,0.177,0.173,0.046,0.592,0.593,0.518,0.774,0.902,0.756,0.649,0.962,0.521,0.139,0.788,0.827,0.674,0.236,0.086,0.265,0.313,0.238,0.221,0.862,0.516,0.958,0.498,0.515,0.596,0.447,0.129,0.988,0.177,0.472,0.139,0.633,0.944,0.263,0.611,0.365,0.702,0.933,0.663,0.741,0.055,0.19,0.373,0.457,0.777,0.386,0.654,0.027,0.856,0.407,0.637,0.001,0.623,0.167,0.657,0.586,0.629,0.947,0.836,0.392,0.709,0.794,0.852,0.911,0.405,0.992,0.726,0.156,0.516,0.213,0.175,0.322,0.497,0.764,0.561,0.045,0.816,0.675,0.692,0.825,0.419,0.223,0.851,0.9,0.329,0.977,0.571,0.23,0.142,0.904,0.47,0.5,0.219,0.245,0.299,0.837,0.469,0.808,0.087,0.005,0.758,0.763,0.775,0.741,0.507,0.721,0.757,0.433,0.938,0.511,0.978,0.277,0.357,0.089,0.794,0.216,0.895,0.36,0.788,0.722,0.219,0.004,0.995,0.751,0.185,0.62,0.002,0.242,0.018,0.717,0.453,0.373,0.372,0.427,0.163,0.552,0.521,0.796,0.193,0.719,0.205,0.186,0.995,0.258,0.093,0.292,0.937,0.831,0.093,0.259,0.915,0.492,0.391,0.987,0.47,0.113,0.185,0.006,0.407,0.758,0.475,0.936,0.792,0.964,0.362,0.653,0.576,0.342,0.752,0.274,0.322,0.667,0.7,0.002,0.1,0.012,0.722,0.604,0.997,0.489,0.481,0.076,0.213,0.949,0.71,0.94,0.216,0.23,0.384,0.309,0.092,0.906,0.04,0.686,0.858,0.335,0.987,0.564,0.832,0.051,0.37,0.521,0.575,0.067,0.42,0.894,0.196,0.23,0.951,0.686,0.346,0.007,0.034,0.357,0.135,0.323,0.021,0.681,0.083,0.019,0.012,0.538,0.443,0.807,0.873,0.828,0.852,0.066,0.975,0.533,0.152,0.071,0.862,0.766,0.412,0.959,0.685,0.156,0.193,0.675,0.634,0.419,0.753,0.991,0.627,0.014,0.817,0.746,0.124,0.466,0.329,0.312,0.791,0.581,0.304,0.477,0.496
2020-02-01 19:55:27,0.307,0.288,0.277,0.659,0.112,0.029,0.702,0.378,0.871,0.281,0.938,0.888,0.793,0.801,0.62,0.493,0.562,0.997,0.229,0.57,0.748,0.064,0.201,0.848,0.869,0.085,0.917,0.497,0.075,0.185,0.658,0.683,0.265,0.763,0.427,0.176,0.277,0.772,0.925,0.052,0.405,0.049,0.934,0.425,0.647,0.652,0.051,0.273,0.005,0.659,0.223,0.989,0.447,0.784,0.884,0.521,0.6,0.529,0.392,0.98,0.915,0.845,0.105,0.613,0.579,0.631,0.159,0.729,0.655,0.517,0.805,0.284,0.419,0.287,0.673,0.295,0.995,0.446,0.612,0.182,0.057,0.976,0.846,0.375,0.416,0.753,0.769,0.584,0.044,0.204,0.76,0.495,0.405,0.292,0.661,0.214,0.802,0.555,0.224,0.477,0.499,0.067,0.472,0.796,0.051,0.408,0.513,0.704,0.111,0.229,0.2,0.294,0.254,0.97,0.901,0.784,0.654,0.896,0.953,0.093,0.208,0.178,0.292,0.324,0.397,0.57,0.075,0.228,0.662,0.837,0.448,0.873,0.3,0.747,0.239,0.54,0.066,0.254,0.06,0.204,0.919,0.319,0.091,0.622,0.111,0.159,0.037,0.566,0.424,0.741,0.501,0.73,0.342,0.113,0.131,0.92,0.719,0.63,0.331,0.958,0.224,0.916,0.618,0.069,0.342,0.765,0.066,0.776,0.722,0.482,0.912,0.431,0.554,0.748,0.266,0.149,0.481,0.903,0.885,0.064,0.32,0.062,0.663,0.284,0.517,0.645,0.432,0.668,0.755,0.385,0.662,0.475,0.111,0.011,0.531,0.417,0.423,0.637,0.193,0.354,0.734,0.756,0.123,0.263,0.662,0.911,0.487,0.575,0.509,0.789,0.181,0.958,0.504,0.24,0.933,0.488,0.944,0.89,0.607,0.389,0.048,0.086,0.784,0.855,0.532,0.463,0.963,0.217,0.185,0.403,0.477,0.547,0.556,0.311,0.463,0.495,0.586,0.823,0.491,0.082,0.417,0.521,0.313,0.779,0.304,0.289,0.936,0.273,0.504,0.235,0.963,0.261,0.902,0.589,0.492,0.145,0.25,0.85,0.906,0.829,0.669,0.539,0.678,0.265,0.306,0.238,0.815,0.962,0.837,0.074,0.831,0.958,0.101,0.832,0.505,0.043,0.796,0.284,0.309,0.764,0.315,0.667,0.698,0.944,0.68,0.779,0.712,0.34,0.122,0.509,0.623,0.345,0.633,0.265,0.827,0.373,0.689,0.288,0.141,0.108,0.559,0.312,0.043,0.992,0.198,0.876,0.375,0.46,0.533,0.943,0.455,0.612,0.782,0.208,0.684,0.097,0.94,0.38,0.609,0.767,0.944,0.255,0.605,0.789,0.077,0.407,0.233,0.675,0.414,0.14,0.956,0.868,0.724,0.093,0.715,0.526,0.484,0.354,0.322,0.379,0.886,0.422,0.322,0.164,0.148,0.089,0.935,0.236,0.81,0.716,0.81,0.873,0.636,0.588,0.102,0.124,0.989,0.244,0.242,0.938,0.096,0.38,0.878,0.828,0.085,0.375,0.174,0.871,0.366,0.659,0.923,0.641,0.129,0.808,0.169,0.872,0.394,0.119,0.344,0.011,0.994,0.861,0.177,0.331,0.177,0.45,0.09,0.489,0.279,0.696,0.604,0.045,0.965,0.507,0.813,0.129,0.74,0.983,0.557,0.287,0.777,0.108,0.872,0.306,0.551,0.903,0.222,0.697,0.356,0.282,0.084,0.905,0.816,0.587,0.358,0.874,0.869,0.183,0.443,0.446,0.704,0.457,0.437,0.262,0.319,0.661,0.602,0.114,0.865,0.429,0.076,0.749,0.28,0.751,0.022,0.787,0.214,0.372,0.867,0.607,0.394,0.708,0.386,0.012,0.151,0.639,0.009,0.353,0.757,0.966,0.84,0.748,0.625,0.87,0.893,0.567,0.25,0.392,0.973,0.855,0.695,0.135,0.813,0.921,0.514,0.8,0.383,0.043,0.978,0.777,0.388,0.686,0.557,0.127,0.704,0.595,0.286,0.065,0.582,0.443,0.482,0.583,0.457,0.762,0.591,0.242,0.587,0.765,0.611,0.892,0.295,0.471,0.105,0.252,0.751,0.317,0.733,0.684,0.015,0.301,0.089,0.704,0.309,0.135,0.471,0.54,0.831,0.107,0.298,0.125,0.95,0.025
2020-02-01 19:55:27,0.889,0.527,0.537,0.262,0.115,0.327,0.469,0.689,0.719,0.017,0.183,0.072,0.989,0.105,0.279,0.46,0.493,0.696,0.523,0.369,0.386,0.262,0.662,0.195,0.117,0.131,0.513,0.977,0.346,0.16,0.508,0.587,0.774,0.975,0.217,0.516,0.112,0.771,0.955,0.834,0.472,0.55,0.922,0.904,0.547,0.598,0.522,0.425,0.117,0.917,0.483,0.389,0.875,0.478,0.247,0.503,0.507,0.366,0.703,0.961,0.314,0.288,0.503,0.311,0.237,0.419,0.207,0.415,0.037,0.332,0.666,0.349,0.61,0.107,0.845,0.357,0.901,0.556,0.239,0.649,0.232,0.249,0.983,0.074,0.129,0.431,0.947,0.474,0.903,0.585,0.033,0.18,0.73,0.97,0.96,0.051,0.273,0.259,0.84,0.197,0.322,0.741,0.369,0.579,0.585,0.366,0.967,0.36,0.758,0.031,0.465,0.552,0.186,0.904,0.46,0.879,0.083,0.013,0.16,0.37,0.612,0.865,0.574,0.719,0.741,0.914,0.435,0.017,0.128,0.118,0.079,0.829,0.393,0.73,0.404,0.604,0.993,0.985,0.824,0.517,0.785,0.259,0.446,0.56,0.401,0.475,0.124,0.496,0.121,0.355,0.509,0.586,0.375,0.287,0.931,0.707,0.751,0.498,0.476,0.357,0.519,0.327,0.839,0.45,0.778,0.275,0.889,0.574,0.858,0.065,0.222,0.791,0.072,0.088,0.887,0.871,0.192,0.574,0.719,0.486,0.714,0.428,0.645,0.593,0.086,0.815,0.761,0.851,0.516,0.927,0.534,0.242,0.955,0.344,0.709,0.098,0.207,0.097,0.457,0.958,0.384,0.323,0.691,0.466,0.35,0.797,0.888,0.939,0.603,0.146,0.626,0.135,0.373,0.748,0.345,0.008,0.17,0.915,0.442,0.127,0.956,0.916,0.01,0.638,0.404,0.84,0.582,0.774,0.187,0.117,0.742,0.418,0.431,0.444,0.773,0.657,0.055,0.795,0.853,0.384,0.56,0.335,0.398,0.515,0.615,0.717,0.507,0.206,0.267,0.212,0.823,0.328,0.357,0.211,0.979,0.383,0.35,0.735,0.624,0.373,0.578,0.04,0.296,0.624,0.117,0.299,0.275,0.26,0.431,0.589,0.709,0.747,0.844,0.188,0.426,0.777,0.453,0.843,0.592,0.64,0.291,0.123,0.949,0.997,0.084,0.282,0.927,0.794,0.137,0.154,0.904,0.832,0.763,0.912,0.894,0.362,0.231,0.078,0.483,0.57,0.295,0.159,0.315,0.192,0.303,0.785,0.285,0.786,0.926,0.06,0.086,0.237,0.886,0.319,0.831,0.068,0.874,0.63,0.552,0.884,0.011,0.59,0.493,0.804,0.144,0.695,0.792,0.548,0.447,0.504,0.217,0.495,0.172,0.105,0.25,0.182,0.626,0.185,0.423,0.435,0.6,0.424,0.775,0.271,0.165,0.401,0.399,0.488,0.851,0.58,0.415,0.388,0.968,0.51,0.437,0.665,0.989,0.028,0.798,0.204,0.003,0.947,0.857,0.798,0.202,0.071,0.661,0.244,0.63,0.583,0.63,0.573,0.861,0.379,0.187,0.641,0.978,0.022,0.779,0.941,0.034,0.01,0.504,0.63,0.045,0.981,0.948,0.542,0.191,0.268,0.766,0.355,0.239,0.167,0.132,0.499,0.773,0.014,0.401,0.162,0.165,0.29,0.233,0.462,0.174,0.255,0.337,0.637,0.044,0.487,0.262,0.762,0.133,0.092,0.415,0.986,0.177,0.516,0.289,0.998,0.704,0.337,0.82,0.191,0.324,0.216,0.313,0.441,0.755,0.968,0.039,0.337,0.788,0.172,0.258,0.215,0.768,0.759,0.184,0.555,0.984,0.322,0.9,0.114,0.052,0.48,0.232,0.674,0.171,0.608,0.557,0.179,0.549,0.323,0.943,0.698,0.526,0.326,0.131,0.176,0.819,0.912,0.78,0.199,0.007,0.228,0.925,0.98,0.674,0.89,0.309,0.759,0.927,0.45,0.618,0.045,0.856,0.17,0.724,0.082,0.124,0.061,0.757,0.158,0.802,0.888,0.592,0.163,0.977,0.013,0.335,0.629,0.201,0.73,0.641,0.369,0.783,0.317,0.039,0.937,0.29,0.826,0.175,0.072,0.404,0.332,0.744,0.606,0.871,0.373,0.865,0.102
2020-02-01 19:55:27,0.503,0.04,0.73,0.996,0.317,0.895,0.492,0.875,0.133,0.78,0.277,0.578,0.038,0.884,0.65,0.867,0.239,0.265,0.307,0.033,0.548,0.903,0.828,0.659,0.836,0.319,0.6,0.023,0.26,0.626,0.143,0.08,0.409,0.217,0.762,0.047,0.953,0.049,0.769,0.136,0.45,0.02,0.769,0.017,0.009,0.146,0.222,0.744,0.636,0.515,0.342,0.897,0.468,0.186,0.117,0.769,0.709,0.725,0.047,0.002,0.394,0.272,0.636,0.787,0.635,0.149,0.942,0.995,0.4,0.752,0.708,0.372,0.755,0.894,0.019,0.858,0.853,0.906,0.024,0.79,0.121,0.286,0.516,0.328,0.239,0.952,0.9,0.723,0.686,0.092,0.853,0.251,0.943,0.505,0.174,0.794,0.77,0.564,0.337,0.051,0.155,0.088,0.85,0.873,0.978,0.751,0.043,0.897,0.581,0.806,0.44,0.086,0.369,0.477,0.816,0.414,0.366,0.617,0.436,0.398,0.144,0.705,0.126,0.538,0.931,0.944,0.488,0.739,0.09,0.701,0.533,0.806,0.722,0.832,0.553,0.702,0.237,0.157,0.895,0.894,0.742,0.767,0.312,0.842,0.505,0.249,0.365,0.946,0.615,0.863,0.108,0.428,0.412,0.545,0.842,0.387,0.608,0.21,0.5,0.031,0.103,0.698,0.858,0.167,0.419,0.978,0.339,0.549,0.115,0.76,0.088,0.826,0.176,0.046,0.119,0.446,0.621,0.224,0.634,0.209,0.868,0.126,0.157,0.122,0.783,0.232,0.72,0.55,0.568,0.223,0.365,0.58,0.516,0.377,0.786,0.751,0.069,0.049,0.62,0.339,0.29,0.713,0.714,0.759,0.442,0.5,0.628,0.171,0.22,0.087,0.193,0.291,0.307,0.114,0.539,0.935,0.012,0.812,0.927,0.535,0.694,0.967,0.667,0.166,0.778,0.206,0.066,0.503,0.002,0.506,0.216,0.144,0.53,0.522,0.969,0.174,0.521,0.433,0.868,0.622,0.958,0.596,0.497,0.583,0.691,0.05,0.02,0.142,0.422,0.274,0.648,0.504,0.041,0.311,0.206,0.635,0.754,0.1,0.108,0.074,0.54,0.432,0.987,0.348,0.562,0.381,0.674,0.302,0.696,0.533,0.127,0.525,0.846,0.142,0.325,0.216,0.094,0.082,0.002,0.017,0.234,0.893,0.325,0.829,0.136,0.082,0.355,0.302,0.183,0.157,0.518,0.148,0.123,0.22,0.688,0.861,0.886,0.669,0.735,0.016,0.422,0.115,0.107,0.055,0.715,0.227,0.901,0.669,0.827,0.962,0.017,0.335,0.736,0.249,0.366,0.096,0.076,0.956,0.366,0.768,0.961,0.725,0.064,0.999,0.884,0.889,0.028,0.69,0.521,0.929,0.042,0.08,0.047,0.667,0.978,0.969,0.083,0.369,0.374,0.923,0.988,0.933,0.847,0.58,0.581,0.05,0.454,0.626,0.355,0.401,0.633,0.099,0.562,0.244,0.111,0.998,0.775,0.528,0.723,0.617,0.815,0.063,0.053,0.2,0.319,0.041,0.005,0.289,0.135,0.898,0.065,0.988,0.997,0.436,0.461,0.567,0.959,0.793,0.038,0.123,0.036,0.589,0.417,0.604,0.09,0.778,0.197,0.612,0.45,0.312,0.729,0.374,0.389,0.317,0.563,0.535,0.359,0.554,0.323,0.889,0.341,0.989,0.794,0.03,0.692,0.702,0.88,0.518,0.014,0.76,0.492,0.058,0.938,0.948,0.05,0.227,0.39,0.77,0.0,0.031,0.758,0.774,0.055,0.538,0.881,0.33,0.907,0.821,0.216,0.878,0.744,0.057,0.713,0.001,0.439,0.186,0.848,0.12,0.538,0.916,0.8,0.827,0.218,0.304,0.005,0.846,0.688,0.387,0.989,0.216,0.727,0.428,0.2,0.99,0.336,0.798,0.077,0.184,0.256,0.107,0.45,0.361,0.718,0.109,0.521,0.749,0.713,0.301,0.291,0.446,0.068,0.252,0.574,0.22,0.384,0.163,0.811,0.274,0.015,0.737,0.181,0.972,0.776,0.737,0.012,0.497,0.462,0.939,0.617,0.925,0.043,0.723,0.2,0.287,0.9,0.009,0.846,0.104,0.139,0.951,0.796,0.552,0.989,0.085,0.652,0.077,0.291,0.653,0.82,0.565,0.778,0.895
2020-02-01 19:55:27,0.841,0.453,0.158,0.377,0.228,0.426,0.939,0.26,0.672,0.502,0.405,0.834,0.812,0.126,0.73,0.239,0.754,0.315,0.655,0.667,0.092,0.301,0.065,0.165,0.271,0.339,0.477,0.095,0.997,0.893,0.519,0.751,0.045,0.951,0.461,0.07,0.374,0.083,0.494,0.066,0.689,0.92,0.823,0.205,0.512,0.365,0.835,0.037,0.353,0.236,0.974,0.126,0.625,0.079,0.783,0.57,0.279,0.392,0.987,0.808,0.945,0.69,0.685,0.737,0.256,0.498,0.317,0.966,0.75,0.112,0.4,0.862,0.795,0.095,0.178,0.761,0.115,0.206,0.245,0.131,0.772,0.05,0.033,0.397,0.447,0.221,0.474,0.645,0.157,0.056,0.92,0.296,0.6,0.912,0.983,0.511,0.91,0.386,0.749,0.668,0.73,0.11,0.188,0.0,0.729,0.475,0.908,0.676,0.523,0.353,0.198,0.521,0.655,0.138,0.335,0.671,0.38,0.26,0.463,0.05,0.654,0.52,0.99,0.601,0.908,0.253,0.974,0.554,0.423,0.844,0.608,0.252,0.092,0.717,0.201,0.298,0.361,0.738,0.021,0.544,0.396,0.535,0.898,0.684,0.288,0.994,0.267,0.294,0.477,0.024,0.789,0.694,0.814,0.55,0.021,0.967,0.096,0.051,0.307,0.587,0.405,0.396,0.768,0.485,0.495,0.313,0.76,0.555,0.347,0.703,0.586,0.789,0.454,0.593,0.823,0.279,0.106,0.523,0.91,0.106,0.483,0.221,0.06,0.716,0.212,0.099,0.396,0.608,0.325,0.52,0.18,0.649,0.927,0.28,0.887,0.678,0.35,0.934,0.838,0.609,0.512,0.663,0.384,0.659,0.48,0.082,0.167,0.538,0.149,0.261,0.792,0.763,0.862,0.476,0.947,0.912,0.376,0.004,0.84,0.277,0.888,0.406,0.894,0.892,0.103,0.493,0.05,0.785,0.986,0.261,0.404,0.132,0.949,0.709,0.342,0.414,0.192,0.422,0.615,0.819,0.119,0.899,0.79,0.116,0.83,0.635,0.191,0.048,0.414,0.193,0.231,0.204,0.114,0.058,0.744,0.575,0.059,0.681,0.179,0.646,0.375,0.066,0.787,0.309,0.078,0.709,0.399,0.647,0.029,0.688,0.997,0.444,0.412,0.706,0.843,0.523,0.443,0.459,0.253,0.332,0.099,0.21,0.286,0.813,0.551,0.103,0.183,0.188,0.944,0.308,0.102,0.158,0.12,0.804,0.682,0.151,0.235,0.715,0.647,0.021,0.801,0.059,0.287,0.436,0.245,0.684,0.137,0.779,0.297,0.762,0.218,0.973,0.771,0.508,0.626,0.845,0.156,0.772,0.988,0.26,0.693,0.896,0.574,0.638,0.936,0.941,0.103,0.501,0.921,0.229,0.589,0.562,0.406,0.713,0.849,0.4,0.719,0.599,0.545,0.011,0.738,0.28,0.411,0.275,0.039,0.035,0.761,0.548,0.273,0.781,0.27,0.135,0.039,0.322,0.281,0.508,0.178,0.994,0.334,0.674,0.255,0.072,0.037,0.652,0.35,0.202,0.882,0.354,0.71,0.285,0.075,0.822,0.046,0.887,0.472,0.64,0.359,0.592,0.669,0.691,0.848,0.599,0.99,0.389,0.013,0.554,0.748,0.176,0.261,0.99,0.482,0.618,0.622,0.397,0.687,0.96,0.758,0.364,0.439,0.286,0.176,0.433,0.554,0.186,0.348,0.292,0.192,0.704,0.593,0.823,0.578,0.16,0.886,0.07,0.138,0.499,0.751,0.339,0.881,0.367,0.078,0.193,0.347,0.063,0.11,0.351,0.306,0.792,0.795,0.167,0.022,0.898,0.263,0.854,0.089,0.948,0.71,0.941,0.365,0.321,0.88,0.205,0.879,0.167,0.973,0.506,0.994,0.365,0.342,0.94,0.494,0.363,0.473,0.184,0.85,0.54,0.655,0.466,0.823,0.812,0.586,0.785,0.928,0.317,0.05,0.49,0.793,0.937,0.155,0.469,0.142,0.839,0.186,0.454,0.969,0.29,0.573,0.837,0.3,0.854,0.631,0.864,0.071,0.776,0.715,0.885,0.77,0.017,0.403,0.02,0.654,0.917,0.914,0.504,0.906,0.269,0.252,0.978,0.683,0.443,0.877,0.137,0.996,0.872,0.499,0.992,0.413,0.845,0.043,0.881,0.328,0.17
2020-02-01 19:55:27,0.211,0.49,0.747,0.312,0.522,0.459,0.511,0.791,0.994,0.446,0.077,0.26,0.173,0.069,0.335,0.367,0.562,0.618,0.18,0.235,0.384,0.735,0.783,0.97,0.558,0.29,0.134,0.453,0.968,0.899,0.084,0.02,0.647,0.727,0.688,0.726,0.812,0.47,0.282,0.513,0.593,0.366,0.855,0.413,0.531,0.37,0.4,0.902,0.066,0.711,0.581,0.751,0.12,0.165,0.311,0.23,0.316,0.586,0.379,0.372,0.459,0.852,0.881,0.367,0.524,0.245,0.49,0.428,0.378,0.33,0.51,0.547,0.727,0.541,0.15,0.152,0.717,0.275,0.406,0.316,0.403,0.84,0.829,0.059,0.734,0.899,0.623,0.336,0.139,0.026,0.213,0.912,0.228,0.936,0.109,0.301,0.428,0.126,0.431,0.217,0.935,0.373,0.317,0.389,0.537,0.045,0.872,0.466,0.072,0.637,0.18,0.897,0.801,0.831,0.257,0.248,0.304,0.12,0.208,0.752,0.859,0.058,0.343,0.379,0.757,0.554,0.472,0.935,0.625,0.632,0.493,0.179,0.02,0.21,0.319,0.137,0.229,0.719,0.568,0.387,0.998,0.343,0.56,0.887,0.112,0.061,0.608,0.996,0.019,0.563,0.663,0.945,0.188,0.324,0.99,0.315,0.402,0.81,0.407,0.097,0.828,0.995,0.212,0.946,0.859,0.535,0.061,0.948,0.209,0.745,0.529,0.234,0.25,0.025,0.829,0.692,0.348,0.626,0.577,0.327,0.726,0.848,0.317,0.552,0.356,0.131,0.909,0.685,0.594,0.336,0.887,0.373,0.094,0.446,0.843,0.541,0.941,0.224,0.268,0.256,0.604,0.593,0.946,0.908,0.175,0.994,0.918,0.003,0.468,0.439,0.481,0.477,0.047,0.57,0.94,0.727,0.02,0.988,0.349,0.617,0.179,0.273,0.603,0.607,0.421,0.74,0.869,0.966,0.655,0.49,0.46,0.422,0.631,0.135,0.503,0.817,0.249,0.937,0.202,0.262,0.307,0.913,0.931,0.132,0.457,0.982,0.332,0.613,0.062,0.634,0.791,0.44,0.594,0.695,0.275,0.261,0.871,0.649,0.664,0.352,0.684,0.769,0.983,0.006,0.947,0.161,0.438,0.115,0.765,0.596,0.476,0.505,0.864,0.687,0.653,0.354,0.773,0.536,0.914,0.735,0.703,0.733,0.055,0.53,0.163,0.464,0.391,0.056,0.92,0.482,0.783,0.506,0.819,0.732,0.469,0.056,0.64,0.561,0.64,0.628,0.305,0.422,0.364,0.226,0.603,0.648,0.984,0.73,0.609,0.913,0.682,0.157,0.626,0.02,0.791,0.201,0.957,0.508,0.358,0.81,0.644,0.734,0.659,0.113,0.316,0.416,0.781,0.58,0.319,0.541,0.312,0.678,0.897,0.252,0.547,0.301,0.054,0.794,0.549,0.426,0.91,0.367,0.382,0.334,0.593,0.556,0.686,0.701,0.566,0.054,0.724,0.207,0.205,0.196,0.797,0.833,0.381,0.058,0.855,0.108,0.523,0.045,0.837,0.938,0.43,0.43,0.143,0.489,0.954,0.703,0.043,0.376,0.884,0.24,0.895,0.159,0.999,0.092,0.469,0.884,0.748,0.648,0.834,0.239,0.904,0.398,0.236,0.225,0.947,0.859,0.591,0.228,0.193,0.073,0.435,0.348,0.136,0.725,0.152,0.221,0.889,0.089,0.661,0.352,0.769,0.021,0.547,0.099,0.759,0.143,0.99,0.611,0.362,0.823,0.065,0.683,0.055,0.259,0.557,0.512,0.9,0.926,0.491,0.924,0.342,0.169,0.112,0.854,0.781,0.117,0.783,0.031,0.017,0.223,0.302,0.645,0.121,0.841,0.307,0.49,0.758,0.677,0.804,0.287,0.081,0.543,0.679,0.536,0.693,0.851,0.127,0.969,0.479,0.223,0.218,0.099,0.577,0.793,0.631,0.191,0.952,0.101,0.955,0.568,0.14,0.164,0.452,0.588,0.964,0.12,0.626,0.627,0.322,0.943,0.461,0.499,0.17,0.887,0.481,0.615,0.181,0.756,0.924,0.829,0.017,0.587,0.597,0.352,0.775,0.23,0.278,0.419,0.977,0.604,0.278,0.908,0.583,0.814,0.951,0.913,0.857,0.104,0.614,0.883,0.948,0.556,0.585,0.211,0.331,0.275,0.779,0.523
2020-02-01 19:55:27,0.008,0.209,0.966,0.185,0.878,0.659,0.318,0.932,0.807,0.347,0.165,0.051,0.891,0.203,0.776,0.674,0.598,0.42,0.951,0.906,0.664,0.511,0.678,0.587,0.937,0.475,0.831,0.241,0.582,0.231,0.138,0.281,0.519,0.06,0.823,0.75,0.577,0.416,0.48,0.837,0.91,0.395,0.632,0.036,0.449,0.462,0.151,0.649,0.582,0.365,0.435,0.839,0.392,0.287,0.772,0.441,0.221,0.734,0.559,0.021,0.066,0.554,0.893,0.832,0.074,0.977,0.751,0.338,0.662,0.235,0.337,0.798,0.664,0.339,0.957,0.424,0.019,0.564,0.615,0.538,0.095,0.33,0.117,0.534,0.284,0.101,0.087,0.573,0.998,0.046,0.194,0.901,0.181,0.466,0.902,0.03,0.797,0.696,0.317,0.547,0.379,0.362,0.091,0.519,0.201,0.776,0.468,0.465,0.405,0.218,0.343,0.013,0.162,0.067,0.317,0.041,0.771,0.048,0.521,0.458,0.083,0.229,0.522,0.096,0.852,0.332,0.981,0.895,0.323,0.872,0.953,0.543,0.943,0.956,0.187,0.761,0.467,0.665,0.543,0.767,0.976,0.12,0.245,0.625,0.641,0.183,0.055,0.263,0.061,0.28,0.681,0.988,0.892,0.202,0.395,0.325,0.795,0.336,0.13,0.18,0.097,0.775,0.193,0.198,0.777,0.308,0.914,0.236,0.144,0.11,0.64,0.345,0.794,0.977,0.808,0.741,0.781,0.082,0.489,0.201,0.577,0.782,0.327,0.119,0.316,0.551,0.768,0.04,0.222,0.144,0.4,0.014,0.475,0.112,0.707,0.037,0.238,0.623,0.856,0.848,0.479,0.398,0.811,0.578,0.771,0.28,0.463,0.16,0.037,0.419,0.941,0.67,0.098,0.719,0.736,0.321,0.848,0.925,0.629,0.805,0.025,0.973,0.766,0.611,0.47,0.277,0.099,0.656,0.786,0.399,0.22,0.837,0.174,0.064,0.214,0.456,0.987,0.383,0.105,0.724,0.635,0.726,0.187,0.688,0.133,0.768,0.803,0.886,0.282,0.7,0.822,0.356,0.938,0.14,0.862,0.542,0.321,0.749,0.937,0.24,0.873,0.085,0.877,0.421,0.577,0.655,0.527,0.705,0.62,0.853,0.248,0.351,0.705,0.733,0.812,0.853,0.546,0.716,0.022,0.177,0.102,0.701,0.208,0.543,0.538,0.346,0.641,0.073,0.701,0.492,0.285,0.345,0.067,0.238,0.592,0.198,0.709,0.444,0.263,0.826,0.715,0.391,0.001,0.6,0.387,0.998,0.396,0.342,0.397,0.123,0.506,0.854,0.158,0.529,0.109,0.623,0.276,0.41,0.71,0.654,0.803,0.209,0.026,0.052,0.811,0.12,0.281,0.064,0.182,0.968,0.692,0.013,0.531,0.811,0.936,0.488,0.733,0.324,0.973,0.563,0.958,0.459,0.146,0.241,0.034,0.46,0.31,0.087,0.355,0.291,0.281,0.717,0.092,0.235,0.286,0.518,0.705,0.486,0.967,0.036,0.86,0.734,0.178,0.654,0.551,0.031,0.186,0.274,0.313,0.599,0.644,0.93,0.24,0.274,0.341,0.071,0.083,0.919,0.892,0.953,0.497,0.907,0.673,0.862,0.559,0.214,0.098,0.37,0.148,0.204,0.217,0.277,0.175,0.725,0.127,0.11,0.581,0.914,0.052,0.59,0.764,0.888,0.227,0.788,0.096,0.932,0.887,0.441,0.103,0.476,0.192,0.728,0.039,0.954,0.164,0.376,0.941,0.543,0.183,0.729,0.478,0.877,0.028,0.201,0.396,0.649,0.137,0.4,0.658,0.044,0.541,0.796,0.189,0.275,0.05,0.461,0.624,0.721,0.838,0.118,0.764,0.048,0.373,0.037,0.889,0.248,0.902,0.703,0.41,0.209,0.523,0.143,0.499,0.257,0.953,0.944,0.227,0.141,0.489,0.402,0.685,0.984,0.518,0.216,0.516,0.287,0.293,0.315,0.733,0.627,0.91,0.56,0.761,0.331,0.21,0.206,0.558,0.463,0.006,0.927,0.124,0.561,0.074,0.441,0.121,0.338,0.783,0.652,0.829,0.699,0.898,0.157,0.988,0.052,0.555,0.314,0.532,0.461,0.148,0.056,0.854,0.566,0.188,0.016,0.762,0.756,0.597,0.786,0.23,0.827,0.762,0.383
2020-02-01 19:55:27,0.146,0.892,0.411,0.996,0.62,0.911,0.153,0.505,0.954,0.395,0.834,0.576,0.056,0.507,0.386,0.647,0.696,0.072,0.188,0.651,0.182,0.74,0.738,0.768,0.752,0.437,0.709,0.94,0.316,0.895,0.144,0.299,0.322,0.036,0.986,0.583,0.914,0.475,0.638,0.992,0.579,0.74,0.261,0.448,0.64,0.128,0.414,0.725,0.834,0.96,0.177,0.751,0.017,0.266,0.41,0.763,0.559,0.501,0.683,0.359,0.673,0.09,0.931,0.853,0.934,0.121,0.346,0.241,0.136,0.744,0.457,0.092,0.151,0.848,0.765,0.403,0.617,0.323,0.632,0.499,0.544,0.33,0.05,0.054,0.764,0.508,0.793,0.788,0.133,0.951,0.69,0.335,0.012,0.208,0.101,0.561,0.024,0.599,0.233,1.0,0.468,0.467,0.815,0.723,0.144,0.145,0.791,0.937,0.787,0.912,0.58,0.274,0.063,0.483,0.779,0.613,0.731,0.946,0.052,0.392,0.247,0.92,0.982,0.08,0.048,0.073,0.721,0.649,0.231,0.858,0.51,0.164,0.998,0.023,0.812,0.231,0.262,0.859,0.267,0.858,0.023,0.543,0.204,0.35,0.226,0.961,0.504,0.847,0.035,0.979,0.188,0.553,0.377,0.002,0.261,0.727,0.051,0.244,0.105,0.975,0.52,0.445,0.376,0.655,0.958,0.374,0.839,0.994,0.89,0.051,0.678,0.09,0.745,0.783,0.827,0.719,0.317,0.14,0.213,0.894,0.94,0.928,0.267,0.636,0.394,0.682,0.357,0.732,0.825,0.555,0.381,0.782,0.969,0.263,0.093,0.975,0.295,0.356,0.337,0.119,0.693,0.266,0.936,0.093,0.551,0.885,0.735,0.799,0.14,0.839,0.34,0.692,0.384,0.873,0.096,0.192,0.652,0.89,0.661,0.898,0.599,0.534,0.852,0.248,0.217,0.473,0.058,0.039,0.296,0.332,0.106,0.627,0.904,0.401,0.234,0.386,0.739,0.072,0.998,0.844,0.72,0.94,0.561,0.496,0.145,0.022,0.526,0.193,0.301,0.172,0.477,0.396,0.561,0.418,0.237,0.026,0.025,0.861,0.762,0.611,0.472,0.397,0.445,0.558,0.704,0.576,0.278,0.097,0.549,0.567,0.826,0.5,0.157,0.11,0.636,0.223,0.228,0.891,0.964,0.232,0.98,0.91,0.464,0.737,0.947,0.286,0.177,0.934,0.399,0.041,0.142,0.371,0.65,0.312,0.88,0.988,0.568,0.939,0.894,0.87,0.426,0.679,0.321,0.015,0.281,0.37,0.797,0.78,0.27,0.954,0.149,0.071,0.214,0.723,0.796,0.918,0.153,0.063,0.066,0.361,0.28,0.507,0.194,0.553,0.404,0.778,0.255,0.062,0.014,0.848,0.929,0.147,0.902,0.598,0.783,0.868,0.2,0.158,0.738,0.429,0.469,0.476,0.119,0.481,0.006,0.768,0.305,0.419,0.1,0.211,0.024,0.335,0.273,0.616,0.058,0.018,0.404,0.931,0.454,0.191,0.615,0.827,0.795,0.654,0.65,0.131,0.223,0.052,0.776,0.605,0.12,0.724,0.986,0.683,0.754,0.336,0.087,0.862,0.556,0.559,0.654,0.763,0.702,0.654,0.123,0.908,0.749,0.828,0.485,0.118,0.969,0.394,0.891,0.07,0.379,0.517,0.23,0.221,0.038,0.558,0.635,0.374,0.574,0.45,0.702,0.253,0.78,0.218,0.838,0.949,0.572,0.825,0.415,0.789,0.035,0.954,0.668,0.898,0.039,0.116,0.437,0.437,0.378,0.141,0.979,0.978,0.787,0.956,0.989,0.753,0.16,0.396,0.556,0.737,0.988,0.608,0.666,0.101,0.308,0.111,0.199,0.476,0.728,0.077,0.036,0.974,0.701,0.484,0.392,0.968,0.925,0.606,0.317,0.092,0.609,0.486,0.752,0.399,0.053,0.682,0.278,0.233,0.918,0.75,0.037,0.794,0.24,0.976,0.436,0.697,0.067,0.804,0.764,0.229,0.935,0.64,0.299,0.333,0.354,0.124,0.728,0.498,0.013,0.066,0.863,0.622,0.69,0.892,0.54,0.626,0.037,0.558,0.36,0.091,0.561,0.518,0.264,0.15,0.723,0.414,0.66,0.198,0.328,0.479,0.935,0.603,0.362,0.26,0.878,0.235,0.808,0.23
2020-02-01 19:55:27,0.475,0.686,0.704,0.236,0.09,0.839,0.957,0.887,0.813,0.982,0.4,0.376,0.394,0.726,0.757,0.402,0.554,0.185,0.983,0.394,0.459,0.851,0.342,0.552,0.458,0.157,0.538,0.354,0.736,0.322,0.087,0.864,0.031,0.756,0.987,0.032,0.833,0.433,0.44,0.019,0.23,0.138,0.586,0.023,0.27,0.359,0.744,0.159,0.429,0.263,0.388,0.197,0.847,0.234,0.726,0.121,0.544,0.009,0.56,0.296,0.077,0.304,0.808,0.737,0.802,0.354,0.061,0.475,0.447,0.868,0.388,0.965,0.249,0.82,0.961,0.238,0.964,0.226,0.988,0.124,0.186,0.488,0.925,0.005,0.681,0.231,0.602,0.884,0.942,0.496,0.931,0.061,0.913,0.131,0.192,0.006,0.508,0.217,0.577,0.071,0.184,0.098,0.391,0.856,0.748,0.245,0.956,0.541,0.856,0.2,0.741,0.592,0.16,0.206,0.485,0.023,0.535,0.708,0.402,0.065,0.27,0.654,0.362,0.141,0.594,0.769,0.462,0.544,0.778,0.094,0.306,0.522,0.813,0.224,0.445,0.868,0.608,0.814,0.841,0.588,0.532,0.947,0.107,0.699,0.578,0.711,0.154,0.582,0.043,0.026,0.233,0.493,0.591,0.058,0.615,0.774,0.944,0.114,0.493,0.952,0.992,0.638,0.922,0.375,0.024,0.546,0.311,0.457,0.327,0.531,0.766,0.07,0.738,0.333,0.589,0.068,0.134,0.445,0.96,0.294,0.584,0.728,0.302,0.805,0.644,0.255,0.371,0.378,0.022,0.877,0.259,0.279,0.704,0.85,0.682,0.048,0.07,0.014,0.331,0.798,0.057,0.123,0.529,0.447,0.907,0.358,0.433,0.202,0.321,0.587,0.167,0.701,0.176,0.021,0.87,0.344,0.669,0.197,0.886,0.548,0.298,0.769,0.577,0.646,0.432,0.41,0.845,0.869,0.586,0.152,0.636,0.801,0.064,0.966,0.285,0.172,0.098,0.097,0.368,0.52,0.326,0.172,0.543,0.489,0.915,0.026,0.584,0.026,0.114,0.761,0.135,0.975,0.089,0.807,0.899,0.417,0.134,0.518,0.756,0.989,0.595,0.6,0.358,0.797,0.617,0.151,0.581,0.756,0.271,0.006,0.623,0.027,0.036,0.945,0.018,0.616,0.192,0.184,0.631,0.57,0.596,0.824,0.777,0.085,0.22,0.104,0.894,0.501,0.866,0.638,0.832,0.442,0.005,0.141,0.673,0.632,0.68,0.407,0.532,0.092,0.086,0.659,0.126,0.919,0.114,0.78,0.633,0.322,0.553,0.877,0.201,0.92,0.851,0.786,0.477,0.867,0.47,0.682,0.292,0.276,0.753,0.915,0.236,0.066,0.687,0.674,0.887,0.698,0.853,0.229,0.479,0.878,0.794,0.842,0.658,0.358,0.402,0.503,0.426,0.775,0.998,0.561,0.727,0.564,0.141,0.96,0.707,0.729,0.331,0.748,0.11,0.869,0.829,0.396,0.735,0.657,0.925,0.418,0.954,0.026,0.702,0.367,0.55,0.79,0.928,0.951,0.823,0.311,0.532,0.418,0.677,0.249,0.469,0.792,0.401,0.401,0.062,0.525,0.484,0.14,0.671,0.325,0.273,0.189,0.703,0.427,0.015,0.58,0.333,0.492,0.049,0.713,0.131,0.773,0.549,0.451,0.683,0.67,0.214,0.618,0.682,0.092,0.142,0.998,0.763,0.679,0.858,0.48,0.978,0.553,0.07,0.515,0.578,0.466,0.482,0.355,0.346,0.389,0.493,0.219,0.826,0.537,0.093,0.002,0.233,0.554,0.471,0.728,0.427,0.532,0.929,0.166,0.587,0.737,0.792,0.355,0.502,0.912,0.581,0.892,0.821,0.656,0.708,0.52,0.432,0.644,0.667,0.025,0.169,0.442,0.792,0.757,0.724,0.547,0.311,0.828,0.977,0.92,0.841,0.632,0.74,0.204,0.923,0.896,0.155,0.888,0.068,0.69,0.489,0.173,0.752,0.167,0.143,0.185,0.773,0.803,0.773,0.181,0.937,0.158,0.872,0.197,0.822,0.086,0.32,0.571,0.77,0.281,0.739,0.302,0.034,0.156,0.341,0.115,0.733,0.207,0.007,0.688,0.517,0.597,0.025,0.991,0.055,0.737,0.67,0.853,0.286,0.753,0.05,0.313,0.473,0.741
2020-02-01 19:55:27,0.944,0.719,0.898,0.171,0.107,0.126,0.496,0.713,0.846,0.647,0.783,0.971,0.957,0.727,0.326,0.844,0.686,0.783,0.903,0.196,0.552,0.421,0.325,0.744,0.048,0.027,0.856,0.68,0.66,0.947,0.149,0.367,0.49,0.35,0.655,0.541,0.808,0.274,0.468,0.103,0.953,0.677,0.783,0.449,0.714,0.044,0.012,0.656,0.994,0.54,0.371,0.945,0.171,0.672,0.616,0.219,0.452,0.889,0.692,0.264,0.783,0.696,0.105,0.094,0.747,0.508,0.528,0.094,0.832,0.886,0.671,0.038,0.505,0.854,0.492,0.443,0.605,0.553,0.458,0.906,0.492,0.966,0.261,0.07,0.938,0.668,0.015,0.387,0.154,0.667,0.098,0.868,0.927,0.5,0.246,0.578,0.19,0.722,0.501,0.064,0.541,0.702,0.267,0.757,0.631,0.059,0.005,0.674,0.479,0.774,0.065,0.808,0.393,0.781,0.268,0.718,0.838,0.145,0.587,0.664,0.351,0.842,0.765,0.329,0.87,0.185,0.485,0.609,0.533,0.535,0.657,0.624,0.181,0.779,0.668,0.993,0.756,0.358,0.323,0.276,0.409,0.793,0.392,0.533,0.446,0.689,0.82,0.467,0.441,0.666,0.87,0.809,0.916,0.928,0.743,0.939,0.52,0.116,0.604,0.972,0.702,0.048,0.503,0.919,0.229,0.26,0.223,0.879,0.606,0.096,0.316,0.798,0.38,0.11,0.397,0.021,0.012,1.0,0.061,0.488,0.724,0.397,0.385,0.786,0.864,0.645,0.913,0.848,0.068,0.354,0.318,0.267,0.075,0.319,0.944,0.239,0.351,0.065,0.16,0.883,0.306,0.217,0.711,0.574,0.088,0.988,0.987,0.551,0.611,0.288,0.245,0.382,0.434,0.882,0.044,0.658,0.781,0.532,0.733,0.895,0.664,0.732,0.142,0.787,0.754,0.163,0.959,0.128,0.802,0.549,0.64,0.915,0.813,0.281,0.394,0.507,0.958,0.152,0.296,0.943,0.507,0.821,0.803,0.716,0.528,0.913,0.622,0.961,0.602,0.221,0.258,0.943,0.203,0.667,0.326,0.503,0.418,0.821,0.053,0.199,0.475,0.337,0.03,0.196,0.378,0.526,0.407,0.37,0.397,0.256,0.241,0.002,0.765,0.579,0.065,0.393,0.622,1.0,0.414,0.146,0.551,0.486,0.551,0.068,0.504,0.283,0.033,0.286,0.439,0.256,0.076,0.723,0.388,0.684,0.01,0.771,0.691,0.668,0.663,0.982,0.641,0.518,0.779,0.32,0.156,0.223,0.813,0.951,0.419,0.978,0.86,0.623,0.629,0.174,0.852,0.234,0.7,0.896,0.304,0.576,0.739,0.014,0.099,0.067,0.702,0.707,0.17,0.746,0.552,0.708,0.501,0.132,0.635,0.39,0.346,0.252,0.543,0.728,0.8,0.356,0.567,0.565,0.688,0.877,0.635,0.59,0.321,0.218,0.059,0.571,0.284,0.825,0.803,0.38,0.901,0.809,0.703,0.761,0.486,0.887,0.785,0.837,0.801,0.944,0.813,0.68,0.538,0.277,0.293,0.997,0.527,0.439,0.182,0.764,0.86,0.434,0.373,0.992,0.444,0.919,0.366,0.779,0.415,0.869,0.637,0.768,0.236,0.231,0.104,0.484,0.127,0.4,0.204,0.656,0.119,0.072,0.662,0.503,0.362,0.325,0.065,0.611,0.359,0.747,0.926,0.229,0.938,0.298,0.338,0.172,0.534,0.076,0.64,0.537,0.555,0.977,0.351,0.981,0.219,0.665,0.737,0.509,0.375,0.347,0.824,0.248,0.2,0.992,0.007,0.989,0.744,0.295,0.207,0.592,0.219,0.507,0.668,0.558,0.393,0.613,0.812,0.803,0.964,0.153,0.997,0.013,0.5,0.412,0.563,0.922,0.234,0.231,0.28,0.904,0.602,0.687,0.375,0.973,0.396,0.209,0.867,0.879,0.526,0.733,0.481,0.261,0.133,0.026,0.559,0.618,0.383,0.718,0.77,0.138,0.65,0.528,0.997,0.785,0.23,0.215,0.607,0.515,0.083,0.975,0.23,0.566,0.838,0.063,0.266,0.803,0.276,0.81,0.312,0.495,0.224,0.788,0.42,0.681,0.194,0.29,0.9,0.112,0.26,0.667,0.854,0.198,0.169,0.27,0.191,0.775,0.12,0.794
2020-02-01 19:55:27,0.095,0.706,0.795,0.81,0.771,0.3,0.289,0.744,0.185,0.789,0.536,0.126,0.756,0.592,0.153,0.487,0.788,0.006,0.781,0.301,0.649,0.926,0.793,0.05,0.758,0.444,0.932,0.858,0.384,0.145,0.489,0.347,0.616,0.028,0.14,0.699,0.86,0.191,0.882,0.685,0.308,0.909,0.188,0.381,0.176,0.438,0.852,0.537,0.638,0.034,0.708,0.398,0.56,0.238,0.319,0.383,0.413,0.806,0.578,0.168,0.375,0.277,0.306,0.356,0.05,0.659,0.718,0.181,0.009,0.162,0.338,0.077,0.22,0.018,0.61,0.496,0.439,0.094,0.485,0.106,0.658,0.784,0.009,0.693,0.06,0.137,0.899,0.39,0.258,0.634,0.289,0.828,0.134,0.496,0.726,0.284,0.344,0.739,0.894,0.739,0.478,0.632,0.108,0.553,0.026,0.732,0.259,0.548,0.873,0.971,0.384,0.024,0.364,0.704,0.637,0.545,0.996,0.13,0.807,0.738,0.105,0.49,0.524,0.883,0.373,0.237,0.292,0.434,0.212,0.22,0.834,0.344,0.22,0.182,0.526,0.178,0.973,0.079,0.107,0.644,0.043,0.224,0.671,0.635,0.504,0.445,0.747,0.659,0.436,0.057,0.329,0.195,0.388,0.88,0.778,0.879,0.787,0.753,0.642,0.356,0.308,0.374,0.311,0.673,0.709,0.216,0.183,0.928,0.282,0.73,0.092,0.805,0.617,0.932,0.499,0.43,0.129,0.396,0.718,0.007,0.565,0.35,0.471,0.149,0.842,0.703,0.567,0.511,0.636,0.061,0.163,0.361,0.103,1.0,0.01,0.234,0.877,0.703,0.969,0.616,0.948,0.156,0.849,0.237,0.159,0.137,0.333,0.432,0.267,0.347,0.084,0.81,0.571,0.589,0.203,0.289,0.429,0.273,0.59,0.258,0.613,0.797,0.673,0.858,0.421,0.689,0.133,0.866,0.617,0.891,0.097,0.946,0.578,0.008,0.249,0.636,0.047,0.907,0.673,0.839,0.423,0.621,0.841,0.25,0.007,0.078,0.543,0.439,0.761,0.635,0.013,0.745,0.818,0.854,0.885,0.588,0.238,0.605,0.169,0.659,0.403,0.324,0.307,0.329,0.717,0.942,0.425,0.315,0.679,0.469,0.661,0.393,0.598,0.912,0.692,0.221,0.179,0.222,0.5,0.816,0.095,0.571,0.56,0.891,0.971,0.788,0.545,0.946,0.122,0.661,0.068,0.294,0.342,0.993,0.773,0.442,0.005,0.387,0.278,0.975,0.129,0.514,0.72,0.497,0.134,0.299,0.166,0.203,0.041,0.702,0.839,0.153,0.572,0.513,0.394,0.277,0.61,0.316,0.612,0.761,0.749,0.333,0.201,0.12,0.73,0.88,0.398,0.9,0.023,0.512,0.148,0.139,0.961,0.214,0.342,0.749,0.985,0.047,0.096,0.458,0.841,0.527,0.676,0.647,0.676,0.403,0.053,0.91,0.187,0.758,0.229,0.403,0.666,0.832,0.295,0.353,0.273,0.914,0.421,0.602,0.941,0.575,0.617,0.547,0.482,0.216,0.749,0.826,0.432,0.431,0.408,0.166,0.822,0.399,0.475,0.632,0.043,0.367,0.22,0.533,0.705,0.487,0.297,0.596,0.636,0.715,0.131,0.862,0.882,0.606,0.239,0.929,0.283,0.273,0.663,0.682,0.605,0.099,0.808,0.48,0.503,0.33,0.946,0.263,0.965,0.696,0.154,0.973,0.477,0.71,0.427,0.228,0.473,0.564,0.65,0.324,0.808,0.354,0.238,0.017,0.383,0.881,0.718,0.701,0.784,0.462,0.176,0.152,0.384,0.205,0.8,0.883,0.701,0.521,0.97,0.85,0.732,0.533,0.119,0.608,0.482,0.536,0.07,0.48,0.417,0.476,0.742,0.651,0.807,0.093,0.824,0.435,0.76,0.5,0.296,0.43,0.932,0.31,0.611,0.849,0.525,0.347,0.838,0.315,0.173,0.506,0.185,0.49,0.65,0.797,0.55,0.779,0.687,0.777,0.964,0.48,0.327,0.005,0.609,0.169,0.72,0.474,0.752,0.777,0.153,0.999,0.527,0.539,0.276,0.377,0.375,0.524,0.321,0.992,0.899,0.182,0.99,0.731,0.717,0.281,0.26,0.519,0.438,0.223,0.344,0.635,0.33,0.786,0.871,0.186,0.761,0.378
2020-02-01 19:55:27,0.771,0.178,0.012,0.01,0.109,0.437,0.054,0.794,0.612,0.243,0.639,0.019,0.845,0.761,0.396,0.057,0.915,0.258,1.0,0.765,0.563,0.734,0.467,0.257,0.992,0.804,0.973,0.768,0.995,0.726,0.313,0.685,0.849,0.661,0.68,0.577,0.983,0.563,0.855,0.34,0.092,0.708,0.504,0.315,0.401,0.824,0.097,0.536,0.717,0.5,0.746,0.876,0.704,0.182,0.369,0.003,0.069,0.281,0.319,0.513,0.275,0.447,0.541,0.036,0.932,0.537,0.654,0.971,0.401,0.291,0.616,0.278,0.698,0.457,0.476,0.44,0.625,0.29,0.525,0.454,0.953,0.246,0.834,0.409,0.317,0.612,0.465,0.014,0.489,0.458,0.637,0.586,0.977,0.575,0.606,0.966,0.737,0.874,0.224,0.489,0.736,0.834,0.697,0.161,0.195,0.077,0.746,0.28,0.086,0.771,0.96,0.66,0.067,0.424,0.811,0.661,0.516,0.842,0.672,0.583,0.483,0.754,0.173,0.835,0.007,0.262,0.195,0.6,0.676,0.435,0.948,0.879,0.582,0.865,0.777,0.478,0.094,0.006,0.697,0.942,0.408,0.365,0.619,0.389,0.3,0.697,0.799,0.612,0.71,0.151,0.919,0.32,0.171,0.935,0.309,0.333,0.753,0.866,0.644,0.287,0.804,0.573,0.497,0.457,0.183,0.883,0.795,0.704,0.078,0.073,0.166,0.182,0.415,0.892,0.197,0.311,0.493,0.834,0.248,0.653,0.462,0.099,0.583,0.446,0.075,0.523,0.589,0.992,0.312,0.464,0.157,0.609,0.367,0.821,0.196,0.041,0.712,0.164,0.533,0.068,0.424,0.258,0.099,0.156,0.539,0.858,0.661,0.98,0.294,0.253,0.359,0.072,0.998,0.936,0.09,0.015,0.017,0.135,0.499,0.308,0.413,0.15,0.65,0.524,0.398,0.877,0.354,0.038,0.338,0.944,0.481,0.521,0.637,0.203,0.639,0.582,0.4,0.551,0.136,0.049,0.0,0.475,0.99,0.225,0.974,0.274,0.663,0.662,0.374,0.51,0.217,0.253,0.16,0.682,0.655,0.488,0.036,0.387,0.016,0.002,0.731,0.821,0.823,0.373,0.849,0.804,0.82,0.988,0.647,0.919,0.374,0.442,0.103,0.857,0.374,0.073,0.367,0.423,0.099,0.484,0.16,0.715,0.527,0.731,0.564,0.898,0.079,0.808,0.366,0.439,0.105,0.014,0.733,0.103,0.296,0.643,0.656,0.943,0.486,0.837,0.662,0.333,0.097,0.91,0.148,0.413,0.67,0.514,0.46,0.929,0.963,0.675,0.816,0.758,0.842,0.665,0.654,0.013,0.184,0.401,0.491,0.44,0.633,0.87,0.998,0.46,0.691,0.163,0.43,0.863,0.166,0.85,0.423,0.546,0.225,0.431,0.881,0.939,0.523,0.013,0.885,0.676,0.506,0.307,0.926,0.089,0.997,0.572,0.539,0.423,0.997,0.766,0.366,0.555,0.617,0.523,0.01,0.363,0.032,0.378,0.55,0.576,0.376,0.631,0.316,0.964,0.39,0.655,0.542,0.036,0.236,0.92,0.417,0.633,0.685,0.51,0.981,0.86,0.696,0.077,0.951,0.924,0.1,0.318,0.336,0.13,0.01,0.69,0.459,0.998,0.151,0.212,0.325,0.281,0.582,0.233,0.122,0.24,0.362,0.425,0.272,0.436,0.264,0.368,0.383,0.114,0.339,0.001,0.453,0.283,0.24,0.556,0.229,0.919,0.869,0.555,0.035,0.678,0.284,0.456,0.098,0.469,0.463,0.609,0.607,0.915,0.802,0.975,0.523,0.52,0.081,0.493,0.181,0.362,0.5,0.277,0.149,0.834,0.838,0.016,0.888,0.036,0.033,0.856,0.051,0.206,0.17,0.923,0.812,0.222,0.794,0.847,0.007,0.645,0.144,0.277,0.858,0.405,0.029,0.193,0.866,0.776,0.316,0.548,0.749,0.975,0.34,0.937,0.767,0.341,0.059,0.022,0.28,0.169,0.336,0.717,0.981,0.063,0.374,0.352,0.195,0.409,0.605,0.04,0.964,0.39,0.935,0.219,0.343,0.121,0.858,0.863,0.385,0.2,0.123,0.474,0.647,0.391,0.299,0.108,0.903,0.422,0.968,0.593,0.743,0.206,0.796,0.714,0.142,0.907,0.714,0.983
2020-02-01 19:55:27,0.057,0.721,0.192,0.152,0.311,0.027,0.844,0.101,0.264,0.741,0.692,0.788,0.806,0.46,0.164,0.742,0.723,0.954,0.003,0.945,0.735,0.502,0.694,0.792,0.752,0.52,0.67,0.985,0.519,0.407,0.62,0.801,0.646,0.286,0.562,0.375,0.371,0.345,0.961,0.649,0.447,0.629,0.36,0.889,0.344,0.227,0.227,0.693,0.726,0.071,0.188,0.532,0.962,0.728,0.312,0.259,0.158,0.424,0.24,0.127,0.119,0.051,0.197,0.452,0.445,0.731,0.05,0.264,0.449,0.969,0.329,0.594,0.658,0.621,0.976,0.908,0.826,0.846,0.736,0.785,0.151,0.728,0.359,0.538,0.952,0.434,0.591,0.68,0.741,0.95,0.82,0.733,0.637,0.322,0.759,0.089,0.188,0.625,0.752,0.858,0.421,0.442,0.156,0.98,0.457,0.143,0.032,0.829,0.416,0.748,0.311,0.137,0.97,0.042,0.53,0.232,0.941,0.109,0.756,0.917,0.526,0.133,0.775,0.454,0.805,0.711,0.052,0.266,0.916,0.199,0.689,0.377,0.722,0.12,0.459,0.546,0.868,0.157,0.876,0.386,0.037,0.855,0.498,0.698,0.872,0.305,0.525,0.969,0.636,0.787,0.669,0.227,0.417,0.257,0.652,0.705,0.509,0.1,0.895,0.703,0.209,0.953,0.853,0.892,0.929,0.978,0.308,0.459,0.813,0.089,0.398,0.875,0.846,0.543,0.294,0.246,0.943,0.641,0.383,0.031,0.653,0.877,0.137,0.534,0.596,0.577,0.762,0.873,0.006,0.044,0.233,0.634,0.132,0.452,0.677,0.447,0.591,0.925,0.948,0.612,0.553,0.425,0.754,0.473,0.26,0.716,0.694,0.113,0.467,0.374,0.481,0.8,0.213,0.421,0.491,0.777,0.608,0.252,0.572,0.664,0.639,0.675,0.636,0.088,0.134,0.637,0.941,0.39,0.52,0.351,0.06,0.716,0.12,0.091,0.489,0.166,0.08,0.1,0.47,0.188,0.423,0.037,0.276,0.926,0.426,0.611,0.195,0.56,0.705,0.368,0.819,0.158,0.361,0.302,0.076,0.295,0.798,0.962,0.085,0.106,0.573,0.739,0.99,0.016,0.036,0.368,0.146,0.696,0.926,0.117,0.258,0.575,0.916,0.535,0.023,0.02,0.718,0.475,0.671,0.04,0.683,0.286,0.718,0.514,0.238,0.291,0.916,0.768,0.556,0.048,0.337,0.282,0.032,0.938,0.285,0.668,0.282,0.704,0.348,0.724,0.02,0.74,0.42,0.945,0.354,0.62,0.076,0.308,0.95,0.455,0.095,0.224,0.078,0.183,0.042,0.196,0.71,0.009,0.673,0.551,0.161,0.068,0.852,0.662,0.81,0.865,0.753,0.421,0.814,0.657,0.346,0.814,0.908,0.35,0.383,0.224,0.08,0.918,0.953,0.291,0.466,0.728,0.136,0.898,0.972,0.942,0.717,0.675,0.252,0.381,0.414,0.193,0.804,0.047,0.051,0.975,0.004,0.784,0.846,0.854,0.709,0.626,0.895,0.757,0.818,0.706,0.832,0.546,0.549,0.738,0.19,0.167,0.857,0.835,0.174,0.932,0.769,0.838,0.662,0.913,0.075,0.463,0.21,0.227,0.499,0.977,0.462,0.031,0.743,0.689,0.138,0.864,0.175,0.837,0.655,0.222,0.422,0.313,0.579,0.087,0.73,0.858,0.437,0.119,0.092,0.74,0.017,0.495,0.609,0.729,0.741,0.147,0.559,0.952,0.383,0.818,0.898,0.224,0.998,0.652,0.823,0.4,0.337,0.149,0.922,0.947,0.128,0.621,0.014,0.262,0.631,0.095,0.606,0.82,0.271,0.807,0.401,0.35,0.567,0.307,0.537,0.116,0.932,0.45,0.612,0.194,0.399,0.983,0.633,0.002,0.816,0.88,0.407,0.804,0.187,0.458,0.598,0.369,0.133,0.517,0.275,0.512,0.114,0.98,0.142,0.169,0.35,0.153,0.971,0.469,0.06,0.702,0.664,0.055,0.33,0.691,0.18,0.035,0.319,0.698,0.986,0.5,0.876,0.993,0.286,0.717,0.515,0.725,0.66,0.813,0.339,0.967,0.046,0.749,0.735,0.126,0.922,0.117,0.435,0.79,0.895,0.099,0.323,0.155,0.737,0.116,0.293,0.106,0.253,0.138,0.967,0.335
2020-02-01 19:55:27,0.557,0.955,0.824,0.837,0.921,0.954,0.329,0.322,0.872,0.59,0.35,0.354,0.372,0.834,0.269,0.114,0.23,0.878,0.512,0.501,0.809,0.647,0.708,0.201,0.708,0.408,0.887,0.545,0.109,0.799,0.184,0.295,0.324,0.273,0.527,0.106,0.618,0.494,0.903,0.246,0.173,0.553,0.236,0.989,0.431,0.956,0.013,0.588,0.849,0.466,0.137,0.332,0.102,0.061,0.437,0.999,0.97,0.153,0.978,0.866,0.756,0.508,0.869,0.346,0.116,0.309,0.055,0.354,0.788,0.665,0.607,0.415,0.291,0.758,0.488,0.307,0.359,0.458,0.058,0.097,0.268,0.442,0.492,0.716,0.458,0.596,0.966,0.976,0.123,0.479,0.764,0.124,0.33,0.523,0.801,0.836,0.921,0.89,0.031,0.927,0.211,0.664,0.671,0.862,0.723,0.587,0.095,0.567,0.109,0.217,0.471,0.897,0.206,0.75,0.601,0.434,0.928,0.452,0.325,0.167,0.363,0.597,0.68,0.026,0.01,0.362,0.315,0.057,0.37,0.823,0.796,0.645,0.741,0.709,0.398,0.043,0.565,0.567,0.048,0.161,0.584,0.529,0.987,0.181,0.441,0.714,0.93,0.771,0.486,0.804,0.636,0.323,0.922,0.648,0.001,0.386,0.304,0.994,0.263,0.358,0.199,0.35,0.844,0.825,0.999,0.344,0.019,0.597,0.004,0.093,0.248,0.521,0.677,0.447,0.68,0.871,0.854,0.573,0.187,0.342,0.636,0.236,0.416,0.43,0.032,0.148,0.737,0.478,0.85,0.787,0.97,0.489,0.343,0.438,0.325,0.765,0.269,0.051,0.302,0.887,0.949,0.521,0.616,0.434,0.782,0.776,0.96,0.341,0.497,0.205,0.113,0.697,0.717,0.565,0.856,0.635,0.073,0.036,0.479,0.552,0.238,0.352,0.919,0.996,0.822,0.489,0.84,0.715,0.179,0.157,0.627,0.266,0.932,0.306,0.876,0.792,0.748,0.971,0.259,0.766,0.547,0.882,0.061,0.9,0.05,0.487,0.581,0.279,0.883,0.063,0.815,0.631,0.637,0.872,0.4,0.294,0.76,0.111,0.236,0.648,0.257,0.274,0.604,0.104,0.899,0.509,0.871,0.539,0.322,0.278,0.867,0.589,0.095,0.078,0.921,0.46,0.27,0.161,0.994,0.95,0.28,0.565,0.299,0.722,0.863,0.024,0.581,0.092,0.369,0.041,0.444,0.124,0.263,0.775,0.162,0.524,0.927,0.216,0.72,0.921,0.338,0.563,0.243,0.89,0.982,0.213,0.019,0.653,0.554,0.55,0.067,0.447,0.498,0.423,0.141,0.923,0.744,0.668,0.618,0.294,0.459,0.772,0.813,0.266,0.945,0.606,0.556,0.353,0.187,0.003,0.878,0.589,0.785,0.353,0.237,0.296,0.968,0.084,0.04,0.916,0.637,0.09,0.58,0.772,0.18,0.416,0.469,0.779,0.464,0.944,0.043,0.265,0.643,0.184,0.801,0.308,0.711,0.678,0.657,0.96,0.545,0.857,0.678,0.764,0.599,0.165,0.472,0.961,0.622,0.46,0.081,0.867,0.979,0.065,0.497,0.989,0.836,0.18,0.308,0.561,0.778,0.184,0.298,0.235,0.044,0.109,0.735,0.756,0.823,0.806,0.806,0.868,0.294,0.723,0.342,0.604,0.534,0.521,0.23,0.116,0.097,0.567,0.754,0.983,0.523,0.548,0.582,0.319,0.921,0.728,0.529,0.697,0.48,0.687,0.712,0.182,0.827,0.022,0.878,0.713,0.335,0.25,0.954,0.567,0.85,0.8,0.956,0.072,0.554,0.948,0.988,0.288,0.86,0.875,0.621,0.79,0.216,0.69,0.075,0.889,0.344,0.72,0.49,0.295,0.357,0.291,0.253,0.44,0.185,0.349,0.079,0.677,0.223,0.53,0.079,0.096,0.817,0.96,0.206,0.337,0.768,0.675,0.37,0.673,0.962,0.255,0.188,0.555,0.177,0.957,0.047,0.799,0.033,0.006,0.976,0.48,0.137,0.298,0.464,0.192,0.977,0.693,0.078,0.306,0.722,0.979,0.936,0.501,0.045,0.033,0.462,0.64,0.207,0.545,0.386,0.087,0.831,0.048,0.568,0.54,0.574,0.714,0.798,0.759,0.013,0.515,0.471,0.422,0.598,0.109,0.88,0.092
2020-02-01 19:55:27,0.707,0.689,0.191,0.557,0.164,0.282,0.395,0.325,0.721,0.168,0.85,0.383,0.423,0.668,0.672,0.291,0.687,0.625,0.106,0.501,0.103,0.906,0.247,0.79,0.713,0.683,0.123,0.442,1.0,0.132,0.426,0.989,0.681,0.369,0.972,0.667,0.365,0.042,0.387,0.499,0.502,0.987,0.864,0.885,0.935,0.887,0.102,0.008,0.473,0.746,0.049,0.374,0.509,0.07,0.038,0.327,0.556,0.982,0.384,0.829,0.894,0.234,0.833,0.936,0.261,0.697,0.07,0.808,0.119,0.28,0.4,0.553,0.925,0.983,0.823,0.25,0.181,0.488,0.356,0.496,0.686,0.936,0.695,0.676,0.498,0.721,0.871,0.407,0.909,0.79,0.513,0.426,0.622,0.46,0.337,0.779,0.188,0.32,0.458,0.485,0.24,0.59,0.647,0.105,0.79,0.775,0.5,0.838,0.392,0.371,0.353,0.997,0.561,0.842,0.859,0.241,0.77,0.393,0.81,0.197,0.105,0.798,0.874,0.974,0.703,0.701,0.884,0.834,0.03,0.008,0.754,0.122,0.432,0.464,0.158,0.39,0.843,0.124,0.447,0.597,0.499,0.204,0.221,0.292,0.488,0.797,0.697,0.634,0.788,0.523,0.767,0.968,0.508,0.892,0.505,0.638,0.469,0.692,0.624,0.808,0.277,0.943,0.796,0.776,0.175,0.702,0.132,0.885,0.441,0.377,0.822,0.964,0.643,0.773,0.019,0.156,0.246,0.652,0.204,0.51,0.926,0.627,0.265,0.294,0.002,0.239,0.866,0.037,0.411,0.686,0.086,0.683,0.355,0.346,0.604,0.761,0.37,0.092,0.366,0.443,0.83,0.921,0.295,0.179,0.839,0.811,0.728,0.192,0.091,0.562,0.259,0.674,0.302,0.937,0.406,0.461,0.158,0.057,0.215,0.5,0.744,0.817,0.709,0.951,0.343,0.446,0.625,0.424,0.611,0.425,0.094,0.44,0.263,0.652,0.289,0.077,0.142,0.068,0.118,0.862,0.364,0.693,0.525,0.95,0.121,0.706,0.264,0.899,0.47,0.01,0.66,0.1,0.114,0.745,0.177,0.163,0.315,0.637,0.682,0.198,0.615,0.131,0.436,0.406,0.793,0.712,0.999,0.388,0.142,0.18,0.841,0.507,0.532,0.821,0.376,0.818,0.32,0.502,0.021,0.744,0.116,0.216,0.795,0.949,0.579,0.004,0.066,0.066,0.035,0.735,0.938,0.952,0.76,0.477,0.441,0.707,0.264,0.68,0.677,0.537,0.165,0.203,0.621,0.613,0.373,0.472,0.943,0.202,0.304,0.514,0.673,0.858,0.404,0.749,0.435,0.033,0.818,0.518,0.633,0.438,0.482,0.2,0.406,0.165,0.172,0.349,0.864,0.599,0.283,0.477,0.002,0.239,0.238,0.645,0.34,0.477,0.505,0.801,0.379,0.858,0.376,0.328,0.012,0.741,0.751,0.486,0.871,0.013,0.584,0.533,0.602,0.643,0.788,0.95,0.76,0.663,0.807,0.203,0.174,0.792,0.649,0.245,0.879,0.869,0.407,0.38,0.782,0.852,0.328,0.235,0.212,0.329,0.491,0.957,0.428,0.427,0.36,0.786,0.89,0.739,0.979,0.029,0.325,0.322,0.424,0.401,0.593,0.098,0.161,0.299,0.689,0.969,0.227,0.354,0.716,0.911,0.349,0.721,0.86,0.487,0.309,0.166,0.294,0.238,0.464,0.362,0.371,0.67,0.208,0.85,0.886,0.98,0.505,0.876,0.773,0.855,0.521,0.424,0.962,0.558,0.89,0.106,0.314,0.232,0.083,0.525,0.204,0.369,0.595,0.874,0.989,0.185,0.257,0.17,0.895,0.341,0.879,0.41,0.086,0.392,0.303,0.717,0.382,0.382,0.059,0.921,0.832,0.826,0.912,0.498,0.76,0.891,0.54,0.876,0.723,0.323,0.567,0.333,0.937,0.024,0.94,0.319,0.144,0.934,0.966,0.917,0.834,0.77,0.269,0.604,0.836,0.371,0.43,0.548,0.039,0.797,0.047,0.481,0.952,0.539,0.507,0.694,0.522,0.521,0.119,0.26,0.655,0.176,0.292,0.679,0.765,0.134,0.993,0.295,0.104,0.958,0.062,0.166,0.115,0.711,0.523,0.632,0.765,0.65,0.949,0.498,0.989,0.664,0.35,0.137,0.878,0.433
2020-02-01 19:55:27,0.147,0.933,0.3,0.042,0.749,0.09,0.361,0.942,0.462,0.796,0.596,0.983,0.507,0.01,0.396,0.033,0.332,0.786,0.235,0.549,0.775,0.078,0.159,0.098,0.568,0.703,0.291,0.148,0.655,0.701,0.71,0.896,0.599,0.213,0.613,0.037,0.352,0.386,0.131,0.966,0.396,0.368,0.239,0.038,0.902,0.99,0.329,0.32,0.575,0.123,0.568,0.837,0.099,0.753,0.088,0.827,0.363,0.298,0.309,0.99,0.373,0.791,0.387,0.574,0.823,0.43,0.864,0.346,0.868,0.649,0.717,0.497,0.402,0.062,0.503,0.007,0.314,0.904,0.722,0.178,0.315,0.815,0.263,0.093,0.964,0.235,0.992,0.107,0.173,0.203,0.842,0.455,0.837,0.51,0.568,0.687,0.096,0.23,0.578,0.707,0.449,0.311,0.023,0.968,0.056,0.119,0.34,0.383,0.101,0.512,0.76,0.956,0.5,0.799,0.673,0.492,0.273,0.807,0.552,0.53,0.75,0.128,0.29,0.075,0.416,0.588,0.951,0.088,0.796,0.037,0.477,0.535,0.53,0.255,0.662,0.079,0.244,0.152,0.335,0.913,0.462,0.577,0.251,0.025,0.907,0.795,0.025,0.193,0.099,0.905,0.155,0.139,0.901,0.535,0.643,0.955,0.478,0.22,0.049,0.525,0.547,0.007,0.717,0.082,0.731,0.551,0.491,0.49,0.329,0.505,0.833,0.247,0.132,0.706,0.953,0.529,0.262,0.854,0.224,0.024,0.662,0.158,0.237,0.122,0.209,0.777,0.324,0.048,0.161,0.232,0.495,0.583,0.611,0.754,0.559,0.022,0.486,0.952,0.496,0.782,0.565,0.69,0.665,0.828,0.164,0.579,0.044,0.382,0.902,0.462,0.686,0.278,0.626,0.589,0.336,0.566,0.507,0.03,0.413,0.786,0.044,0.916,0.876,0.108,0.932,0.237,0.671,0.048,0.161,0.709,0.636,0.12,0.053,0.471,0.452,0.554,0.689,0.039,0.061,0.583,0.85,0.876,0.667,0.701,0.456,0.651,0.772,0.444,0.435,0.294,0.654,0.163,0.646,0.48,0.881,0.697,0.735,0.279,0.113,0.865,0.084,0.34,0.757,0.909,0.391,0.432,0.116,0.42,0.461,0.313,0.664,0.495,0.154,0.417,0.114,0.997,0.687,0.162,0.007,0.074,0.491,0.857,0.542,0.175,0.864,0.117,0.063,0.784,0.378,0.704,0.201,0.43,0.322,0.958,0.98,0.862,0.332,0.552,0.429,0.462,0.356,0.233,0.12,0.738,0.701,0.893,0.875,0.411,0.782,0.329,0.973,0.337,0.54,0.368,0.108,0.343,0.177,0.827,0.786,0.691,0.409,0.121,0.571,0.016,0.115,0.201,0.443,0.546,0.13,0.163,0.188,0.135,0.145,0.63,0.988,0.91,0.958,0.682,0.177,0.744,0.334,0.476,0.508,0.813,0.161,0.251,0.15,0.996,0.21,0.369,0.154,0.444,0.435,0.105,0.416,0.352,0.896,0.952,0.989,0.925,0.685,0.733,0.916,0.71,0.09,0.693,0.292,0.089,0.503,0.099,0.392,0.454,0.549,0.087,0.502,0.517,0.437,0.28,0.183,0.501,0.837,0.545,0.783,0.728,0.075,0.07,0.664,0.674,0.278,0.402,0.096,0.95,0.82,0.692,0.459,0.527,0.031,0.217,0.27,0.878,0.807,0.639,0.377,0.923,0.281,0.853,0.459,0.281,0.089,0.009,0.444,0.31,0.357,0.9,0.011,0.201,0.67,0.918,0.929,0.933,0.578,0.53,0.988,0.141,0.831,0.852,0.755,0.666,0.288,0.5,0.97,0.816,0.911,0.843,0.399,0.479,0.981,0.535,0.248,0.472,0.312,0.996,0.187,0.002,0.581,0.951,0.896,0.954,0.328,0.93,0.855,0.702,0.109,0.695,0.197,0.366,0.639,0.698,0.555,0.673,0.351,0.429,0.618,0.252,0.894,0.013,0.618,0.825,0.267,0.112,0.408,0.688,0.549,0.274,0.963,0.28,0.453,0.073,0.043,0.177,0.204,0.302,0.314,0.092,0.597,0.597,0.28,0.199,0.604,0.426,0.755,0.421,0.63,0.285,0.454,0.261,0.65,0.845,0.746,0.032,0.149,0.812,0.013,0.528,0.842,0.186,0.7,0.493,0.881,0.372,0.281,0.558
2020-02-01 19:55:27,0.084,0.176,0.315,0.955,0.464,0.425,0.042,0.997,0.891,0.289,0.587,0.195,0.547,0.277,0.959,0.563,0.159,0.296,0.853,0.462,0.61,0.083,0.837,0.072,0.907,0.306,0.876,0.679,0.509,0.619,0.392,0.601,0.444,0.198,0.257,0.434,0.813,0.547,0.824,0.574,0.339,0.928,0.942,0.258,0.12,0.016,0.281,0.895,0.748,0.739,0.699,0.428,0.753,0.165,0.961,0.148,0.914,0.132,0.663,0.356,0.63,0.688,0.861,0.425,0.012,0.233,0.642,0.676,0.713,0.643,0.603,0.874,0.576,0.298,0.046,0.432,0.588,0.05,0.27,0.35,0.405,0.878,0.664,0.89,0.501,0.42,0.323,0.851,0.185,0.776,0.946,0.119,0.612,0.093,0.545,0.597,0.656,0.295,0.243,0.659,0.983,0.461,0.746,0.899,0.057,0.026,0.851,0.644,0.751,0.971,0.4,0.397,0.476,0.076,0.734,0.87,0.691,0.622,0.505,0.613,0.318,0.819,0.909,0.397,0.518,0.001,0.792,0.869,0.784,0.911,0.89,0.094,0.063,0.594,0.21,0.163,0.573,0.8,0.693,0.562,0.048,0.929,0.889,0.211,0.893,0.16,0.399,0.782,0.145,0.092,0.551,0.756,0.727,0.696,0.959,0.771,0.239,0.663,0.753,0.348,0.537,0.082,0.968,0.464,0.3,0.733,0.475,0.054,0.66,0.634,0.76,0.499,0.876,0.265,0.886,0.89,0.405,0.971,0.416,0.543,0.52,0.429,0.463,0.28,0.171,0.65,0.069,0.026,0.16,0.483,0.377,0.746,0.241,0.393,0.102,0.266,0.485,0.779,0.277,0.56,0.198,0.183,0.784,0.01,0.74,0.424,0.828,0.149,0.725,0.313,0.993,0.795,0.325,0.817,0.03,0.688,0.58,0.564,0.665,0.697,0.33,0.676,0.002,0.694,0.41,0.027,0.394,0.424,0.883,0.978,0.557,0.418,0.48,0.395,0.755,0.622,0.947,0.9,0.222,0.072,0.696,0.379,0.069,0.336,0.414,0.502,0.603,0.66,0.144,0.65,0.91,0.152,0.344,0.68,0.264,0.462,0.187,0.663,0.337,0.532,0.913,0.216,0.611,0.941,0.801,0.377,0.387,0.718,0.996,0.108,0.531,0.865,0.426,0.185,0.202,0.744,0.809,0.332,0.591,0.575,0.461,0.15,0.888,0.73,0.029,0.792,0.596,0.519,0.65,0.253,0.36,0.414,0.699,0.93,0.361,0.663,0.178,0.645,0.86,0.65,0.67,0.735,0.265,0.249,0.316,0.909,0.238,0.122,0.534,0.842,0.804,0.57,0.105,0.588,0.809,0.455,0.829,0.34,0.437,0.453,0.948,0.316,0.411,0.006,0.155,0.453,0.865,0.927,0.402,0.52,0.432,0.396,0.607,0.995,0.452,0.569,0.965,0.877,0.695,0.592,0.53,0.23,0.66,0.551,0.324,0.3,0.984,0.694,0.457,0.399,0.631,0.631,0.669,0.654,0.919,0.682,0.616,0.091,0.656,0.458,0.521,0.688,0.322,0.863,0.159,0.829,0.013,0.256,0.772,0.881,0.222,0.19,0.606,0.539,0.402,0.421,0.01,0.315,0.62,0.153,0.032,0.88,0.107,0.784,0.799,0.967,0.124,0.067,0.785,0.372,0.65,0.824,0.416,0.221,0.374,0.232,0.885,0.668,0.333,0.636,0.645,0.733,0.9,0.974,0.48,0.391,0.011,0.081,0.54,0.258,0.762,0.005,0.902,0.253,0.588,0.788,0.588,0.675,0.689,0.138,0.532,0.157,0.757,0.939,0.681,0.155,0.03,0.885,0.865,0.185,0.226,0.06,0.762,0.892,0.259,0.491,0.015,0.118,0.032,0.908,0.68,0.061,0.596,0.508,0.768,0.682,0.724,0.699,0.446,0.868,0.484,0.369,0.255,0.376,0.955,0.405,0.526,0.12,0.44,0.263,0.184,0.179,0.848,0.953,0.484,0.218,0.554,0.43,0.491,0.353,0.594,0.365,0.813,0.88,0.442,0.771,0.837,0.15,0.164,0.989,0.676,0.112,0.943,0.686,0.611,0.762,0.151,0.496,0.217,0.604,0.145,0.619,0.259,0.316,0.855,0.169,0.737,0.488,0.439,0.577,0.195,0.408,0.933,0.665,0.398,0.903,0.786,0.198,0.604,0.94,0.261,0.027
2020-02-01 19:55:27,0.877,0.253,0.699,0.752,0.586,0.392,0.976,0.952,0.318,0.579,0.511,0.05,0.74,0.214,0.816,0.135,0.409,0.343,0.059,0.109,0.481,0.253,0.881,0.362,0.163,0.49,0.154,0.415,0.832,0.073,0.779,0.253,0.421,0.536,0.964,0.077,0.397,0.715,0.26,0.072,0.355,0.154,0.794,0.226,0.411,0.225,0.281,0.121,0.469,0.107,0.891,0.892,0.432,0.373,0.906,0.152,0.732,0.048,0.269,0.367,0.077,0.577,0.889,0.696,0.729,0.182,0.832,0.835,0.132,0.117,0.51,0.813,0.984,0.435,0.517,0.667,0.184,0.771,0.574,0.44,0.281,0.896,0.971,0.089,0.759,0.605,0.015,0.96,0.391,0.259,0.69,0.498,0.456,0.697,0.299,0.595,0.785,0.668,0.664,0.989,0.713,0.759,0.67,0.57,0.467,0.784,0.472,0.373,0.283,0.613,0.882,0.232,0.233,0.504,0.884,0.623,0.427,0.314,0.159,0.577,0.271,0.586,0.926,0.08,0.517,0.369,0.578,0.792,0.288,0.207,0.056,0.056,0.942,0.082,0.006,0.144,0.28,0.821,0.947,0.717,0.524,0.606,0.998,0.704,0.395,0.297,0.271,0.648,0.524,0.388,0.226,0.487,0.459,0.138,0.007,0.778,0.452,0.674,0.48,0.141,0.975,0.291,0.664,0.446,0.726,0.135,0.134,0.439,0.747,0.841,0.469,0.726,0.121,0.037,0.696,0.268,0.339,0.716,0.469,0.737,0.961,0.134,0.0,0.992,0.007,0.148,0.653,0.914,0.384,0.356,0.801,0.971,0.9,0.82,0.305,0.155,0.055,0.153,0.01,0.186,0.127,0.526,0.397,0.96,0.196,0.995,0.215,0.156,0.161,0.102,0.44,0.168,0.62,0.849,0.792,0.094,0.548,0.69,0.608,0.451,0.497,0.517,0.947,0.445,0.606,0.307,0.487,0.833,0.154,0.962,0.159,0.38,0.472,0.086,0.804,0.717,0.884,0.432,0.123,0.188,0.458,0.066,0.857,0.167,0.586,0.566,0.147,0.922,0.983,0.832,0.09,0.188,0.964,0.861,0.635,0.99,0.421,0.989,0.351,0.737,0.87,0.826,0.754,0.346,0.541,0.059,0.053,0.322,0.885,0.978,0.713,0.198,0.379,0.733,0.952,0.338,0.722,0.619,0.386,0.821,0.817,0.265,0.02,0.711,0.908,0.603,0.044,0.841,0.561,0.255,0.407,0.851,0.961,0.744,0.921,0.071,0.526,0.02,0.055,0.94,0.678,0.013,0.739,0.929,0.791,0.427,0.804,0.451,0.7,0.664,0.108,0.535,0.217,0.306,0.573,0.476,0.028,0.005,0.333,0.348,0.351,0.891,0.806,0.84,0.832,0.418,0.965,0.331,0.365,0.245,0.927,0.396,0.871,0.101,0.591,0.898,0.699,0.411,0.542,0.02,0.901,0.351,0.233,0.842,0.317,0.733,0.066,0.711,0.709,0.112,0.168,0.758,0.086,0.642,0.475,0.859,0.187,0.934,0.072,0.17,0.821,0.514,0.075,0.123,0.821,0.914,0.5,0.55,0.145,0.361,0.502,0.42,0.779,0.227,0.26,0.533,0.373,0.535,0.124,0.647,0.042,0.292,0.942,0.123,0.869,0.709,0.795,0.77,0.759,0.613,0.11,0.992,0.295,0.211,0.633,0.42,0.294,0.763,0.579,0.537,0.991,0.416,0.211,0.671,0.26,0.486,0.019,0.872,0.562,0.554,0.53,0.956,0.247,0.459,0.411,0.964,0.753,0.005,0.324,0.469,0.083,0.441,0.02,0.788,0.1,0.552,0.439,0.314,0.571,0.869,0.692,0.879,0.924,0.685,0.559,0.418,0.22,0.635,0.93,0.698,0.937,0.738,0.294,0.593,0.797,0.797,0.02,0.707,0.045,0.501,0.982,0.525,0.7,0.655,0.891,0.534,0.323,0.998,0.523,0.306,0.442,0.855,0.127,0.051,0.392,0.753,0.154,0.077,0.087,0.72,0.727,0.35,0.729,0.165,0.615,0.497,0.807,0.367,0.098,0.972,0.147,0.208,0.835,0.782,0.552,0.03,0.096,0.815,0.095,0.666,0.202,0.43,0.877,0.11,0.276,0.661,0.712,0.386,0.574,0.314,0.84,0.036,0.617,0.298,0.045,0.346,0.797,0.541,0.645,0.492,0.749,0.328
2020-02-01 19:55:27,0.339,0.324,0.582,0.252,0.239,0.11,0.877,0.977,0.779,0.729,0.519,0.457,0.707,0.431,0.909,0.173,0.839,0.504,0.48,0.253,0.579,0.662,0.128,0.279,0.271,0.164,0.986,0.295,0.448,0.969,0.27,0.836,0.717,0.817,0.618,0.742,0.23,0.775,0.775,0.877,0.922,0.406,0.919,0.056,0.626,0.413,0.527,0.388,0.683,0.323,0.735,0.866,0.5,0.789,0.347,0.654,0.338,0.294,0.051,0.955,0.347,0.752,0.468,0.875,0.255,0.371,0.175,0.617,0.226,0.318,0.38,0.937,0.167,0.165,0.265,0.165,0.866,0.68,0.579,0.091,0.577,0.471,0.768,0.892,0.007,0.364,0.696,0.922,0.276,0.813,0.624,0.734,0.951,0.202,0.671,0.422,0.67,0.075,0.445,0.829,0.292,0.046,0.797,0.761,0.812,0.088,0.238,0.608,0.606,0.055,0.853,0.915,0.444,0.608,0.88,0.302,0.267,0.351,0.326,0.402,0.523,0.304,0.246,0.335,0.745,0.415,0.025,0.59,0.009,0.11,0.218,0.686,0.916,0.795,0.594,0.291,0.931,0.972,0.516,0.19,0.997,0.196,0.612,0.671,0.296,0.782,0.045,0.43,0.484,0.334,0.492,0.144,0.843,0.578,0.989,0.786,0.876,0.207,0.019,0.911,0.416,0.891,0.981,0.202,0.612,0.696,0.449,0.309,0.443,0.34,0.851,0.291,0.152,0.018,0.996,0.448,0.041,0.522,0.043,0.193,0.695,0.38,0.643,0.103,0.382,0.979,0.524,0.159,0.095,0.623,0.138,0.55,0.529,0.019,0.998,0.144,0.722,0.876,0.527,0.642,0.936,0.673,0.658,0.761,0.285,0.771,0.844,0.035,0.384,0.315,0.433,0.801,0.949,0.105,0.843,0.712,0.965,0.656,0.148,0.91,0.822,0.78,0.078,0.408,0.533,0.779,0.518,0.259,0.903,0.368,0.438,0.433,0.108,0.804,0.862,0.391,0.435,0.992,0.578,0.139,0.456,0.814,0.596,0.457,0.69,0.65,0.499,0.21,0.398,0.467,0.866,0.173,0.682,0.604,0.262,0.134,0.389,0.303,0.425,0.246,0.343,0.516,0.871,0.177,0.567,0.71,0.157,0.077,0.917,0.864,0.997,0.92,0.087,0.155,0.607,0.7,0.887,0.906,0.02,0.697,0.792,0.749,0.195,0.579,0.507,0.725,0.568,0.195,0.773,0.31,0.608,0.023,0.225,0.032,0.018,0.668,0.837,0.511,0.802,0.583,0.052,0.022,0.764,0.322,0.982,0.177,0.884,0.886,0.534,0.51,0.026,0.081,0.715,0.55,0.323,0.308,0.299,0.542,0.965,0.401,0.202,0.26,0.179,0.158,0.66,0.1,0.048,0.612,0.138,0.842,0.766,0.008,0.417,0.185,0.64,0.074,0.928,0.979,0.694,0.437,0.237,0.134,0.01,0.193,0.344,0.523,0.851,0.598,0.967,0.264,0.942,0.235,0.946,0.429,0.668,0.381,0.834,0.758,0.8,0.91,0.885,0.892,0.165,0.695,0.321,0.627,0.2,0.338,0.381,0.424,0.787,0.426,0.385,0.96,0.827,0.657,0.669,0.527,0.069,0.506,0.276,0.654,0.859,0.647,0.159,0.67,0.245,0.71,0.776,0.226,0.034,0.74,0.589,0.796,0.314,0.79,0.261,0.198,0.054,0.168,0.103,0.279,0.955,0.932,0.79,0.092,0.734,0.565,0.824,0.798,0.476,0.605,0.167,0.875,0.527,0.128,0.052,0.966,0.023,0.879,0.086,0.547,0.38,0.751,0.189,0.816,0.334,0.4,0.585,0.705,0.614,0.474,0.204,0.292,0.599,0.456,0.514,0.24,0.301,0.098,0.162,0.625,0.411,0.011,0.579,0.911,0.612,0.058,0.272,0.192,0.136,0.896,0.278,0.049,0.884,0.502,0.004,0.479,0.179,0.819,0.946,0.677,0.025,0.94,0.361,0.33,0.991,0.313,0.004,0.954,0.588,0.632,0.628,0.513,0.689,0.837,0.874,0.001,0.297,0.162,0.173,0.889,0.146,0.059,0.514,0.105,0.216,0.122,0.516,0.393,0.128,0.833,0.045,0.033,0.142,0.52,0.862,0.943,0.791,0.214,0.005,0.908,0.987,0.281,0.523,0.341,0.382,0.377,0.8,0.196,0.505,0.878
2020-02-01 19:55:27,0.216,0.731,0.044,0.058,0.449,0.239,0.44,0.835,0.731,0.95,0.902,0.289,0.596,0.776,0.587,0.339,0.864,0.14,0.999,0.366,0.45,0.538,0.178,0.934,0.28,0.031,0.778,0.849,0.099,0.463,0.288,0.444,0.606,0.978,0.234,0.893,0.435,0.088,0.614,0.386,0.903,0.913,0.902,0.777,0.743,0.562,0.04,0.161,0.761,0.742,0.856,0.081,0.725,0.281,0.133,0.413,0.514,0.463,0.997,0.343,0.999,0.425,0.143,0.009,0.826,0.428,0.087,0.832,0.395,0.554,0.045,0.516,0.922,0.876,0.155,0.542,0.898,0.367,0.621,0.364,0.171,0.127,0.106,0.4,0.81,0.845,0.242,0.858,0.976,0.016,0.62,0.233,0.757,0.308,0.966,0.405,0.776,0.561,0.942,0.714,0.327,0.5,0.167,0.083,0.115,0.916,0.185,0.429,0.95,0.786,0.48,0.692,0.82,0.363,0.284,0.975,0.034,0.576,0.376,0.054,0.623,0.499,0.743,0.587,0.998,0.761,0.65,0.947,0.648,0.47,0.806,0.432,0.722,0.549,0.603,0.222,0.975,0.178,0.782,0.189,0.402,0.077,0.688,0.081,0.372,0.388,0.58,0.883,0.354,0.075,0.611,0.434,0.627,0.155,0.949,0.996,0.122,0.326,0.89,0.286,0.352,0.239,0.341,0.359,0.947,0.345,0.383,0.3,0.024,0.837,0.336,0.753,0.687,0.492,0.843,0.3,0.177,0.456,0.931,0.894,0.301,0.528,0.675,0.924,0.038,0.576,0.041,0.512,0.662,0.325,0.016,0.621,0.924,0.314,0.871,0.122,0.731,0.947,0.976,0.786,0.757,0.611,0.372,0.655,0.199,0.96,0.867,0.067,0.583,0.606,0.757,0.406,0.894,0.041,0.781,0.367,0.032,0.437,0.233,0.075,0.398,0.392,0.853,0.869,0.471,0.118,0.848,0.631,0.102,0.22,0.109,0.824,0.17,0.855,0.818,0.233,0.625,0.062,0.07,0.449,0.67,0.418,0.681,0.009,0.432,0.614,0.484,0.147,0.69,0.883,0.622,0.452,0.007,0.534,0.584,0.053,0.373,0.695,0.961,0.469,0.2,0.186,0.04,0.682,0.727,0.629,0.548,0.856,0.373,0.432,0.044,0.933,0.723,0.428,0.397,0.976,0.836,0.293,0.302,0.776,0.805,0.809,0.115,0.16,0.619,0.183,0.979,0.939,0.847,0.536,0.691,0.877,0.981,0.304,0.872,0.542,0.492,0.858,0.258,0.904,0.14,0.742,0.637,0.164,0.294,0.064,0.63,0.458,0.827,0.413,0.161,0.958,0.791,0.562,0.686,0.503,0.616,0.922,0.779,0.71,0.283,0.389,0.848,0.749,0.721,0.974,0.227,0.465,0.859,0.123,0.425,0.466,0.239,0.152,0.34,0.144,0.216,0.485,0.52,0.384,0.358,0.816,0.406,0.401,0.475,0.551,0.214,0.2,0.715,0.647,0.913,0.438,0.155,0.188,0.717,0.412,0.773,0.375,0.042,0.681,0.09,0.596,0.268,0.07,0.28,0.279,0.662,0.455,0.002,0.167,0.465,0.02,0.462,0.338,0.145,0.867,0.439,0.157,0.677,0.253,0.172,0.819,0.376,0.017,0.191,0.247,0.362,0.553,0.559,0.538,0.139,0.309,0.076,0.988,0.482,0.302,0.926,0.437,0.856,0.617,0.56,0.918,0.871,0.559,0.972,0.255,0.728,0.411,0.277,0.964,0.467,0.457,0.711,0.398,0.372,0.215,0.68,0.683,0.191,0.872,0.3,0.034,0.201,0.608,0.877,0.322,0.711,0.369,0.578,0.597,0.73,0.771,0.179,0.029,0.89,0.411,0.822,0.487,0.348,0.751,0.512,0.813,0.39,0.7,0.917,0.092,0.116,0.75,0.686,0.139,0.92,0.861,0.052,0.389,0.811,0.633,0.267,0.606,0.158,0.347,0.449,0.207,0.303,0.813,0.703,0.673,0.031,0.886,0.273,0.844,0.751,0.678,0.155,0.591,0.467,0.415,0.853,0.064,0.842,0.884,0.348,0.187,0.48,0.347,0.234,0.422,0.338,0.842,0.914,0.435,0.809,0.779,0.249,0.537,0.704,0.649,0.779,0.18,0.652,0.607,0.941,0.242,0.334,0.201,0.603,0.441,0.142,0.098,0.002,0.556,0.957,0.629
2020-02-01 19:55:27,0.094,0.773,0.144,0.34,0.073,0.648,0.719,0.266,0.974,0.751,0.402,0.859,0.939,0.029,0.277,0.386,0.201,0.111,0.153,0.553,0.388,0.985,0.96,0.003,0.88,0.628,0.887,0.379,0.206,0.707,0.874,0.317,0.839,0.122,0.421,0.504,0.59,0.141,0.593,0.159,0.965,0.171,0.786,0.996,0.492,0.501,0.14,0.003,0.474,0.018,0.383,0.763,0.985,0.297,0.007,0.47,0.013,0.721,0.589,0.127,0.305,0.755,0.555,0.945,0.565,0.342,0.621,0.735,0.778,0.807,0.519,0.406,0.314,0.249,0.501,0.086,0.504,0.02,0.165,0.721,0.788,0.693,0.592,0.37,0.509,1.0,0.43,0.858,0.886,0.068,0.703,0.955,0.12,0.497,0.977,0.391,0.444,0.167,0.729,0.873,0.679,0.742,0.528,0.264,0.128,0.505,0.577,0.924,0.314,0.275,0.963,0.565,0.324,0.513,0.267,0.201,0.283,0.974,0.312,0.75,0.482,0.389,0.018,0.986,0.655,0.275,0.162,0.923,0.571,0.022,0.171,0.949,0.867,0.308,0.318,0.477,0.88,0.196,0.474,0.593,0.728,0.864,0.708,0.814,0.745,0.17,0.562,0.321,0.135,0.677,0.728,0.76,0.252,0.574,0.207,0.242,0.52,0.643,0.014,0.852,0.173,0.114,0.711,0.817,0.157,0.201,0.971,0.61,0.644,0.935,0.438,0.089,0.942,0.595,0.713,0.386,0.397,0.279,0.132,0.383,0.546,0.249,0.608,0.601,0.433,0.762,0.068,0.933,0.619,0.036,0.081,0.959,0.628,0.966,0.281,0.567,0.554,0.712,0.316,0.46,0.433,0.292,0.559,0.178,0.476,0.186,0.702,0.973,0.055,0.152,0.982,0.356,0.155,0.662,0.666,0.902,0.072,0.402,0.339,0.865,0.37,0.116,0.646,0.872,0.649,0.039,0.677,0.125,0.426,0.791,0.79,0.374,0.434,0.28,0.938,0.265,0.206,0.467,0.554,0.145,0.092,0.135,0.042,0.474,0.78,0.812,0.028,0.769,0.397,0.744,0.671,0.37,0.3,0.689,0.993,0.826,0.858,0.776,0.138,0.942,0.049,0.69,0.455,0.784,0.283,0.734,0.355,0.85,0.717,0.685,0.004,0.055,0.938,0.208,0.053,0.548,0.301,0.895,0.785,0.185,0.362,0.773,0.933,0.341,0.272,0.494,0.891,0.187,0.865,0.55,0.604,0.078,0.655,0.703,0.262,0.667,0.64,0.88,0.801,0.762,0.968,0.495,0.251,0.371,0.054,0.6,0.864,0.228,0.629,0.895,0.861,0.775,0.926,0.064,0.152,0.308,0.995,0.691,0.822,0.389,0.714,0.852,0.273,0.162,0.308,0.632,0.544,0.18,0.277,0.439,0.847,0.892,0.528,0.179,0.285,0.989,0.358,0.297,0.385,0.723,0.104,0.905,0.679,0.044,0.101,0.187,0.544,0.814,0.179,0.917,0.208,0.24,0.753,0.826,0.762,0.032,0.153,0.157,0.789,0.864,0.466,0.446,0.298,0.757,0.466,0.22,0.93,0.229,0.201,0.787,0.928,0.231,0.395,0.059,0.993,0.274,0.672,0.983,0.375,0.735,0.592,0.89,0.806,0.763,0.529,0.26,0.228,0.957,0.267,0.841,0.039,0.26,0.536,0.8,0.482,0.873,0.25,0.549,0.101,0.085,0.243,0.59,0.788,0.296,0.122,0.295,0.445,0.471,0.28,0.265,0.712,0.428,0.968,0.88,0.413,0.31,0.093,0.74,0.292,0.144,0.737,0.238,0.671,0.795,0.202,0.302,0.162,0.223,0.799,0.212,0.723,0.063,0.497,0.872,0.252,0.093,0.825,0.172,0.288,0.151,0.833,0.812,0.905,0.422,0.853,0.448,0.19,0.068,0.268,0.84,0.201,0.338,0.084,0.807,0.545,0.098,0.863,0.425,0.243,0.646,0.975,0.601,0.715,0.63,0.194,0.524,0.508,0.742,0.807,0.405,0.253,0.646,0.298,0.796,0.672,0.392,0.683,0.579,0.844,0.387,0.347,0.043,0.856,0.267,0.614,0.344,0.122,0.309,0.135,0.948,0.069,0.164,0.905,0.986,0.354,0.924,0.55,0.145,0.796,0.913,0.612,0.128,0.228,0.35,0.576,0.568,0.175,0.582,0.323,0.757,0.619,0.767
