2020-02-01 19:55:27,0.377,0.939,0.565,0.451,0.897,0.566,0.82,0.123,0.657,0.494,0.997,0.936,0.354,0.807,0.782,0.795,0.005,0.61,0.925,0.754,0.447,0.555,0.599,0.186,0.85,0.323,0.626,0.456,0.227,0.307,0.951,0.917,0.461,0.354,0.964,0.241,0.248,0.115,0.555,0.644,0.095,0.205,0.685,0.5,0.961,0.42,0.688,0.813,0.386,0.91,0.475,0.934,0.706,0.12,0.477,0.664,0.829,0.354,0.733,0.923,0.118,0.041,0.665,0.748,0.509,0.063,0.451,0.445,0.049,0.252,0.912,0.59,0.182,0.346,0.503,0.563,0.185,0.473,0.877,0.798,0.198,0.49,0.487,0.814,0.881,0.559,0.967,0.926,0.291,0.026,0.062,0.22,0.017,0.549,0.521,0.074,0.58,0.982,0.71,0.881,0.516,0.891,0.788,0.88,0.214,0.131,0.552,0.243,0.11,0.459,0.01,0.337,0.826,0.786,0.08,0.37,0.497,0.628,0.314,0.773,0.902,0.105,0.124,0.874,0.842,0.709,0.199,0.47,0.488,0.942,0.194,0.097,0.057,0.037,0.51,0.101,0.405,0.643,0.93,0.233,0.164,0.294,0.722,0.847,0.076,0.23,0.645,0.708,0.541,0.248,0.288,0.985,0.81,0.925,0.816,0.601,0.306,0.551,0.669,0.058,0.305,0.822,0.743,0.55,0.344,0.509,0.242,0.008,0.081,0.214,0.828,0.334,0.655,0.467,0.163,0.272,0.599,0.971,0.896,0.488,0.69,0.521,0.269,0.721,0.641,0.779,0.751,0.829,0.698,0.958,0.267,0.852,0.194,0.503,0.458,0.96,0.357,0.634,0.291,0.662,0.472,0.738,0.69,0.206,0.387,0.947,0.365,0.54,0.514,0.222,0.055,0.378,0.306,0.941,0.039,0.034,0.433,0.092,0.963,0.034,0.781,0.841,0.036,0.324,0.842,0.974,0.973,0.244,0.454,0.775,0.447,0.201,0.008,0.987,0.814,0.697,0.725,0.4,0.281,0.364,0.828,0.07,0.981,0.568,0.89,0.37,0.506,0.646,0.311,0.181,0.144,0.037,0.834,0.176,0.847,0.116,0.087,0.514,0.201,0.443,0.62,0.31,0.769,0.334,0.723,0.878,0.301,0.383,0.62,0.055,0.558,0.562,0.363,0.627,0.662,0.251,0.014,0.416,0.532,0.21,0.004,0.315,0.847,0.683,0.246,0.161,0.031,0.074,0.102,0.847,0.713,0.86,0.932,0.368,0.099,0.526,0.665,0.684,0.161,0.269,0.536,0.767,0.312,0.494,0.743,0.386,0.127,0.751,0.063,0.821,0.909,0.014,0.46,0.583,0.617,0.715,0.483,0.967,0.612,0.173,0.72,0.424,0.445,0.308,0.929,0.092,0.85,0.761,0.1,0.47,0.861,0.983,0.47,0.303,0.874,0.803,0.794,0.105,0.033,0.183,0.861,0.188,0.411,0.084,0.241,0.207,0.189,0.912,0.079,0.743,0.954,0.866,0.838,0.537,0.147,0.496,0.565,0.051,0.219,0.924,0.625,0.3,0.696,0.223,0.587,0.147,0.031,0.164,0.983,0.209,0.06,0.54,0.933,0.994,0.077,0.753,0.373,0.219,0.245,0.1,0.669,0.384,0.022,0.767,0.506,0.095,0.888,0.984,0.203,0.447,0.061,0.696,0.088,0.017,0.462,0.763,0.532,0.804,0.01,0.26,0.024,0.341,0.407,0.781,0.966,0.178,0.02,0.836,0.08,0.396,0.011,0.651,0.533,0.465,0.323,0.126,0.022,0.819,0.476,0.214,0.671,0.394,0.779,0.95,0.871,0.688,0.331,0.184,0.98,0.999,0.757,0.556,0.029,0.724,0.142,0.717,0.164,0.446,0.409,0.266,0.442,0.781,0.202,0.18,0.735,0.794,0.243,0.583,0.25,0.099,0.167,0.287,0.194,0.357,0.312,0.395,0.318,0.388,0.823,0.283,0.365,0.349,0.685,0.035,0.435,0.61,0.706,0.929,0.423,0.639,0.764,0.377,0.183,0.27,0.525,0.708,0.407,0.162,0.351,0.623,0.444,0.877,0.13,0.954,0.885,0.709,0.709,0.178,0.122,0.37,0.127,0.061,0.849,0.223,0.435,0.738,0.385,0.132,0.938,0.115,0.756,0.081,0.325,0.426,0.683,0.93,0.907,0.475,0.27,0.912,0.164,0.728
2020-02-01 19:55:27,0.435,0.386,0.812,0.188,0.238,0.006,0.04,0.884,0.628,0.164,0.131,0.944,0.453,0.295,0.525,0.992,0.104,0.513,0.141,0.915,0.872,0.17,0.644,0.025,0.549,0.276,0.415,0.813,0.18,0.581,0.488,0.151,0.56,0.577,0.189,0.538,0.738,0.625,0.86,0.09,0.001,0.096,0.738,0.153,0.673,0.511,0.207,0.477,0.654,0.973,0.618,0.61,0.771,0.987,0.526,0.682,0.3,0.26,0.209,0.347,0.469,0.822,0.232,0.372,0.897,0.784,0.048,0.257,0.969,0.543,0.909,0.297,0.065,0.745,0.455,0.183,0.267,0.129,0.252,0.25,0.17,0.877,0.587,0.951,0.786,0.098,0.641,0.059,0.811,0.825,0.01,0.875,0.314,0.897,0.121,0.445,0.645,0.104,0.973,0.396,0.447,0.658,0.305,0.723,0.151,0.175,0.701,0.967,0.728,0.724,0.509,0.149,0.647,0.291,0.759,0.437,0.738,0.616,0.347,0.003,0.095,0.157,0.146,0.179,0.982,0.187,0.707,0.828,0.267,0.35,0.056,0.944,0.933,0.486,0.088,0.075,0.341,0.961,0.315,0.787,0.236,0.642,0.357,0.755,0.355,0.761,0.113,0.93,0.267,0.616,0.862,0.856,0.207,0.839,0.961,0.564,0.366,0.805,0.382,0.223,0.336,0.352,0.699,0.679,0.058,0.882,0.838,0.965,0.118,0.339,0.208,0.4,0.25,0.048,0.268,0.104,0.909,0.151,0.934,0.965,0.418,0.335,0.916,0.607,0.123,0.91,0.413,0.544,0.843,0.355,0.753,0.296,0.765,0.099,0.602,0.733,0.767,0.177,0.26,0.823,0.955,0.045,0.479,0.258,0.058,0.052,0.558,0.254,0.256,0.586,0.344,0.736,0.677,0.384,0.152,0.799,0.845,0.022,0.061,0.601,0.519,0.583,0.516,0.422,0.047,0.653,0.766,0.439,0.338,0.011,0.298,0.294,0.152,0.604,0.768,0.542,0.967,0.385,0.391,0.112,0.135,0.63,0.417,0.69,0.192,0.989,0.155,0.961,0.749,0.458,0.342,0.568,0.609,0.769,0.398,0.334,0.576,0.608,0.505,0.823,0.414,0.006,0.83,0.9,0.444,0.255,0.178,0.082,0.917,0.762,0.671,0.818,0.596,0.685,0.824,0.55,0.008,0.332,0.506,0.87,0.091,0.396,0.038,0.569,0.368,0.728,0.939,0.201,0.441,0.134,0.871,0.533,0.501,0.795,0.052,0.053,0.643,0.562,0.15,0.935,0.446,0.723,0.968,0.928,0.952,0.647,0.509,0.176,0.656,0.424,0.175,0.336,0.967,0.633,0.309,0.474,0.803,0.258,0.011,0.08,0.975,0.234,0.82,0.679,0.681,0.002,0.346,0.518,0.672,0.885,0.371,0.833,0.957,0.825,0.845,0.15,0.209,0.517,0.436,0.879,0.334,0.064,0.917,0.464,0.79,0.309,0.632,0.405,0.686,0.856,0.569,0.708,0.845,0.526,0.139,0.303,0.526,0.103,0.05,0.474,0.254,0.233,0.146,0.259,0.32,0.457,0.947,0.277,0.321,0.498,0.178,0.98,0.124,0.128,0.804,0.747,0.432,0.59,0.824,0.289,0.376,0.397,0.641,0.666,0.121,0.095,0.064,0.884,0.918,0.152,0.776,0.995,0.927,0.179,0.789,0.05,0.0,0.268,0.856,0.883,0.204,0.337,0.253,0.233,0.603,0.24,0.962,0.604,0.206,0.372,0.082,0.79,0.746,0.061,0.253,0.246,0.234,0.851,0.358,0.316,0.613,0.958,0.384,0.299,0.836,0.684,0.455,0.446,0.663,0.292,0.549,0.564,0.113,0.968,0.579,0.614,0.553,0.228,0.995,0.007,0.236,0.101,0.499,0.319,0.044,0.34,0.553,0.758,0.431,0.52,0.838,0.126,0.76,0.524,0.165,0.487,0.947,0.479,0.381,0.615,0.707,0.115,0.98,0.319,0.734,0.275,0.833,0.513,0.31,0.942,0.548,0.657,0.664,0.648,0.108,0.687,0.792,0.057,0.077,0.933,0.541,0.004,0.172,0.085,0.964,0.794,0.307,0.521,0.654,0.354,0.017,0.438,0.022,0.067,0.623,0.122,0.092,0.944,0.958,0.255,0.662,0.295,0.767,0.587,0.48,0.482,0.691,0.589,0.442,0.117,0.356,0.934
2020-02-01 19:55:27,0.842,0.427,0.362,0.998,0.646,0.677,0.599,0.105,0.344,0.337,0.335,0.372,0.666,0.116,0.587,0.327,0.819,0.983,0.136,0.754,0.052,0.594,0.6,0.67,0.937,0.175,0.717,0.41,0.199,0.573,0.36,0.834,0.731,0.235,0.808,0.314,0.531,0.951,0.726,0.761,0.236,0.393,0.108,0.065,0.241,0.937,0.301,0.383,0.941,0.936,0.008,0.54,0.352,0.452,0.748,0.618,0.285,0.88,0.418,0.939,0.377,0.147,0.102,0.835,0.958,0.808,0.084,0.439,0.817,0.813,0.413,0.188,0.251,0.187,0.743,0.046,0.78,0.666,0.76,0.351,0.489,0.926,0.946,0.394,0.356,0.616,0.099,0.191,0.755,0.815,0.896,0.476,0.325,0.278,0.364,0.546,0.769,0.471,0.624,0.611,0.962,0.023,0.324,0.208,0.972,0.742,0.665,0.039,0.065,0.003,0.899,0.4,0.587,0.4,0.298,0.415,0.8,0.746,0.832,0.236,0.386,0.048,0.695,0.08,0.501,0.267,0.713,0.105,0.012,0.972,0.438,0.211,0.257,0.107,0.857,0.748,0.031,0.791,0.988,0.173,0.555,0.824,0.52,0.526,0.424,0.208,0.82,0.445,0.065,0.005,0.343,0.464,0.583,0.063,0.926,0.466,0.272,0.794,0.562,0.029,0.853,0.216,0.934,0.388,0.24,0.736,0.068,0.059,0.615,0.119,0.472,0.729,0.724,0.993,0.983,0.476,0.007,0.631,0.012,0.415,0.096,0.075,0.018,0.426,0.891,0.726,0.897,0.335,0.421,0.927,0.698,0.29,0.609,0.812,0.082,0.9,0.698,0.965,0.423,0.872,0.352,0.952,0.445,0.905,0.294,0.462,0.994,0.302,0.651,0.961,0.283,0.293,0.931,0.311,0.664,0.321,0.655,0.058,0.498,0.419,0.245,0.387,0.987,0.111,0.765,0.373,0.081,0.011,0.366,0.739,0.88,0.496,0.848,0.428,0.534,0.265,0.621,0.298,0.159,0.617,0.105,0.782,0.421,0.904,0.504,0.066,0.381,0.815,0.311,0.051,0.41,0.483,0.151,0.091,0.197,0.001,0.909,0.556,0.987,0.356,0.787,0.211,0.934,0.823,0.383,0.936,0.272,0.872,0.308,0.937,0.082,0.713,0.547,0.344,0.677,0.433,0.756,0.609,0.536,0.714,0.348,0.343,0.386,0.891,0.513,0.778,0.387,0.438,0.22,0.506,0.508,0.242,0.483,0.202,0.465,0.272,0.292,0.746,0.921,0.207,0.9,0.384,0.887,0.589,0.728,0.456,0.939,0.84,0.15,0.621,0.269,0.46,0.211,0.354,0.35,0.02,0.506,0.731,0.259,0.36,0.882,0.082,0.708,0.249,0.879,0.988,0.344,0.599,0.985,0.595,0.921,0.593,0.838,0.916,0.835,0.444,0.279,0.657,0.631,0.428,0.16,0.243,0.894,0.536,0.716,0.928,0.011,0.806,0.829,0.388,0.168,0.452,0.979,0.914,0.711,0.479,0.979,0.104,0.938,0.316,0.344,0.831,0.855,0.82,0.402,0.603,0.962,0.206,0.195,0.007,0.98,0.383,0.913,0.85,0.141,0.931,0.837,0.771,0.613,0.565,0.978,0.845,0.708,0.245,0.795,0.704,0.066,0.65,0.678,0.862,0.334,0.851,0.459,0.882,0.296,0.706,0.865,0.518,0.75,0.688,0.394,0.053,0.275,0.567,0.401,0.181,0.313,0.321,0.95,0.884,0.082,0.814,0.889,0.37,0.599,0.348,0.925,0.018,0.778,0.964,0.097,0.055,0.073,0.626,0.98,0.035,0.147,0.391,0.416,0.274,0.214,0.124,0.151,0.359,0.134,0.128,0.187,0.45,0.99,0.777,0.373,0.524,0.515,0.232,0.277,0.222,0.929,0.501,0.304,0.335,0.084,0.256,0.748,0.462,0.938,0.652,0.522,0.979,0.954,0.737,0.07,0.576,0.51,0.732,0.954,0.67,0.602,0.745,0.672,0.759,0.414,0.152,0.838,0.42,0.833,0.634,0.007,0.195,0.112,0.899,0.949,0.194,0.521,0.039,0.199,0.262,0.423,0.215,0.085,0.391,0.676,0.266,0.513,0.927,0.644,0.358,0.758,0.459,0.667,0.282,0.773,0.276,0.888,0.468,0.152,0.69,0.873,0.701,0.6,0.918,0.724,0.718
2020-02-01 19:55:27,0.454,0.133,0.172,0.658,0.062,0.619,0.551,0.702,0.145,0.544,0.686,0.841,0.302,0.097,0.291,0.395,0.341,0.649,1.0,0.617,0.026,0.486,0.512,0.106,0.887,0.014,0.262,0.568,0.295,0.821,0.624,0.484,0.537,0.072,0.318,0.709,0.21,0.868,0.835,0.309,0.088,0.553,0.986,0.808,0.153,0.793,0.395,0.15,0.688,0.689,0.972,0.408,0.712,0.005,0.508,0.785,0.899,0.085,0.07,0.624,0.688,0.944,0.943,0.503,0.478,0.134,0.803,0.156,0.319,0.525,0.175,0.781,0.908,0.571,0.862,0.329,0.543,0.344,0.825,0.024,0.237,0.736,0.625,0.847,0.844,0.534,0.942,0.317,0.741,0.304,0.331,0.638,0.671,0.549,0.073,0.829,0.127,0.37,0.931,0.271,0.978,0.894,0.179,0.526,0.02,0.328,0.146,0.452,0.45,0.553,0.011,0.805,0.789,0.784,0.36,0.724,0.372,0.329,0.92,0.331,0.931,0.095,0.048,0.691,0.448,0.376,0.467,0.482,0.843,0.45,0.444,0.862,0.171,0.891,0.854,0.5,0.962,0.139,0.436,0.422,0.766,0.38,0.022,0.549,0.123,0.994,0.61,0.361,0.058,0.947,0.925,0.977,0.189,0.623,0.779,0.897,0.662,0.526,0.815,0.972,0.624,0.759,0.421,0.13,0.237,0.736,0.063,0.022,0.793,0.133,0.778,0.339,0.509,0.494,0.9,0.745,0.998,0.638,0.179,0.235,0.223,0.865,0.594,0.602,0.727,0.526,0.811,0.868,0.743,0.972,0.118,0.357,0.18,0.086,0.234,0.46,0.942,0.966,0.891,0.306,0.332,0.947,0.41,0.713,0.431,0.004,0.018,0.059,0.422,0.239,0.264,0.966,0.481,0.921,0.681,0.067,0.427,0.595,0.798,0.035,0.775,0.633,0.528,0.069,0.148,0.675,0.302,0.874,0.872,0.384,0.594,0.659,0.367,0.513,0.384,0.611,0.21,0.025,0.78,0.437,0.66,0.332,0.563,0.607,0.658,0.541,0.754,0.063,0.705,0.373,0.654,0.79,0.146,0.165,0.581,0.001,0.311,0.906,0.611,0.007,0.369,0.217,0.581,0.109,0.926,0.115,0.809,0.723,0.954,0.942,0.154,0.175,0.654,0.162,0.631,0.454,0.732,0.124,0.42,0.387,0.721,0.505,0.741,0.678,0.562,0.612,0.077,0.926,0.918,0.433,0.51,0.313,0.673,0.904,0.392,0.482,0.953,0.821,0.484,0.764,0.56,0.958,0.317,0.794,0.794,0.352,0.338,0.011,0.929,0.755,0.733,0.748,0.709,0.488,0.919,0.343,0.28,0.83,0.399,0.52,0.761,0.299,0.61,0.63,0.87,0.432,0.775,0.815,0.656,0.377,0.259,0.973,0.559,0.564,0.54,0.91,0.175,0.687,0.071,0.248,0.715,0.92,0.307,0.406,0.841,0.385,0.203,0.024,0.682,0.862,0.042,0.147,0.996,0.542,0.961,0.261,0.315,0.211,0.185,0.077,0.43,0.692,0.237,0.649,0.208,0.356,0.02,0.146,0.155,0.171,0.689,0.869,0.143,0.357,0.706,0.333,0.087,0.614,0.074,0.91,0.651,0.931,0.522,0.894,0.118,0.973,0.074,0.036,0.921,0.569,0.061,0.387,0.152,0.033,0.613,0.583,0.69,0.64,0.599,0.055,0.371,0.628,0.182,0.788,0.026,0.244,0.578,0.161,0.975,0.784,0.545,0.612,0.939,0.745,0.452,0.915,0.146,0.823,0.687,0.065,0.882,0.869,0.181,0.253,0.942,0.588,0.129,0.483,0.724,0.129,0.289,0.862,0.462,0.029,0.654,0.047,0.7,0.205,0.915,0.698,0.129,0.677,0.903,0.378,0.099,0.988,0.886,0.983,0.541,0.919,0.84,0.01,0.378,0.409,0.119,0.815,0.416,0.581,0.848,0.586,0.641,0.606,0.294,0.756,0.961,0.462,0.308,0.367,0.338,0.856,0.517,0.153,0.557,0.299,0.424,0.911,0.838,0.287,0.057,0.135,0.929,0.766,0.243,0.617,0.747,0.855,0.445,0.398,0.138,0.256,0.589,0.129,0.41,0.945,0.547,0.485,0.886,0.406,0.515,0.405,0.031,0.96,0.705,0.035,0.585,0.657,0.086,0.002,0.482,0.613,0.164,0.765
2020-02-01 19:55:27,0.305,0.897,0.851,0.2,0.837,0.404,0.738,0.197,0.268,0.56,0.539,0.782,0.941,0.034,0.21,0.787,0.509,0.998,0.081,0.096,0.232,0.905,0.472,0.518,0.582,0.365,0.121,0.285,0.854,0.834,0.317,0.27,0.088,0.158,0.935,0.577,0.953,0.092,0.654,0.729,0.182,0.301,0.629,0.467,0.539,0.691,0.042,0.738,0.551,0.925,0.431,0.636,0.758,0.705,0.362,0.045,0.889,0.806,0.276,0.5,0.323,0.193,0.502,0.044,0.704,0.854,0.068,0.06,0.356,0.399,0.247,0.601,0.469,0.872,0.307,0.88,0.052,0.534,0.283,0.953,0.229,0.337,0.982,0.329,0.316,0.509,0.893,0.264,0.519,0.54,0.673,0.138,0.182,0.588,0.685,0.894,0.909,0.119,0.712,0.864,0.814,0.182,0.681,0.734,0.774,0.712,0.313,0.061,0.824,0.729,0.227,0.58,0.194,0.539,0.368,0.598,0.845,0.286,0.211,0.2,0.602,0.304,0.152,0.644,0.57,0.142,0.995,0.835,0.728,0.06,0.863,0.709,0.664,0.157,0.017,0.108,0.887,0.348,0.704,0.945,0.381,0.475,0.269,0.928,0.991,0.762,0.566,0.64,0.726,0.231,0.266,0.92,0.22,0.69,0.305,0.248,0.588,0.134,0.884,0.136,0.612,0.175,0.002,0.664,0.237,0.904,0.627,0.291,0.232,0.418,0.974,0.191,0.854,0.028,0.183,0.355,0.492,0.721,0.73,0.752,0.321,0.035,0.046,0.74,0.473,0.182,0.922,0.033,0.09,0.149,0.893,0.942,0.454,0.53,0.719,0.694,0.798,0.861,0.771,0.03,0.157,0.931,0.374,0.319,0.728,0.34,0.808,0.421,0.34,0.718,0.882,0.751,0.304,0.675,0.075,0.86,0.961,0.741,0.978,0.188,0.734,0.533,0.833,0.154,0.208,0.186,0.591,0.489,0.377,0.156,0.01,0.035,0.559,0.185,0.579,0.374,0.55,0.065,0.791,0.632,0.631,0.118,0.884,0.812,0.892,0.136,0.254,0.515,0.529,0.545,0.397,0.327,0.03,0.858,0.559,0.838,0.37,0.74,0.061,0.718,0.085,0.182,0.872,0.191,0.053,0.964,0.781,0.622,0.215,0.413,0.345,0.021,0.838,0.695,0.613,0.067,0.113,0.735,0.211,0.804,0.726,0.48,0.897,0.216,0.138,0.813,0.49,0.211,0.238,0.726,0.199,0.464,0.795,0.131,0.009,0.157,0.662,0.061,0.329,0.461,0.38,0.465,0.905,0.102,0.307,0.382,0.677,0.853,0.164,0.993,0.22,0.734,0.695,0.331,0.882,0.347,0.682,0.256,0.257,0.465,0.196,0.348,0.96,0.093,0.203,0.649,0.316,0.667,0.507,0.915,0.825,0.642,0.611,0.85,0.137,0.597,0.065,0.374,0.545,0.682,0.138,0.876,0.256,0.702,0.469,0.833,0.817,0.145,0.391,0.69,0.934,0.73,0.972,0.844,0.749,0.001,0.371,0.796,0.966,0.617,0.368,0.547,0.951,0.832,0.285,0.445,0.539,0.226,0.386,0.338,0.86,0.688,0.168,0.647,0.55,0.204,0.245,0.151,0.056,0.881,0.35,0.181,0.635,0.421,0.238,0.774,0.405,0.479,0.842,0.61,0.171,0.982,0.583,0.795,0.498,0.022,0.348,0.506,0.844,0.834,0.433,0.645,0.783,0.316,0.539,0.575,0.367,0.114,0.274,0.41,0.861,0.251,0.289,0.142,0.175,0.676,0.62,0.638,0.231,0.596,0.112,0.216,0.47,0.268,0.056,0.135,0.33,0.803,0.568,0.404,0.277,0.366,0.483,0.431,0.232,0.234,0.581,0.229,0.763,0.571,0.079,0.015,0.196,0.67,0.838,0.704,0.099,0.661,0.722,0.036,0.339,0.933,0.312,0.439,0.876,0.772,0.306,0.866,0.592,0.459,0.348,0.511,0.896,0.607,0.321,0.179,0.156,0.752,0.279,0.93,0.341,0.565,0.996,0.485,0.817,0.195,0.858,0.285,0.1,0.498,0.439,0.999,0.726,0.182,0.022,0.086,0.055,0.574,0.875,0.891,0.977,0.84,0.811,0.577,0.841,0.104,0.108,0.16,0.4,0.877,0.724,0.823,0.903,0.727,0.51,0.48,0.01,0.091,0.823,0.595,0.066,0.857
2020-02-01 19:55:27,0.725,0.178,0.492,0.274,0.175,0.869,0.77,0.798,0.87,0.779,0.892,0.42,0.978,0.083,0.624,0.04,0.146,0.179,0.965,0.744,0.797,0.73,0.144,0.025,0.674,0.583,0.833,0.31,0.181,0.097,0.247,0.613,0.621,0.702,0.721,0.727,0.143,0.238,0.267,0.792,0.633,0.595,0.616,0.403,0.368,0.455,0.717,0.197,0.81,0.551,0.042,0.149,0.356,0.636,0.77,0.408,0.811,0.17,0.921,0.506,0.248,0.309,0.625,0.195,0.796,0.54,0.811,0.188,0.919,0.687,0.383,0.369,0.302,0.147,0.165,0.122,0.406,0.593,0.676,0.764,0.866,0.55,0.991,0.682,0.085,0.843,0.447,0.578,0.734,0.063,0.152,0.49,0.892,0.03,0.07,0.992,0.81,0.308,0.075,0.764,0.794,0.168,0.281,0.075,0.792,0.786,0.753,0.874,0.76,0.635,0.927,0.117,0.086,0.275,0.976,0.012,0.907,0.168,0.576,0.059,0.406,0.11,0.496,0.899,0.78,0.444,0.123,0.333,0.735,0.701,0.508,0.338,0.307,0.372,0.001,0.831,0.174,0.162,0.594,0.431,0.342,0.477,0.885,0.68,0.172,0.71,0.79,0.394,0.034,0.536,0.82,0.286,0.734,0.597,0.054,0.389,0.818,0.318,0.53,0.795,0.854,0.248,0.271,0.785,0.713,0.439,0.616,0.11,0.982,0.431,0.104,0.692,0.239,0.582,0.217,0.491,0.775,0.551,0.684,0.951,0.928,0.682,0.161,0.298,0.165,0.289,0.603,0.148,0.405,0.065,0.652,0.683,0.318,0.555,0.027,0.594,0.278,0.508,0.262,0.4,0.845,0.929,0.966,0.939,0.675,0.255,0.263,0.714,0.54,0.958,0.431,0.05,0.601,0.644,0.031,0.829,0.367,0.471,0.191,0.27,0.449,0.869,0.132,0.777,0.205,0.74,0.305,0.11,0.762,0.673,0.88,0.576,0.656,0.548,0.261,0.526,0.227,0.18,0.857,0.184,0.623,1.0,0.15,0.494,0.778,0.86,0.727,0.114,0.935,0.27,0.348,0.812,0.869,0.357,0.214,0.21,0.806,0.521,0.641,0.781,0.871,0.202,0.61,0.128,0.78,0.975,0.857,0.906,0.136,0.067,0.458,0.911,0.46,0.431,0.194,0.762,0.701,0.787,0.687,0.332,0.026,0.225,0.77,0.018,0.142,0.903,0.081,0.438,0.609,0.032,0.198,0.525,0.133,0.797,0.509,0.847,0.138,0.727,0.743,0.583,0.521,0.539,0.217,0.715,0.396,0.29,0.073,0.497,0.842,0.328,0.719,0.75,0.865,0.311,0.078,0.55,0.813,0.956,0.409,0.274,0.816,0.272,0.843,0.458,0.075,0.208,0.59,0.367,0.616,0.249,0.688,0.855,0.85,0.871,0.913,0.789,0.327,0.644,0.814,0.478,0.581,0.573,0.189,0.506,0.862,0.736,0.765,0.803,0.226,0.028,0.536,0.078,0.161,0.625,0.598,0.057,0.559,0.284,0.51,0.112,0.637,0.016,0.161,0.989,0.919,0.327,0.305,0.734,0.03,0.418,0.203,0.56,0.04,0.252,0.272,0.115,0.586,0.371,0.116,0.959,0.514,0.1,0.779,0.894,0.38,0.78,0.891,0.176,0.781,0.838,0.948,0.452,0.936,0.026,0.629,0.994,0.724,0.335,0.923,0.202,0.966,0.629,0.812,0.203,0.219,0.141,0.359,0.888,0.805,0.772,0.941,0.754,0.544,0.249,0.328,0.797,0.81,0.972,0.156,0.866,0.802,0.864,0.298,0.876,0.568,0.984,0.196,0.021,0.061,0.452,0.533,0.403,0.469,0.016,0.998,0.07,0.936,0.25,0.749,0.286,0.99,0.219,0.045,0.123,0.795,0.081,0.042,0.485,0.109,0.361,0.56,0.669,0.48,0.292,0.754,0.877,0.893,0.902,0.257,0.853,0.708,0.122,0.927,0.099,0.874,0.903,0.082,0.036,0.774,0.049,0.847,0.552,0.937,0.023,0.37,0.593,0.061,0.884,0.106,0.897,0.328,0.723,0.393,0.747,0.829,0.3,0.444,0.339,0.724,0.34,0.689,0.7,0.168,0.062,0.272,0.51,0.164,0.912,0.63,0.696,0.311,0.489,0.329,0.22,0.617,0.267,0.533,0.599,0.634,0.719,0.692,0.165
2020-02-01 19:55:27,0.802,0.253,0.441,0.893,0.039,0.917,0.043,0.279,0.969,0.672,0.895,0.355,0.587,0.119,0.651,0.141,0.888,0.673,0.261,0.981,0.799,0.382,0.208,0.359,0.05,0.503,0.52,0.542,0.614,0.089,0.224,0.765,0.649,0.843,0.343,0.651,0.025,0.406,0.873,0.224,0.858,0.444,0.58,0.736,0.289,0.942,0.448,0.6,0.928,0.607,0.372,0.445,0.401,0.521,0.528,0.714,0.995,0.65,0.315,0.438,0.613,0.992,0.363,0.572,0.454,0.954,0.539,0.84,0.741,0.184,0.326,0.472,0.345,0.984,0.698,0.245,0.784,0.453,0.563,0.139,0.758,0.901,0.287,0.695,0.519,0.004,0.61,0.835,0.231,0.947,0.035,0.675,0.349,0.14,0.008,0.085,0.698,0.482,0.548,0.445,0.43,0.202,0.767,0.706,0.834,0.89,0.706,0.636,0.825,0.512,0.199,0.501,0.557,0.868,0.892,0.378,0.485,0.794,0.75,0.026,0.659,0.071,0.493,0.338,0.68,0.774,0.61,0.17,0.496,0.822,0.291,0.463,0.672,0.284,0.072,0.168,0.986,0.43,0.72,0.285,0.382,0.367,0.859,0.509,0.227,0.915,0.136,0.464,0.472,0.917,0.03,0.114,0.921,0.01,0.07,0.373,0.264,0.896,0.429,0.682,0.484,0.251,0.3,0.351,0.705,0.515,0.41,0.005,0.854,0.519,0.308,0.387,0.396,0.364,0.142,0.477,0.962,0.301,0.057,0.49,0.334,0.237,0.849,0.564,0.759,0.056,0.553,0.054,0.479,0.94,0.029,0.943,0.368,0.875,0.35,0.764,0.178,0.49,0.485,0.383,0.463,0.669,0.795,0.243,0.264,0.108,0.882,0.016,0.919,0.285,0.232,0.44,0.751,0.951,0.075,0.451,0.948,0.657,0.606,0.1,0.89,0.327,0.343,0.18,0.877,0.62,0.961,0.896,0.762,0.851,0.056,0.349,0.607,0.753,0.728,0.837,0.83,0.606,0.032,0.211,0.692,0.033,0.21,0.304,0.076,0.704,0.659,0.502,0.025,0.748,0.606,0.354,0.899,0.305,0.705,0.812,0.054,0.132,0.589,0.431,0.806,0.027,0.317,0.166,0.121,0.182,0.884,0.986,0.522,0.897,0.377,0.187,0.956,0.962,0.638,0.889,0.314,0.588,0.028,0.156,0.593,0.893,0.288,1.0,0.081,0.678,0.781,0.229,0.589,0.574,0.092,0.362,0.287,0.312,0.688,0.221,0.164,0.797,0.125,0.828,0.466,0.466,0.6,0.852,0.75,0.494,0.694,0.831,0.898,0.047,0.105,0.472,0.047,0.538,0.117,0.558,0.353,0.103,0.099,0.994,0.432,0.397,0.347,0.182,0.403,0.036,0.319,0.914,0.35,0.915,0.458,0.705,0.859,0.052,0.506,0.063,0.542,0.82,0.399,0.306,0.917,0.691,0.44,0.164,0.309,1.0,0.927,0.065,0.672,0.427,0.363,0.602,0.997,0.836,0.998,0.289,0.761,0.575,0.476,0.282,0.739,0.759,0.101,0.079,0.53,0.379,0.084,0.724,0.535,0.461,0.384,0.826,0.363,0.854,0.752,0.04,0.532,0.417,0.849,0.51,0.738,0.023,0.615,0.798,0.785,0.678,0.151,0.859,0.256,0.994,0.114,0.859,0.975,0.307,0.386,0.47,0.62,0.692,0.472,0.017,0.65,0.68,0.152,0.18,0.362,0.865,0.45,0.252,0.22,0.78,0.455,0.172,0.79,0.864,0.098,0.678,0.39,0.743,0.068,0.284,0.713,0.859,0.027,0.862,0.509,0.612,0.45,0.933,0.209,0.246,0.0,0.054,0.18,0.87,0.171,0.04,0.71,0.82,0.401,0.891,0.996,0.108,0.914,0.761,0.022,0.262,0.938,0.891,0.753,0.674,0.777,0.762,0.307,0.086,0.717,0.875,0.999,0.857,0.353,0.992,0.363,0.6,0.434,0.401,0.93,0.733,0.764,0.771,0.27,0.334,0.002,0.283,0.185,0.386,0.655,0.108,0.831,0.857,0.926,0.268,0.469,0.542,0.127,0.465,0.525,0.813,0.097,0.332,0.57,0.664,0.304,0.636,0.481,0.523,0.937,0.391,0.64,0.057,0.633,0.971,0.51,0.482,0.546,0.07,0.756,0.066,0.012,0.366,0.904,0.592,0.434,0.995
2020-02-01 19:55:27,0.325,0.044,0.115,0.909,0.617,0.253,0.355,0.843,0.703,0.696,0.787,0.493,0.499,0.506,0.28,0.017,0.317,0.382,0.268,0.518,0.306,0.338,0.182,0.699,0.073,0.621,0.885,0.582,0.698,0.995,0.408,0.625,0.534,0.68,0.865,0.034,0.396,0.442,0.632,0.681,0.185,0.815,0.837,0.093,0.221,0.152,0.41,0.425,0.118,0.576,0.33,0.065,0.651,0.974,0.896,0.556,0.924,0.229,0.73,0.506,0.955,0.07,0.305,0.587,0.35,0.517,0.575,0.507,0.1,0.773,0.039,0.895,0.132,0.195,0.299,0.601,0.551,0.683,0.182,0.984,0.047,0.239,0.521,0.004,0.672,0.907,0.379,0.574,0.225,0.783,0.723,0.954,0.702,0.373,0.02,0.198,0.928,0.287,0.594,0.185,0.424,0.407,0.147,0.024,0.732,0.026,0.792,0.177,0.167,0.686,0.799,0.978,0.695,0.093,0.406,0.845,0.415,0.889,0.138,0.278,0.938,0.502,0.442,0.668,0.496,0.55,0.082,0.144,0.021,0.828,0.692,0.527,0.153,0.589,0.094,0.907,0.634,0.155,0.561,0.213,0.478,0.835,0.783,0.621,0.372,0.093,0.214,0.91,0.313,0.18,0.106,0.48,0.149,0.09,0.594,0.926,0.916,0.094,0.938,0.077,0.929,0.093,0.321,0.173,0.254,0.453,0.144,0.714,0.112,0.483,0.504,0.621,0.866,0.558,0.657,0.022,0.18,0.252,0.825,0.542,0.716,0.981,0.252,0.48,0.875,0.562,0.622,0.442,0.496,0.385,0.267,0.676,0.753,0.922,0.845,0.957,0.384,0.626,0.05,0.601,0.341,0.252,0.876,0.127,0.517,0.592,0.962,0.086,0.968,0.873,0.402,0.949,0.88,0.186,0.828,0.414,0.698,0.378,0.245,0.436,0.413,0.108,0.894,0.367,0.286,0.017,0.742,0.72,0.458,0.748,0.035,0.415,0.567,0.096,0.479,0.78,0.789,0.255,0.895,0.341,0.357,0.425,0.755,0.929,0.338,0.239,0.803,0.196,0.601,0.188,0.491,0.469,0.709,0.755,0.796,0.962,0.081,0.284,0.148,0.284,0.441,0.54,0.721,0.508,0.985,0.503,0.442,0.671,0.277,0.898,0.39,0.493,0.816,0.848,0.613,0.354,0.505,0.853,0.332,0.665,0.656,0.91,0.749,0.694,0.263,0.084,0.856,0.183,0.142,0.889,0.914,0.192,0.857,0.332,0.361,0.625,0.526,0.693,0.215,0.17,0.291,0.372,0.951,0.208,0.96,0.982,0.429,0.199,0.904,0.669,0.8,0.44,0.72,0.616,0.183,0.805,0.515,0.092,0.19,0.13,0.694,0.315,0.578,0.893,0.556,0.911,0.807,0.214,0.398,0.04,0.19,0.712,0.663,0.417,0.943,0.178,0.234,0.317,0.659,0.877,0.559,0.593,0.762,0.21,0.792,0.314,0.284,0.043,0.486,0.336,0.729,0.166,0.295,0.118,0.617,0.814,0.054,0.85,0.548,0.306,0.795,0.467,0.277,0.574,0.123,0.517,0.4,0.736,0.036,0.554,0.324,0.396,0.194,0.916,0.008,0.035,0.797,0.108,0.705,0.726,0.064,0.417,0.729,0.29,0.194,0.999,0.506,0.342,0.914,0.153,0.635,0.016,0.526,0.149,0.964,0.934,0.905,0.715,0.883,0.664,0.178,0.345,0.895,0.795,0.221,0.96,0.73,0.46,0.165,0.197,0.289,0.003,0.267,0.291,0.869,0.662,0.951,0.865,0.458,0.234,0.88,0.895,0.504,0.902,0.34,0.02,0.663,0.461,0.701,0.595,0.451,0.583,0.844,0.375,0.09,0.664,0.224,0.038,0.336,0.776,0.983,0.502,0.099,0.178,0.308,0.887,0.968,0.386,0.02,0.218,0.764,0.404,0.646,0.185,0.353,0.706,0.866,0.974,0.979,0.834,0.494,0.412,0.681,0.733,0.338,0.714,0.854,0.455,0.266,0.231,0.427,0.869,0.448,0.239,0.895,0.212,0.969,0.939,0.443,0.177,0.528,0.365,0.554,0.644,0.066,0.849,0.626,0.274,0.898,0.557,0.881,0.384,0.849,0.085,0.586,0.901,0.513,0.73,0.451,0.391,0.332,0.527,0.241,0.416,0.667,0.01,0.217,0.258,0.002,0.921,0.532,0.283
2020-02-01 19:55:27,0.9,0.659,0.549,0.74,0.088,0.949,0.059,0.534,0.238,0.642,0.647,0.722,0.976,0.831,0.781,0.32,0.03,0.496,0.852,0.256,0.004,0.925,0.034,0.269,0.447,0.076,0.956,0.132,0.265,0.947,0.906,0.237,0.882,0.328,0.172,0.384,0.971,0.364,0.884,0.045,0.505,0.364,0.331,0.172,0.759,0.592,0.431,0.526,0.265,0.698,0.599,0.773,0.57,0.127,0.72,0.538,0.16,0.707,0.309,0.106,0.851,0.798,0.786,0.662,0.75,0.996,0.45,0.574,0.992,0.619,0.673,0.447,0.159,0.764,0.631,0.196,0.902,0.276,0.658,0.458,0.526,0.452,0.892,0.25,0.804,0.971,0.774,0.749,0.579,0.55,0.853,0.55,0.758,0.189,0.773,0.369,0.45,0.084,0.207,0.36,0.542,0.814,0.499,0.44,0.227,0.069,0.016,0.883,0.252,0.059,0.202,0.708,0.973,0.401,0.122,0.065,0.677,0.329,0.658,0.675,0.001,0.656,0.075,0.222,0.034,0.975,0.172,0.967,0.626,0.148,0.169,0.071,0.784,0.169,0.551,0.449,0.283,0.48,0.736,0.613,0.315,0.155,0.871,0.993,0.496,0.226,0.216,0.835,0.365,0.77,0.764,0.727,0.423,0.225,0.201,0.074,0.843,0.558,0.409,0.675,0.431,0.623,0.515,0.759,0.634,0.545,0.83,0.11,0.575,0.601,0.8,0.213,1.0,0.079,0.011,0.796,0.087,0.718,0.17,0.703,0.302,0.821,0.578,0.621,0.238,0.145,0.246,0.655,0.496,0.532,0.153,0.432,0.661,0.947,0.667,0.062,0.087,0.852,0.154,0.818,0.944,0.363,0.193,0.178,0.743,0.735,0.203,0.631,0.015,0.293,0.694,0.417,0.784,0.038,0.107,0.142,0.901,0.5,0.172,0.211,0.913,0.903,0.551,0.118,0.209,0.198,0.48,0.502,0.915,0.229,0.987,0.144,0.926,0.713,0.641,0.808,0.989,0.916,0.617,0.06,0.969,0.464,0.227,0.558,0.735,0.084,0.23,0.175,0.53,0.958,0.405,0.946,0.14,0.961,0.699,0.222,0.956,0.88,0.029,0.243,0.087,0.233,0.108,0.242,0.533,0.265,0.376,0.216,0.212,0.355,0.455,0.973,0.284,0.831,0.816,0.087,0.676,0.041,0.111,0.913,0.988,0.262,0.469,0.044,0.416,0.294,0.306,0.617,0.862,0.146,0.473,0.118,0.502,0.795,0.584,0.285,0.582,0.891,0.465,0.295,0.065,0.214,0.436,0.347,0.089,0.983,0.578,0.653,0.457,0.538,0.083,0.605,0.823,0.193,0.171,0.598,0.055,0.284,0.169,0.777,0.749,0.977,0.553,0.435,0.786,0.944,0.614,0.407,0.562,0.904,0.089,0.094,0.457,0.38,0.088,0.004,0.497,0.005,0.893,0.67,0.202,0.362,0.203,0.358,0.925,0.042,0.274,0.991,0.547,0.932,0.745,0.623,0.337,0.189,0.508,0.147,0.977,0.817,0.258,0.062,0.593,0.183,0.497,0.858,0.918,0.706,0.574,0.872,0.376,0.631,0.876,0.399,0.219,0.636,0.434,0.296,0.333,0.794,0.068,0.284,0.073,0.735,0.494,0.378,0.378,0.406,0.309,0.692,0.104,0.544,0.707,0.846,0.351,0.624,0.805,0.808,0.115,0.294,0.527,0.787,0.545,0.822,0.397,0.259,0.854,0.848,0.007,0.824,0.891,0.733,0.819,0.14,0.527,0.417,0.095,0.027,0.549,0.862,0.52,0.315,0.814,0.834,0.411,0.183,0.97,0.732,0.603,0.018,0.742,0.699,0.901,0.629,0.794,0.738,0.93,0.933,0.713,0.476,0.018,0.537,0.907,0.185,0.491,0.566,0.238,0.57,0.733,0.009,0.366,0.025,0.048,0.822,0.387,0.797,0.199,0.912,0.303,0.868,0.193,0.366,0.053,0.603,0.524,0.83,0.27,0.272,0.303,0.382,0.139,0.296,0.245,0.426,0.086,0.367,0.568,0.397,0.875,0.493,0.539,0.316,0.037,0.779,0.827,0.589,0.229,0.909,0.841,0.56,0.907,0.681,0.43,0.778,0.225,0.051,0.392,0.039,0.214,0.937,0.061,0.027,0.062,0.468,0.971,0.488,0.048,0.951,0.766,0.981,0.714,0.693,0.976,0.803
2020-02-01 19:55:27,0.71,0.884,0.631,0.496,0.037,0.284,0.384,0.816,0.992,0.141,0.621,0.722,0.316,0.795,0.136,0.319,0.252,0.64,0.652,0.166,0.985,0.984,0.503,0.673,0.309,0.672,0.432,0.929,0.049,0.893,0.882,0.792,0.48,0.267,0.541,0.707,0.785,0.363,0.131,0.756,0.3,0.986,0.28,0.628,0.428,0.808,0.766,0.331,0.446,0.641,0.766,0.461,0.351,0.998,0.514,0.936,0.285,0.175,0.538,0.486,0.062,0.838,0.283,0.523,0.682,0.557,0.352,0.936,0.836,0.938,0.839,0.64,0.254,0.784,0.378,0.071,0.096,0.989,0.168,0.37,0.107,0.019,0.21,0.155,0.165,0.684,0.511,0.934,0.891,0.716,0.432,0.91,0.578,0.033,0.721,0.984,0.5,0.519,0.72,0.541,0.517,0.602,0.366,0.204,0.938,0.008,0.444,0.886,0.676,0.511,0.764,0.076,0.942,0.917,0.299,0.737,0.789,0.652,0.423,0.172,0.942,0.374,0.368,0.553,0.392,0.894,0.968,0.238,0.824,0.108,0.017,0.44,0.577,0.866,0.709,0.438,0.798,0.898,0.423,0.427,0.536,0.948,0.169,0.134,0.745,0.607,0.94,0.904,0.109,0.996,0.43,0.056,0.501,0.094,0.771,0.131,0.419,0.61,0.251,0.039,0.261,0.893,0.677,0.375,0.766,0.528,0.707,0.003,0.469,0.914,0.69,0.837,0.218,0.221,0.159,0.252,0.003,0.799,0.256,0.622,0.247,0.225,0.677,0.702,0.468,0.856,0.037,0.801,0.834,0.958,0.165,0.985,0.444,0.139,0.783,0.085,0.253,0.643,0.494,0.86,0.381,0.52,0.336,0.924,0.044,0.864,0.011,0.274,0.676,0.877,0.896,0.074,0.013,0.064,0.689,0.481,0.465,0.612,0.07,0.347,0.873,0.161,0.429,0.184,0.15,0.744,0.868,0.57,0.872,0.745,0.949,0.361,0.167,0.502,0.401,0.028,0.211,0.441,0.884,0.868,0.506,0.96,0.467,0.069,0.964,0.231,0.303,0.176,0.43,0.99,0.93,0.362,0.263,0.45,0.785,0.585,0.162,0.418,0.755,0.405,0.192,0.682,0.113,0.884,0.292,0.919,0.288,0.418,0.439,0.369,0.117,0.833,0.005,0.307,0.713,0.924,0.621,0.216,0.262,0.831,0.137,0.815,0.133,0.966,0.601,0.579,0.124,0.942,0.926,0.818,0.065,0.676,0.404,0.541,0.539,0.26,0.377,0.153,0.247,0.985,0.792,0.153,0.729,0.063,0.408,0.928,0.238,0.064,0.712,0.864,0.579,0.995,0.252,0.509,0.425,0.237,0.493,0.932,0.136,0.231,0.146,0.617,0.126,0.046,0.578,0.863,0.777,0.834,0.287,0.534,0.611,0.208,0.108,0.887,0.109,0.456,0.755,0.306,0.745,0.379,0.694,0.577,0.943,0.953,0.162,0.073,0.019,0.207,0.608,0.755,0.42,0.198,0.534,0.097,0.43,0.377,0.316,0.882,0.046,0.051,0.838,0.012,0.566,0.012,0.347,0.298,0.722,0.971,0.092,0.449,0.874,0.591,0.518,0.474,0.39,0.944,0.783,0.129,0.54,0.645,0.476,0.197,0.72,0.227,0.61,0.866,0.445,0.58,0.901,0.379,0.489,0.339,0.688,0.121,0.011,0.86,0.77,0.772,0.82,0.582,0.44,0.165,0.009,0.253,0.351,0.583,0.873,0.671,0.245,0.284,0.482,0.262,0.755,0.444,0.077,0.11,0.161,0.588,0.412,0.618,0.747,0.802,0.782,0.528,0.236,0.173,0.321,0.016,0.339,0.589,0.167,0.487,0.336,0.464,0.482,0.156,0.458,0.702,0.387,0.257,0.405,0.127,0.944,0.414,0.414,0.217,0.626,0.659,0.153,0.429,0.452,0.929,0.498,0.357,0.887,0.855,0.272,0.794,0.754,0.04,0.262,0.354,0.958,0.839,0.863,0.019,0.806,0.487,0.224,0.598,0.633,0.843,0.492,0.464,0.032,0.465,0.914,0.871,0.444,0.912,0.754,0.85,0.345,0.867,0.298,0.159,0.216,0.552,0.682,0.848,0.197,0.662,0.619,0.78,0.627,0.481,0.544,0.919,0.158,0.298,0.65,0.256,0.265,0.304,0.293,0.348,0.828,0.987,0.408,0.025,0.193,0.657
2020-02-01 19:55:27,0.079,0.234,0.227,0.312,0.233,0.548,0.782,0.952,0.627,0.892,0.225,0.936,0.665,0.974,0.026,0.712,0.377,0.214,0.997,0.446,0.673,0.724,0.819,0.082,0.284,0.203,0.191,0.339,0.542,0.916,0.025,0.62,0.787,0.228,0.531,0.538,0.818,0.04,0.938,0.632,0.333,0.905,0.31,0.677,0.097,0.107,0.986,0.794,0.249,0.663,0.504,0.979,0.272,0.13,0.775,0.927,0.037,0.992,0.152,0.148,0.628,0.951,0.649,0.828,0.047,0.931,0.557,0.235,0.896,0.592,0.871,0.882,0.195,0.767,0.825,0.68,0.945,0.72,0.357,0.98,0.836,0.642,0.58,0.514,0.191,0.215,0.693,0.704,0.347,0.929,0.445,0.414,0.424,0.057,0.068,0.599,0.575,0.146,0.022,0.268,0.662,0.796,0.633,0.197,0.344,0.574,0.101,0.017,0.889,0.703,0.416,0.245,0.935,0.343,0.138,0.062,0.022,0.683,0.39,0.267,0.305,0.732,0.601,0.207,0.422,0.604,0.182,0.963,0.721,0.312,0.562,0.296,0.814,0.587,0.69,0.364,0.258,0.635,0.39,0.755,0.445,0.159,0.308,0.551,0.724,0.581,0.247,0.006,0.844,0.74,0.544,0.194,0.278,0.477,0.629,0.007,0.293,0.846,0.855,0.156,0.89,0.659,0.679,0.41,0.668,0.928,0.28,0.06,0.215,0.114,0.172,0.185,0.807,0.566,0.088,0.364,0.465,0.794,0.292,0.654,0.712,0.991,0.813,0.829,0.07,0.866,0.365,0.027,0.936,0.316,0.78,0.198,0.916,0.607,0.035,0.587,0.977,0.073,0.81,0.986,0.561,0.867,0.014,0.353,0.379,0.12,0.43,0.543,0.359,0.833,0.24,0.963,0.12,0.063,0.85,0.031,0.495,0.718,0.052,0.059,0.427,0.117,0.682,0.455,0.381,0.703,0.17,0.521,0.769,0.958,0.013,0.992,0.797,0.768,0.208,0.955,0.36,0.972,0.177,0.318,0.367,0.852,0.799,0.265,0.923,0.502,0.013,0.119,0.357,0.977,0.249,0.681,0.295,0.571,0.797,0.132,0.48,0.142,0.864,0.553,0.187,0.798,0.888,0.378,0.556,0.173,0.251,0.145,0.749,0.091,0.366,0.61,0.012,0.896,0.328,0.944,0.759,0.655,0.786,0.624,0.088,0.854,0.652,0.599,0.76,0.571,0.07,0.624,0.772,0.869,0.636,0.17,0.403,0.359,0.116,0.37,0.82,0.665,0.261,0.943,0.869,0.152,0.431,0.567,0.929,0.247,0.724,0.685,0.483,0.592,0.05,0.263,0.291,0.047,0.704,0.118,0.577,0.896,0.021,0.513,0.294,0.035,0.524,0.793,0.468,0.966,0.135,0.985,0.528,0.125,0.431,0.435,0.641,0.379,0.387,0.672,0.959,0.154,0.3,0.413,0.371,0.022,0.179,0.539,0.543,0.504,0.391,0.056,0.054,0.389,0.373,0.044,0.007,0.491,0.669,0.62,0.237,0.41,0.879,0.164,0.861,0.963,0.295,0.84,0.918,0.983,0.967,0.08,0.272,0.823,0.325,0.843,0.18,0.892,0.048,0.067,0.077,0.649,0.344,0.782,0.44,0.263,0.658,0.81,0.571,0.591,0.949,0.483,0.74,0.975,0.834,0.051,0.735,0.208,0.264,0.596,0.214,0.119,0.333,0.005,0.168,0.74,0.737,0.04,0.79,0.317,0.289,0.983,0.208,0.4,0.205,0.796,0.402,0.868,0.17,0.75,0.109,0.723,0.729,0.765,0.458,0.858,0.082,0.43,0.088,0.136,0.643,0.258,0.8,0.481,0.994,0.153,0.262,0.447,0.951,0.518,0.985,0.169,0.851,0.023,0.645,0.423,0.173,0.247,0.901,0.569,0.529,0.598,0.136,0.632,0.321,0.23,0.557,0.431,0.994,0.271,0.02,0.765,0.05,0.052,0.344,0.146,0.946,0.487,0.704,0.472,0.421,0.1,0.806,0.329,0.838,0.268,0.994,0.78,0.742,0.321,0.747,0.889,0.424,0.318,0.948,0.03,0.51,0.844,0.35,0.677,0.325,0.526,0.452,0.169,0.356,0.986,0.398,0.365,0.942,0.259,0.152,0.888,0.123,0.255,0.934,0.112,0.319,0.998,0.657,0.387,0.07,0.33,0.341,0.471,0.959,0.84
2020-02-01 19:55:27,0.606,0.259,0.752,0.123,0.823,0.514,0.201,0.256,0.534,0.867,0.66,0.942,0.554,0.765,0.514,0.954,0.673,0.188,0.465,0.944,0.765,0.063,0.093,0.73,0.567,0.481,0.954,0.679,0.65,0.656,0.682,0.752,0.361,0.292,0.007,0.226,0.287,0.397,0.652,0.947,0.188,0.356,0.577,0.843,0.054,0.484,0.402,0.027,0.725,0.45,0.021,0.097,0.143,0.25,0.586,0.946,0.881,0.824,0.223,0.778,0.513,0.724,0.399,0.85,0.427,0.471,0.195,0.457,0.481,0.524,0.495,0.004,0.138,0.606,0.089,0.15,0.883,0.876,0.15,0.569,0.147,0.091,0.946,0.776,0.703,0.889,0.496,0.782,0.222,0.312,0.503,0.067,0.912,0.68,0.041,0.624,0.728,0.364,0.881,0.29,0.081,0.065,0.571,0.228,0.864,0.536,0.817,0.562,0.675,0.427,0.848,0.396,0.267,0.617,0.83,0.435,0.666,0.867,0.352,0.701,0.27,0.125,0.552,0.08,0.572,0.931,0.191,0.935,0.194,0.897,0.492,0.792,0.01,0.254,0.464,0.398,0.046,0.408,0.537,0.916,0.8,0.836,0.227,0.29,0.524,0.302,0.548,0.028,0.895,0.304,0.437,0.096,0.097,0.869,0.708,0.709,0.942,0.471,0.367,0.954,0.289,0.357,0.742,0.306,0.661,0.7,0.005,0.303,0.613,0.818,0.569,0.125,0.955,0.546,0.726,0.58,0.335,0.873,0.926,0.029,0.218,0.59,0.784,0.712,0.895,0.022,0.4,0.476,0.092,0.551,0.264,0.856,0.482,0.666,0.053,0.519,0.9,0.384,0.651,0.94,0.538,0.799,0.171,0.025,0.591,0.85,0.257,0.982,0.26,0.514,0.579,0.647,0.362,0.679,0.126,0.727,0.563,0.981,0.275,0.841,0.409,0.129,0.125,0.934,0.73,0.492,0.859,0.837,0.78,0.069,0.629,0.243,0.329,0.843,0.471,0.85,0.78,0.136,0.371,0.601,0.84,0.169,0.096,0.717,0.099,0.774,0.637,0.669,0.702,0.096,0.075,0.723,0.624,0.818,0.773,0.323,0.559,0.839,0.204,0.698,0.056,0.255,0.641,0.913,0.708,0.874,0.136,0.77,0.488,0.66,0.694,0.142,0.778,0.738,0.248,0.076,0.784,0.442,0.719,0.471,0.114,0.241,0.644,0.7,0.686,0.202,0.253,0.159,0.029,0.244,0.351,0.535,0.264,0.931,0.064,0.788,0.067,0.591,0.789,0.98,0.958,0.594,0.328,0.416,0.881,0.905,0.806,0.578,0.799,0.162,0.595,0.763,0.354,0.953,0.245,0.163,0.16,0.91,0.933,0.904,0.015,0.065,0.086,0.331,0.889,0.18,0.685,0.025,0.955,0.755,0.863,0.577,0.492,0.305,0.418,0.924,0.612,0.219,0.405,0.597,0.452,0.324,0.172,0.5,0.724,0.718,0.095,0.552,0.649,0.18,0.531,0.755,0.546,0.045,0.947,0.832,0.711,0.101,0.564,0.176,0.168,0.153,0.703,0.697,0.724,0.63,0.149,0.74,0.18,0.219,0.815,0.795,0.405,0.901,0.263,0.507,0.116,0.845,0.246,0.162,0.983,0.309,0.808,0.892,0.306,0.208,1.0,0.179,0.019,0.46,0.468,0.853,0.983,0.853,0.951,0.085,0.285,0.017,0.971,0.347,0.048,0.341,0.352,0.753,0.81,0.898,0.701,0.039,0.566,0.292,0.426,0.793,0.004,0.499,0.922,0.026,0.974,0.31,0.857,0.673,0.135,0.166,0.672,0.823,0.229,0.716,0.546,0.531,0.045,0.684,0.266,0.087,0.832,0.495,0.414,0.534,0.786,0.385,0.045,0.692,0.878,0.982,0.748,0.383,0.489,0.955,0.813,0.489,0.126,0.879,0.502,0.222,0.143,0.494,0.232,0.609,0.135,0.733,0.668,0.951,0.276,0.121,0.008,0.967,0.515,0.32,0.059,0.136,0.603,0.939,0.957,0.41,0.043,0.943,0.424,0.524,0.878,0.509,0.95,0.519,0.99,0.029,0.428,0.996,0.279,0.519,0.634,0.36,0.2,0.415,0.256,0.353,0.608,0.685,0.198,0.116,0.392,0.569,0.842,0.827,0.005,0.304,0.094,0.533,0.691,0.614,0.936,0.073,0.38,0.741,0.679,0.616
2020-02-01 19:55:27,0.119,0.538,0.924,0.404,0.704,0.613,0.992,0.411,0.492,0.209,0.047,0.446,0.016,0.539,0.492,0.382,0.667,0.636,0.838,0.761,0.283,0.15,0.171,0.311,0.681,0.424,0.696,0.672,0.716,0.154,0.632,0.786,0.024,0.998,0.357,0.98,0.782,0.934,0.191,0.248,0.892,0.634,0.012,0.183,0.186,0.961,0.418,0.636,0.755,0.583,0.534,0.086,0.922,0.965,0.117,0.734,0.165,0.321,0.953,0.931,0.337,0.186,0.12,0.978,0.103,0.073,0.143,0.383,0.091,0.957,0.706,0.783,0.141,0.964,0.668,0.009,0.597,0.67,0.279,0.217,0.96,0.075,0.344,0.71,0.829,0.954,0.438,0.76,0.79,0.662,0.878,0.641,0.548,0.033,0.892,0.08,0.379,0.497,0.208,0.736,0.339,0.708,0.585,0.543,0.617,0.54,0.238,0.205,0.689,0.509,0.343,0.815,0.107,0.331,0.575,0.68,0.569,0.626,0.696,0.448,0.48,0.439,0.543,0.879,0.242,0.602,0.111,0.517,0.078,0.029,0.657,0.884,0.257,0.314,0.258,0.128,0.827,0.923,0.658,0.219,0.638,0.232,0.742,0.801,0.529,0.932,0.398,0.831,0.569,0.674,0.205,0.168,0.893,0.42,0.588,0.09,0.324,0.932,0.856,0.727,0.984,0.523,0.37,0.491,0.722,0.808,0.084,0.957,0.403,0.06,0.691,0.602,0.172,0.863,0.287,0.943,0.632,0.813,0.483,0.063,0.619,0.898,0.495,0.938,0.254,0.366,0.517,0.576,0.049,0.223,0.738,0.626,0.833,0.852,0.977,0.496,0.212,0.068,0.71,0.339,0.882,0.615,0.706,0.742,0.422,0.257,0.613,0.487,0.374,0.761,0.749,0.452,0.223,0.146,0.868,0.18,0.335,0.225,0.235,0.515,0.214,0.492,0.656,0.25,0.833,0.027,0.012,0.49,0.229,0.332,0.236,0.719,0.851,0.793,0.468,0.028,0.925,0.636,0.689,0.757,0.421,0.632,0.199,0.827,0.977,0.903,0.758,0.528,0.64,0.159,0.675,0.547,0.15,0.681,0.865,0.129,0.055,0.871,0.626,0.774,0.012,0.635,0.195,0.268,0.351,0.837,0.882,0.867,0.431,0.712,0.727,0.427,0.705,0.27,0.393,0.997,0.928,0.565,0.781,0.699,0.107,0.489,0.043,0.964,0.214,0.024,0.469,0.411,0.293,0.698,0.962,0.248,0.349,0.732,0.935,0.302,0.779,0.727,0.416,0.527,0.757,0.274,0.823,0.308,0.67,0.608,0.609,0.616,0.91,0.617,0.651,0.242,0.597,0.357,0.501,0.0,0.43,0.86,0.074,0.623,0.153,0.444,0.053,0.736,0.958,0.616,0.306,0.599,0.624,0.216,0.008,0.412,0.311,0.17,0.405,0.157,0.986,0.483,0.396,0.969,0.029,0.412,0.363,0.656,0.382,0.173,0.886,0.983,0.811,0.16,0.519,0.527,0.568,0.585,0.2,0.844,0.428,0.441,0.067,0.061,0.135,0.674,0.787,0.592,0.861,0.023,0.727,0.724,0.22,0.615,0.109,0.836,0.553,0.409,0.275,0.298,0.003,0.068,0.174,0.304,0.49,0.972,0.505,0.19,0.382,0.868,0.691,0.413,0.409,0.963,0.784,0.309,0.348,0.184,0.577,0.468,0.859,0.799,0.58,0.561,0.557,0.841,0.948,0.018,0.062,0.523,0.039,0.262,0.097,0.485,0.878,0.856,0.992,0.816,0.148,0.44,0.839,0.358,0.17,0.297,0.263,0.215,0.243,0.173,0.104,0.252,0.258,0.756,0.524,0.131,0.332,0.034,0.488,0.643,0.707,0.096,0.386,0.613,0.693,0.953,0.528,0.369,0.1,0.2,0.212,0.833,0.156,0.997,0.231,0.632,0.175,0.72,0.178,0.825,0.41,0.393,0.223,0.718,0.711,0.788,0.494,0.602,0.364,0.243,0.527,0.277,0.834,0.857,0.521,0.974,0.275,0.591,0.533,0.552,0.826,0.591,0.163,0.13,0.703,0.492,0.831,0.275,0.827,0.151,0.146,0.002,0.697,0.334,0.296,0.902,0.996,0.849,0.66,0.967,0.051,0.999,0.19,0.123,0.06,0.199,0.555,0.938,0.634,0.269,0.519,0.345,0.104,0.47,0.439,0.728,0.408,0.286
2020-02-01 19:55:27,0.88,0.782,0.907,0.864,0.796,0.086,0.256,0.222,0.124,0.46,0.54,0.072,0.385,0.112,0.287,0.009,0.903,0.678,0.753,0.63,0.064,0.912,0.352,0.699,0.276,0.603,0.44,0.474,0.303,0.956,0.976,0.565,0.996,0.793,0.352,0.588,0.039,0.012,0.592,0.188,0.395,0.321,0.646,0.592,0.076,0.698,0.132,0.771,0.822,0.316,0.498,0.524,0.1,0.714,0.762,0.572,0.271,0.353,0.411,0.073,0.61,0.867,0.3,0.513,0.194,0.762,0.574,0.925,0.393,0.463,0.399,0.003,0.369,0.866,0.605,0.76,0.824,0.843,0.025,0.836,0.321,0.173,0.674,0.019,0.256,0.518,0.278,0.791,0.079,0.073,0.7,0.46,0.691,0.47,0.231,0.713,0.822,0.923,0.463,0.843,0.322,0.393,0.684,0.392,0.957,0.394,0.109,0.364,0.819,0.805,0.458,0.402,0.468,0.313,0.777,0.206,0.978,0.212,0.406,0.192,0.426,0.131,0.601,0.313,0.796,0.866,0.501,0.658,0.508,0.458,0.159,0.708,0.832,0.894,0.044,0.365,0.281,0.25,0.877,0.179,0.44,0.854,0.634,0.934,0.476,0.049,0.539,0.633,0.076,0.937,0.805,0.445,0.164,0.684,0.025,0.573,0.317,0.646,0.784,0.836,0.206,0.13,0.923,0.246,0.783,0.695,0.258,0.967,0.999,0.997,0.841,0.916,0.995,0.906,0.845,0.724,0.356,0.619,0.241,0.515,0.679,0.583,0.642,0.782,0.788,0.178,0.906,0.244,0.985,0.309,0.326,0.79,0.648,0.003,0.467,0.073,0.057,0.132,0.617,0.445,0.396,0.29,0.876,0.047,0.906,0.146,0.536,0.551,0.197,0.822,0.541,0.258,0.117,0.412,0.949,0.627,0.971,0.103,0.478,0.258,0.575,0.938,0.927,0.11,0.052,0.98,0.702,0.092,0.991,0.623,0.015,0.57,0.017,0.137,0.116,0.664,0.464,0.949,0.613,0.901,0.901,0.788,0.79,0.078,0.503,0.051,0.482,0.878,0.258,0.481,0.545,0.895,0.392,0.192,0.668,0.428,0.445,0.862,0.489,0.69,0.815,0.702,0.898,0.765,0.176,0.675,0.28,0.091,0.097,0.075,0.551,0.008,0.964,0.933,0.706,0.162,0.122,0.618,0.803,0.902,0.238,0.597,0.528,0.966,0.819,0.409,0.255,0.758,0.504,0.859,0.058,0.39,0.408,0.87,0.256,0.125,0.155,0.71,0.408,0.586,0.995,0.098,0.697,0.613,0.363,0.457,0.906,0.474,0.745,0.93,0.348,0.614,0.812,0.35,0.912,0.373,0.011,0.454,0.01,0.609,0.304,0.21,0.125,0.474,0.285,0.958,0.008,0.248,0.954,0.824,0.384,0.653,0.936,0.428,0.418,0.67,0.073,0.161,0.363,0.215,0.073,0.231,0.99,0.507,0.487,0.751,0.786,0.435,0.903,0.408,0.094,0.471,0.416,0.16,0.406,0.587,0.251,0.393,0.964,0.278,0.564,0.935,0.724,0.642,0.649,0.724,0.107,0.747,0.771,0.309,0.315,0.288,0.03,0.375,0.052,0.678,0.731,0.703,0.831,0.511,0.776,0.856,0.734,0.619,0.296,0.683,0.108,0.019,0.387,0.682,0.014,0.361,0.311,0.451,0.822,0.984,0.778,0.494,0.18,0.954,0.368,0.288,0.273,0.182,0.018,0.091,0.419,0.497,0.884,0.172,0.616,0.646,0.789,0.223,0.317,0.809,0.063,0.979,0.23,0.897,0.611,0.394,0.229,0.483,0.007,0.994,0.153,0.695,0.135,0.296,0.217,0.17,0.05,0.365,0.401,0.048,0.606,0.478,0.425,0.345,0.922,0.351,0.942,0.79,0.475,0.008,0.36,0.893,0.39,0.184,0.463,0.753,0.34,0.203,0.147,0.405,0.899,0.026,0.693,0.021,0.915,0.423,0.152,0.473,0.276,0.865,0.268,0.472,0.338,0.754,0.32,0.899,0.802,0.037,0.991,0.027,0.255,0.003,0.549,0.664,0.446,0.592,0.15,0.173,0.616,0.449,0.367,0.594,0.922,0.388,0.795,0.608,0.791,0.184,0.185,0.246,0.558,0.181,0.696,0.305,0.911,0.041,0.155,0.279,0.139,0.191,0.26,0.638,0.501,0.08,0.965,0.731
2020-02-01 19:55:27,0.459,0.319,0.481,0.444,0.749,0.4,0.34,0.342,0.269,0.135,0.273,0.215,0.165,0.791,0.663,0.859,0.512,0.492,0.59,0.157,0.926,0.915,0.544,0.774,0.179,0.318,0.892,0.461,0.855,0.818,0.054,0.145,0.032,0.877,0.162,0.384,0.194,0.837,0.643,0.109,0.351,0.446,0.747,0.324,0.05,0.448,0.824,0.033,0.964,0.345,0.736,0.092,0.966,0.821,0.359,0.76,0.482,0.959,0.26,0.247,0.792,0.631,0.557,0.003,0.57,0.266,0.172,0.165,0.567,0.982,0.612,0.9,0.605,0.084,0.709,0.869,0.603,0.074,0.007,0.899,0.243,0.048,0.778,0.459,0.608,0.086,0.575,0.709,0.557,0.285,0.957,0.528,0.219,0.094,0.312,0.336,0.607,0.806,0.152,0.318,0.236,0.716,0.763,0.026,0.981,0.594,0.644,0.787,0.321,0.597,0.979,0.203,0.436,0.579,0.861,0.46,0.026,0.224,0.276,0.386,0.288,0.196,0.445,0.034,0.656,0.251,0.553,0.02,0.125,0.519,0.311,0.672,0.046,0.955,0.494,0.294,0.745,0.566,0.143,0.864,0.816,0.433,0.287,0.092,0.357,0.463,0.464,0.464,0.195,0.437,0.495,0.607,0.086,0.164,0.618,0.789,0.216,0.808,0.695,0.457,0.912,0.138,0.121,0.692,0.872,0.672,0.781,0.259,0.356,0.863,0.823,0.94,0.129,0.118,0.459,0.26,0.311,0.069,0.383,0.658,0.827,0.845,0.249,0.272,0.19,0.923,0.698,0.881,0.239,0.39,0.693,0.054,0.415,0.823,0.458,0.62,0.082,0.866,0.201,0.251,0.648,0.132,0.631,0.427,0.698,0.396,0.116,0.254,0.939,0.367,0.519,0.255,0.51,0.687,0.047,0.113,0.436,0.332,0.039,0.904,0.452,0.875,0.093,0.359,0.009,0.239,0.405,0.886,0.171,0.872,0.708,0.468,0.622,0.432,0.435,0.05,0.818,0.101,0.905,0.148,0.637,0.952,0.939,0.004,0.189,0.036,0.169,0.674,0.113,0.151,0.579,0.164,0.448,0.149,0.725,0.612,0.798,0.551,0.135,0.377,0.335,0.968,0.311,0.849,0.954,0.308,0.722,0.755,0.23,0.436,0.933,0.182,0.068,0.76,0.005,0.151,0.893,0.633,0.694,0.649,0.807,0.723,0.914,0.244,0.312,0.152,0.984,0.624,0.26,0.264,0.312,0.079,0.384,0.534,0.464,0.686,0.288,0.298,0.091,0.7,0.282,0.003,0.959,0.182,0.232,0.902,0.25,0.257,0.116,0.045,0.421,0.398,0.913,0.475,0.058,0.189,0.816,0.387,0.621,0.138,0.628,0.603,0.11,0.165,0.178,0.931,0.075,0.743,0.969,0.484,0.542,0.137,0.268,0.403,0.586,0.531,0.115,0.136,0.11,0.244,0.624,0.87,0.828,0.58,0.186,0.406,0.275,0.519,0.78,0.457,0.727,0.274,0.784,0.334,0.995,0.721,0.605,0.389,0.236,0.771,0.521,0.98,0.824,0.147,0.419,0.41,0.149,0.2,0.644,0.665,0.502,0.293,0.906,0.349,0.104,0.153,0.791,0.003,0.155,0.89,0.904,0.928,0.296,0.597,0.759,0.677,0.234,0.279,0.401,0.329,0.266,0.566,0.44,0.443,0.986,0.361,0.035,0.828,0.933,0.885,0.201,0.262,0.869,0.016,0.767,0.245,0.044,0.513,0.918,0.302,0.168,0.654,0.303,0.943,0.779,0.557,0.095,0.611,0.023,0.539,0.019,0.039,0.895,0.36,0.387,0.122,0.315,0.608,0.994,0.126,0.882,0.887,0.096,0.907,0.104,0.234,0.989,0.447,0.373,0.078,0.416,0.118,0.999,0.708,0.854,0.67,0.159,0.613,0.101,0.182,0.146,0.159,0.199,0.004,0.023,0.743,0.74,0.736,0.73,0.512,0.74,0.394,0.33,0.124,0.109,0.361,0.752,0.956,0.449,0.949,0.146,0.606,0.165,0.059,0.654,0.132,0.767,0.24,0.576,0.917,0.774,0.227,0.326,0.448,0.814,0.827,0.739,0.494,0.711,0.854,0.126,0.308,0.948,0.205,0.396,0.867,0.429,0.381,0.105,0.874,0.699,0.456,0.504,0.24,0.269,0.428,0.409,0.626,0.631,0.71,0.794,0.485
2020-02-01 19:55:27,0.034,0.714,0.473,0.944,0.406,0.15,0.882,0.792,0.274,0.597,0.457,0.579,0.069,0.635,0.104,0.246,0.986,0.716,0.126,0.929,0.493,0.153,0.047,0.453,0.41,0.588,0.762,0.293,0.094,0.467,0.792,0.75,0.203,0.729,0.458,0.296,0.109,0.464,0.853,0.561,0.034,0.87,0.943,0.07,0.067,0.978,0.275,0.405,0.09,0.897,0.11,0.589,0.886,0.67,0.03,0.083,0.544,0.268,0.267,0.133,0.668,0.095,0.898,0.353,0.611,0.362,0.289,0.878,0.464,0.489,0.082,0.319,0.61,0.618,0.78,0.592,0.164,0.811,0.767,0.525,0.415,0.553,0.343,0.544,0.498,0.95,0.29,0.656,0.674,0.569,0.789,0.497,0.126,0.871,0.037,0.82,0.572,0.034,0.181,0.763,0.844,0.994,0.636,0.568,0.932,0.759,0.694,0.568,0.488,0.847,0.467,0.049,0.176,0.941,0.152,0.481,0.841,0.933,0.169,0.366,0.428,0.88,0.854,0.082,0.923,0.137,0.328,0.248,0.143,0.415,0.588,0.872,0.622,0.374,0.004,0.32,0.528,0.963,0.764,0.388,0.747,0.68,0.776,0.555,0.862,0.515,0.549,0.936,0.706,0.025,0.204,0.038,0.876,0.076,0.107,0.343,0.213,0.937,0.057,0.107,0.595,0.248,0.123,0.848,0.606,0.54,0.915,0.984,0.83,0.831,0.242,0.349,0.696,0.479,0.041,0.752,0.877,0.11,0.986,0.674,0.977,0.551,0.809,0.778,0.574,0.642,0.872,0.464,0.678,0.177,0.706,0.485,0.628,0.577,0.303,0.16,0.811,0.212,0.916,0.118,0.671,0.693,0.692,0.543,0.108,0.498,0.009,0.545,0.1,0.943,0.365,0.506,0.032,0.698,0.307,0.43,0.93,0.099,0.069,0.445,0.857,0.029,0.328,0.134,0.925,0.871,0.296,0.935,0.584,0.048,0.26,0.022,0.481,0.847,0.741,0.989,0.001,0.706,0.909,0.134,0.838,0.061,0.834,0.701,0.005,0.27,0.936,0.111,0.76,0.988,0.917,0.364,0.286,0.962,0.734,0.893,0.858,0.176,0.999,0.593,0.806,0.131,0.065,0.158,0.863,0.437,0.571,0.698,0.151,0.675,0.042,0.998,0.809,0.549,0.318,0.52,0.202,0.838,0.521,0.967,0.729,0.715,0.23,0.542,0.23,0.711,0.973,0.492,0.157,0.182,0.882,0.993,0.102,0.406,0.556,0.03,0.122,0.567,0.436,0.065,0.137,0.877,0.915,0.136,0.995,0.798,0.447,0.52,0.454,0.347,0.608,0.236,0.043,0.242,0.934,0.634,0.481,0.973,0.989,0.336,0.591,0.011,0.571,0.184,0.867,0.548,0.75,0.792,0.028,0.962,0.376,0.499,0.721,0.905,0.606,0.416,0.779,0.656,0.235,0.342,0.222,0.827,0.681,0.697,0.307,0.898,0.561,0.625,0.104,0.462,0.871,0.96,0.747,0.352,0.2,0.155,0.741,0.801,0.431,0.756,0.091,0.325,0.231,0.344,0.9,0.717,0.214,0.094,0.904,0.037,0.541,0.941,0.049,0.01,0.431,0.752,0.2,0.574,0.918,0.488,0.318,0.289,0.862,0.348,0.647,0.195,0.64,0.156,0.978,0.11,0.788,0.424,0.378,0.662,0.017,0.48,0.462,0.725,0.232,0.041,0.125,0.526,0.85,0.904,0.792,0.673,0.329,0.978,0.534,0.373,0.826,0.327,0.448,0.776,0.686,0.687,0.545,0.122,0.975,0.747,0.916,0.608,0.708,0.73,0.438,0.138,0.715,0.212,0.243,0.699,0.187,0.094,0.185,0.594,0.823,0.576,0.576,0.26,0.229,0.098,0.532,0.292,0.151,0.048,0.433,0.688,0.635,0.425,0.266,0.277,0.403,0.162,0.319,0.971,0.13,0.998,0.257,0.122,0.407,0.708,0.956,0.629,0.519,0.154,0.457,0.153,0.055,0.783,0.108,0.061,0.013,0.019,0.31,0.43,0.507,0.11,0.53,0.966,0.721,0.94,0.665,0.061,0.946,0.056,0.684,0.631,0.958,0.567,0.028,0.818,0.316,0.795,0.421,0.903,0.405,0.65,0.067,0.014,0.639,0.147,0.203,0.265,0.891,0.539,0.851,0.851,0.251,0.004,0.461,0.645,0.699,0.096
2020-02-01 19:55:27,0.72,0.27,0.097,0.343,0.685,0.635,0.029,0.829,0.75,0.624,0.421,0.16,0.528,0.197,0.686,0.816,0.137,0.137,0.069,0.734,0.886,0.072,0.228,0.54,0.815,0.062,0.148,0.568,0.553,0.986,0.985,0.551,0.215,0.567,0.149,0.766,0.896,0.27,0.256,0.875,0.239,0.745,0.215,0.238,0.612,0.218,0.83,0.736,0.224,0.586,0.463,0.351,0.68,0.593,0.59,0.124,0.251,0.985,0.756,0.293,0.508,0.066,0.414,0.141,0.248,0.304,0.829,0.028,0.474,0.759,0.361,0.432,0.554,0.529,0.329,0.894,0.684,0.573,0.987,0.166,0.998,0.362,0.839,0.158,0.008,0.039,0.507,0.978,0.414,0.325,0.95,0.286,0.72,0.96,0.301,0.431,0.845,0.166,0.862,0.091,0.396,0.405,0.641,0.476,0.645,0.135,0.848,0.698,0.415,0.632,0.363,0.668,0.981,0.052,0.368,0.762,0.246,0.167,0.857,0.71,0.007,0.548,0.545,0.425,0.816,0.897,0.268,0.593,0.18,0.678,0.208,0.664,0.283,0.716,0.33,0.761,0.972,0.355,0.932,0.031,0.925,0.205,0.39,0.257,0.488,0.706,0.889,0.334,0.394,0.25,0.358,0.249,0.288,0.766,0.289,0.325,0.311,0.517,0.159,0.027,0.858,0.837,0.611,0.653,0.441,0.596,0.855,0.998,0.953,0.947,0.396,0.247,0.82,0.084,0.41,0.492,0.286,0.378,0.654,0.461,0.018,0.586,0.712,0.144,0.859,0.714,0.93,0.336,0.048,0.653,0.564,0.672,0.391,0.562,0.125,0.601,0.194,0.689,0.361,0.759,0.577,0.926,0.217,0.919,0.982,0.694,0.778,0.227,0.109,0.021,0.587,0.048,0.719,0.161,0.077,0.648,0.02,0.5,0.864,0.495,0.552,0.074,0.228,0.875,0.372,0.243,0.907,0.085,0.715,0.097,0.294,0.833,0.505,0.726,0.098,0.33,0.642,0.806,0.69,0.622,0.348,0.162,0.998,0.344,0.29,0.614,0.413,0.082,0.839,0.956,0.236,0.536,0.331,0.883,0.987,0.613,0.045,0.776,0.796,0.227,0.021,0.421,0.802,0.782,0.265,0.524,0.91,0.455,0.701,0.323,0.064,0.39,0.392,0.339,0.06,0.45,0.441,0.583,0.397,0.294,0.581,0.506,0.724,0.972,0.211,0.845,0.701,0.925,0.757,0.822,0.683,0.613,0.29,0.901,0.926,0.854,0.866,0.945,0.217,0.127,0.92,0.427,0.798,0.746,0.726,0.164,0.772,0.888,0.736,0.631,0.969,0.988,0.225,0.151,0.706,0.782,0.302,0.951,0.705,0.655,0.312,0.708,0.25,0.081,0.611,0.547,0.837,0.559,0.079,0.54,0.239,0.577,0.703,0.907,0.676,0.609,0.394,0.166,0.978,0.687,0.515,0.676,0.694,0.208,0.548,0.343,0.084,0.197,0.594,0.329,0.3,0.501,0.988,0.205,0.181,0.281,0.734,0.908,0.662,0.584,0.888,0.862,0.419,0.412,0.892,0.938,0.031,0.806,0.782,0.727,0.289,0.414,0.344,0.604,0.493,0.362,0.462,0.623,0.613,0.014,0.604,0.871,0.177,0.38,0.909,0.17,0.057,0.238,0.042,0.225,0.322,0.402,0.354,0.534,0.717,0.946,0.032,0.763,0.153,0.748,0.362,0.147,0.239,0.199,0.848,0.791,0.435,0.082,0.577,0.175,0.312,0.096,0.761,0.444,0.351,0.123,0.932,0.635,0.015,0.671,0.41,0.895,0.408,0.921,0.419,0.884,0.307,0.271,0.942,0.266,0.932,0.33,0.425,0.511,0.806,0.663,0.136,0.825,0.472,0.435,0.331,0.629,0.628,0.532,0.557,0.543,0.123,0.779,0.866,0.541,0.821,0.157,0.494,0.328,0.325,0.012,0.464,0.068,0.922,0.344,0.817,0.081,0.443,0.055,0.92,0.238,0.867,0.841,0.161,0.645,0.871,0.421,0.226,0.495,0.309,0.216,0.162,0.625,0.166,0.013,0.311,0.368,0.128,0.183,0.559,0.063,0.35,0.564,0.063,0.621,0.691,0.756,0.05,0.536,0.409,0.156,0.311,0.21,0.659,0.188,0.742,0.667,0.441,0.927,0.447,0.592,0.492,0.081,0.054,0.826,0.967,0.708
2020-02-01 19:55:27,0.657,0.644,0.037,0.335,0.012,0.635,0.262,0.126,0.767,0.047,0.856,0.942,0.232,0.847,0.972,0.056,0.224,0.637,0.531,0.185,0.335,0.052,0.42,0.051,0.483,0.849,0.442,0.828,0.136,0.379,0.806,0.033,0.805,0.326,0.64,0.545,0.974,0.962,0.176,0.428,0.689,0.78,0.416,0.786,0.971,0.249,0.51,0.287,0.48,0.283,0.872,0.911,0.494,0.279,0.039,0.002,0.946,0.353,0.852,0.653,0.98,0.002,0.276,0.719,0.373,0.201,0.211,0.585,0.484,0.719,0.275,0.803,0.144,0.78,0.007,0.103,0.32,0.194,0.604,0.568,0.298,0.121,0.662,0.888,0.14,0.674,0.979,0.768,0.785,0.359,0.287,0.14,0.23,0.649,0.714,0.248,0.597,0.181,0.47,0.831,0.715,0.6,0.768,0.309,0.761,0.084,0.932,0.577,0.985,0.295,0.462,0.089,0.474,0.839,0.807,0.735,0.173,0.831,0.387,0.937,0.469,0.652,0.855,0.904,0.198,0.635,0.877,0.456,0.292,0.8,0.246,0.082,0.553,0.855,0.877,0.784,0.323,0.005,0.252,0.267,0.55,0.989,0.018,0.598,0.16,0.743,0.725,0.55,0.676,0.765,0.639,0.955,0.353,0.336,0.101,0.655,0.719,0.573,0.261,0.64,0.026,0.572,0.959,0.502,0.673,0.748,0.726,0.286,0.391,0.695,0.319,0.402,0.966,0.695,0.505,0.942,0.96,0.832,0.645,0.585,0.532,0.571,0.625,0.714,0.092,0.699,0.667,0.554,0.538,0.282,0.618,0.27,0.625,0.561,0.086,0.303,0.12,0.082,0.375,0.137,0.786,0.743,0.665,0.213,0.221,0.982,0.9,0.025,0.213,0.399,0.63,0.079,0.583,0.451,0.919,0.438,0.407,0.038,0.325,0.474,0.901,0.922,0.709,0.226,0.041,0.078,0.31,0.135,0.253,0.651,0.48,0.037,0.48,0.137,0.723,0.012,0.779,0.314,0.373,0.97,0.403,0.661,0.543,0.864,0.09,0.811,0.98,0.975,0.339,0.264,0.899,0.919,0.308,0.717,0.298,0.547,0.317,0.56,0.073,0.155,0.06,0.764,0.666,0.067,0.313,0.732,0.088,0.456,0.241,0.086,0.465,0.848,0.328,0.283,0.126,0.207,0.979,0.502,0.503,0.545,0.249,0.674,0.034,0.679,0.009,0.864,0.4,0.653,0.542,0.587,0.723,0.217,0.593,0.016,0.668,0.865,0.308,0.331,0.969,0.3,0.255,0.244,0.754,0.521,0.957,0.24,0.389,0.363,0.979,0.093,0.371,0.575,0.924,0.103,0.399,0.922,0.139,0.125,0.768,0.524,0.401,0.517,0.703,0.761,0.745,0.181,0.701,0.815,0.542,0.445,0.362,0.708,0.936,0.628,0.217,0.677,0.167,0.54,0.325,0.155,0.193,0.769,0.748,0.228,0.589,0.318,0.584,0.326,0.08,0.59,0.3,0.194,0.929,0.352,0.608,0.851,0.783,0.575,0.565,0.45,0.173,0.846,0.109,0.047,0.348,0.821,0.617,0.626,0.056,0.453,0.863,0.37,0.463,0.888,0.298,0.614,0.973,0.938,0.822,0.732,0.254,0.799,0.168,0.275,0.073,0.929,0.245,0.191,0.208,0.805,0.837,0.193,0.616,0.938,0.356,0.031,0.494,0.982,0.612,0.895,0.488,0.812,0.303,0.446,0.217,0.663,0.617,0.768,0.039,0.67,0.184,0.878,0.539,0.426,0.478,0.71,0.359,0.896,0.106,0.646,0.086,0.252,0.685,0.325,0.967,0.979,0.949,0.765,0.244,0.309,0.836,0.251,0.154,0.504,0.433,0.327,0.653,0.946,0.946,0.443,0.445,0.869,0.684,0.746,0.205,0.816,0.182,0.028,0.42,0.704,0.387,0.087,0.773,0.713,0.07,0.368,0.331,0.044,0.052,0.41,0.31,0.742,0.941,0.354,0.741,0.187,0.507,0.515,0.455,0.5,0.255,0.045,0.898,0.842,0.661,0.87,0.979,0.999,0.117,0.481,0.848,0.661,0.32,0.648,0.307,0.73,0.869,0.127,0.512,0.998,0.293,0.338,0.511,0.701,0.407,0.25,0.27,0.752,0.652,0.716,0.898,0.275,0.19,0.935,0.05,0.327,0.449,0.004,0.136,0.994,0.976,0.684
2020-02-01 19:55:27,0.633,0.384,0.257,0.633,0.006,0.011,0.159,0.619,0.95,0.171,0.651,0.903,0.571,0.556,0.734,0.938,0.929,0.928,0.458,0.394,0.745,0.801,0.065,0.619,0.645,0.87,0.172,0.593,0.776,0.03,0.466,0.375,0.064,0.015,0.109,0.006,0.964,0.959,0.023,0.41,0.958,0.743,0.586,0.168,0.155,0.36,0.128,0.748,0.566,0.466,0.719,0.111,0.469,0.404,0.114,0.871,0.342,0.725,0.368,0.973,0.69,0.065,0.87,0.388,0.756,0.471,0.309,0.819,0.701,0.841,0.694,0.215,0.436,0.44,0.861,0.31,0.232,0.294,0.982,0.808,0.112,0.641,0.267,0.382,0.513,0.639,0.005,0.738,0.243,0.261,0.475,0.678,0.908,0.075,0.51,0.254,0.067,0.958,0.618,0.463,0.13,0.652,0.149,0.556,0.766,0.356,0.084,0.097,0.217,0.826,0.085,0.15,0.373,0.007,0.352,0.86,0.858,0.596,0.997,0.465,0.127,0.764,0.882,0.338,0.823,0.567,0.289,0.787,0.042,0.411,0.706,0.385,0.737,0.413,0.365,0.215,0.929,0.995,0.03,0.182,0.238,0.501,0.827,0.584,0.386,0.963,0.988,0.834,0.309,0.065,0.082,0.34,0.576,0.154,0.33,0.432,0.861,0.57,0.418,0.893,0.384,0.664,0.691,0.303,0.355,0.222,0.146,0.555,0.348,0.992,0.151,0.227,0.161,0.522,0.577,0.468,0.616,0.992,0.686,0.813,0.271,0.613,0.176,0.745,0.726,0.125,0.392,0.411,0.406,0.055,0.263,0.989,0.259,0.781,0.04,0.218,0.16,0.69,0.622,0.361,0.509,0.097,0.101,0.032,0.194,0.126,0.799,0.786,0.929,0.709,0.504,0.334,0.705,0.332,0.866,0.228,0.483,0.79,0.401,0.977,0.283,0.818,0.7,0.845,0.531,0.503,0.709,0.994,0.124,0.961,0.792,0.298,0.919,0.582,0.872,0.935,0.61,0.2,0.858,0.163,0.362,0.627,0.881,0.893,0.529,0.516,0.168,0.707,0.433,0.889,0.818,0.009,0.349,0.815,0.177,0.396,0.887,0.068,0.343,0.991,0.862,0.953,0.831,0.057,0.16,0.648,0.823,0.906,0.465,0.723,0.763,0.229,0.722,0.248,0.255,0.887,0.694,0.125,0.888,0.069,0.057,0.97,0.989,0.76,0.041,0.316,0.677,0.365,0.094,0.338,0.751,0.007,0.614,0.36,0.788,0.556,0.008,0.227,0.017,0.889,0.464,0.941,0.903,0.608,0.274,0.865,0.293,0.478,0.315,0.688,0.587,0.206,0.58,0.433,0.092,0.01,0.129,0.733,0.348,0.347,0.765,0.93,0.788,0.631,0.35,0.739,0.876,0.562,0.422,0.689,0.006,0.38,0.046,0.387,0.467,0.014,0.632,0.804,0.902,0.073,0.516,0.464,0.415,0.064,0.663,0.614,0.028,0.333,0.454,0.932,0.689,0.917,0.918,0.956,0.215,0.98,0.82,0.347,0.066,0.028,0.801,0.459,0.964,0.148,0.522,0.528,0.201,0.99,0.257,0.921,0.125,0.75,0.772,0.87,0.283,0.218,0.804,0.462,0.152,0.187,0.784,0.515,0.761,0.573,0.277,0.356,0.338,0.18,0.359,0.803,0.987,0.561,0.655,0.498,0.431,0.719,0.608,0.406,0.738,0.828,0.576,0.827,0.883,0.97,0.793,0.577,0.409,0.005,0.981,0.754,0.897,0.473,0.583,0.714,0.131,0.774,0.234,0.132,0.665,0.027,0.013,0.423,0.328,0.295,0.218,0.85,0.481,0.496,0.726,0.911,0.8,0.71,0.482,0.939,0.084,0.552,0.767,0.912,0.271,0.768,0.586,0.456,0.884,0.979,0.95,0.364,0.293,0.116,0.951,0.454,0.152,0.801,0.234,0.061,0.36,0.512,0.813,0.301,0.343,0.704,0.527,0.368,0.14,0.731,0.558,0.795,0.833,0.04,0.04,0.731,0.99,0.379,0.672,0.428,0.204,0.306,0.136,0.06,0.729,0.023,0.606,0.001,0.487,0.393,0.042,0.662,0.187,0.682,0.774,0.844,0.9,0.985,0.68,0.994,0.207,0.211,0.835,0.908,0.195,0.722,0.202,0.168,0.421,0.54,0.951,0.595,0.543,0.954,0.341,0.983,0.589,0.081
2020-02-01 19:55:27,0.596,0.893,0.192,0.755,0.891,0.242,0.437,0.218,0.719,0.508,0.13,0.375,0.47,0.666,0.274,0.023,0.712,0.699,0.751,0.334,0.006,0.823,0.472,0.076,0.009,0.594,0.141,0.155,0.716,0.654,0.061,0.583,0.85,0.366,0.764,0.682,0.132,0.483,0.91,0.641,0.552,0.05,0.018,0.55,0.124,0.111,0.17,0.038,0.077,0.243,0.946,0.694,0.669,0.513,0.988,0.647,0.273,0.241,0.789,0.996,0.281,0.09,0.199,0.86,0.667,0.199,0.411,0.291,0.87,0.552,0.484,0.579,0.417,0.794,0.829,0.75,0.413,0.971,0.269,0.324,0.107,0.831,0.077,0.839,0.453,0.221,0.341,0.5,0.589,0.101,0.265,0.349,0.695,0.416,0.242,0.721,0.204,0.902,0.213,0.024,0.05,0.289,0.153,0.834,0.978,0.425,0.772,0.901,0.48,0.374,0.842,0.003,0.645,0.922,0.227,0.495,0.345,0.167,0.438,0.194,0.576,0.186,0.746,0.441,0.862,0.059,0.585,0.165,0.69,0.635,0.493,0.142,0.392,0.019,0.369,0.404,0.126,0.965,0.819,0.231,0.155,0.73,0.949,0.941,0.857,0.034,0.979,0.94,0.669,0.648,0.111,0.522,0.11,0.643,0.515,0.438,0.606,0.479,0.821,0.841,0.629,0.764,0.224,0.445,0.572,0.327,0.412,0.945,0.97,0.111,0.949,0.707,0.42,0.082,0.154,0.055,0.362,0.223,0.442,0.831,0.72,0.726,0.716,0.928,0.159,0.343,0.186,0.812,0.573,0.839,0.559,0.855,0.279,0.407,0.378,0.165,0.607,0.837,0.081,0.242,0.424,0.629,0.154,0.584,0.406,0.957,0.451,0.407,0.526,0.257,0.225,0.406,0.261,0.975,0.876,0.673,0.988,0.195,0.491,0.387,0.052,0.435,0.664,0.065,0.292,0.139,0.607,0.543,0.007,0.112,0.792,0.002,0.428,0.189,0.062,0.309,0.852,0.03,0.759,0.242,0.477,0.307,0.88,0.295,0.068,0.34,0.524,0.902,0.601,0.347,0.984,0.535,0.304,0.194,0.649,0.861,0.286,0.44,0.809,0.193,0.62,0.561,0.801,0.817,0.801,0.245,0.876,0.295,0.199,0.619,0.556,0.069,0.283,0.157,0.96,0.424,0.871,0.259,0.644,0.878,0.364,0.342,0.502,0.706,0.224,0.929,0.93,0.414,0.758,0.785,0.584,0.765,0.795,0.611,0.542,0.878,0.802,0.799,0.111,0.927,0.582,0.711,0.58,0.607,0.319,0.105,0.405,0.808,0.369,0.2,0.914,0.228,0.01,0.907,0.898,0.317,0.057,0.105,0.86,0.553,0.259,0.125,0.259,0.83,0.416,0.294,0.51,0.77,0.914,0.834,0.58,0.956,0.253,0.231,0.597,0.19,0.42,0.082,0.61,0.904,0.786,0.487,0.187,0.98,0.979,0.329,0.155,0.567,0.223,0.223,0.554,0.339,0.249,0.914,0.578,0.413,0.466,0.181,0.82,0.26,0.416,0.795,0.568,0.536,0.274,0.635,0.54,0.456,0.902,0.948,0.874,0.643,0.301,0.246,0.512,0.293,0.309,0.567,0.897,0.604,0.916,0.309,0.785,0.963,0.008,0.2,0.925,0.695,0.142,0.466,0.77,0.458,0.799,0.36,0.464,0.415,0.711,0.051,0.284,0.751,0.979,0.503,0.995,0.886,0.579,0.944,0.699,0.162,0.864,0.207,0.737,0.609,0.654,0.019,0.69,0.107,0.64,0.981,0.508,0.958,0.056,0.595,0.606,0.163,0.006,0.356,0.015,0.434,0.346,0.483,0.247,0.663,0.6,0.894,0.976,0.116,0.165,0.889,0.565,0.029,0.956,0.849,0.972,0.835,0.736,0.9,0.647,0.473,0.155,0.109,0.817,0.871,0.89,0.978,0.575,0.382,0.146,0.826,0.554,0.82,0.798,0.572,0.612,0.709,0.693,0.25,0.322,0.421,0.497,0.18,0.855,0.222,0.913,0.587,0.427,0.885,0.115,0.299,0.298,0.032,0.581,0.395,0.03,0.703,0.394,0.56,0.176,0.886,0.992,0.908,0.19,0.649,0.453,0.419,0.478,0.57,0.241,0.896,0.476,0.872,0.045,0.643,0.095,0.2,0.587,0.459,0.793,0.199,0.714,0.122,0.419,0.422
2020-02-01 19:55:27,0.432,0.272,0.521,0.27,0.063,0.174,0.162,0.68,0.242,0.972,0.104,0.322,0.908,0.036,0.855,0.827,0.812,0.555,0.013,0.675,0.176,0.81,0.186,0.074,0.238,0.55,0.432,0.133,0.843,0.612,0.24,0.128,0.468,0.162,0.823,0.256,0.275,0.505,0.455,0.381,0.452,0.295,0.519,0.897,0.518,0.109,0.351,0.686,0.276,0.575,0.103,0.696,0.243,0.632,0.496,0.34,0.301,0.581,0.727,0.301,0.164,0.278,0.1,0.074,0.201,0.167,0.937,0.455,0.466,0.567,0.795,0.223,0.651,0.723,0.611,0.482,0.391,0.986,0.885,0.899,0.571,0.303,0.212,0.606,0.812,0.141,0.912,0.803,0.024,0.795,0.872,0.126,0.218,0.405,0.552,0.402,0.205,0.481,0.705,0.015,0.045,0.125,0.117,0.508,0.942,0.995,0.369,0.117,0.445,0.577,0.53,0.964,0.087,0.581,0.527,0.717,0.251,0.156,0.985,0.963,0.232,0.532,0.246,0.83,0.062,0.814,0.509,0.846,0.713,0.465,0.369,0.274,0.253,0.886,0.654,0.121,0.64,0.858,0.841,0.436,0.134,0.698,0.692,0.677,0.452,0.406,0.972,0.144,0.434,0.689,0.461,0.842,0.197,0.531,0.587,0.09,0.634,0.457,0.149,0.101,0.105,0.862,0.991,0.715,0.441,0.088,0.38,0.266,0.896,0.019,0.694,0.193,0.898,0.911,0.612,0.2,0.706,0.4,0.942,0.552,0.368,0.989,0.417,0.354,0.985,0.458,0.964,0.97,0.854,0.153,0.232,0.802,0.899,0.597,0.763,0.488,0.19,0.146,0.763,0.147,0.113,0.455,0.045,0.013,0.613,0.177,0.483,0.524,0.751,0.539,0.959,0.323,0.907,0.658,0.826,0.223,0.895,0.118,0.291,0.369,0.554,0.669,0.05,0.479,0.02,0.411,0.921,0.718,0.462,0.226,0.772,0.104,0.578,0.439,0.459,0.806,0.296,0.8,0.162,0.591,0.273,0.536,0.788,0.923,0.426,0.767,0.13,0.408,0.062,0.006,0.854,0.91,0.526,0.657,0.828,0.477,0.291,0.105,0.872,0.85,0.499,0.705,0.778,0.818,0.631,0.483,0.95,0.883,0.289,0.567,0.025,0.177,0.052,0.631,0.01,0.12,0.68,0.698,0.611,0.166,0.694,0.021,0.285,0.016,0.569,0.735,0.358,0.712,0.015,0.684,0.151,0.576,0.387,0.98,0.746,0.431,0.242,0.205,0.621,0.565,0.869,0.685,0.083,0.795,0.733,0.261,0.379,0.212,0.898,0.582,0.918,0.414,0.119,0.619,0.505,0.378,0.691,0.532,0.817,0.262,0.582,0.362,0.724,0.409,0.53,0.135,0.918,0.251,0.619,0.159,0.3,0.907,0.319,0.923,0.106,0.456,0.499,0.489,0.578,0.5,0.782,0.586,0.333,0.318,0.759,0.809,0.666,0.281,0.427,0.351,0.728,0.037,0.154,0.961,0.29,0.704,0.789,0.535,0.813,0.907,0.239,0.14,0.416,0.687,0.205,0.708,0.068,0.545,0.066,0.991,0.118,0.378,0.003,0.431,0.131,0.925,0.147,0.993,0.638,0.594,0.078,0.268,0.96,0.212,0.825,0.577,0.564,0.963,0.408,0.939,0.621,0.438,0.984,0.515,0.802,0.873,0.231,0.924,0.919,0.329,0.219,0.031,0.899,0.466,0.506,0.676,0.238,0.846,0.84,0.973,0.139,0.358,0.97,0.652,0.463,0.601,0.66,0.146,0.97,0.702,0.908,0.422,0.883,0.495,0.729,0.372,0.772,0.717,0.962,0.688,0.532,0.605,0.448,0.59,0.108,0.217,0.051,0.825,0.136,0.274,0.593,0.456,0.366,0.361,0.737,0.759,0.681,0.274,0.648,0.141,0.023,0.238,0.697,0.843,0.297,0.447,0.8,0.106,0.684,0.268,0.176,0.522,0.112,0.514,0.865,0.627,0.776,0.113,0.637,0.215,0.764,0.761,0.908,0.203,0.426,0.464,0.547,0.26,0.325,0.297,0.24,0.515,0.088,0.661,0.005,0.642,0.607,0.453,0.885,0.04,0.842,0.419,0.425,0.032,0.356,0.349,0.058,0.463,0.386,0.906,0.006,0.844,0.014,0.519,0.1,0.322,0.789,0.588,0.226,0.414,0.242,0.744
2020-02-01 19:55:27,0.509,0.877,0.83,0.904,0.171,0.432,0.451,0.226,0.892,0.2,0.85,0.738,0.728,0.076,0.548,0.874,0.696,0.26,0.216,0.31,0.144,0.075,0.461,0.176,0.951,0.258,0.855,0.506,0.727,0.808,0.135,0.768,0.345,0.548,0.385,0.175,0.939,0.216,0.571,0.939,0.791,0.571,0.463,0.799,0.566,0.207,0.835,0.339,0.991,0.4,0.443,0.046,0.303,0.702,0.882,0.825,0.238,0.689,0.38,0.345,0.063,0.516,0.788,0.049,0.163,0.203,0.847,0.823,0.837,0.943,0.403,0.516,0.033,0.296,0.835,0.947,0.262,0.561,0.083,0.999,0.524,0.407,0.312,0.387,0.57,0.886,0.014,0.563,0.582,0.843,0.318,0.846,0.825,0.297,0.327,0.474,0.815,0.956,0.755,0.188,0.197,0.624,0.661,0.116,0.414,0.887,0.302,0.358,0.385,0.826,0.731,0.171,0.097,0.627,0.126,0.882,0.614,0.017,0.254,0.793,0.789,0.095,0.149,0.154,0.964,0.521,0.211,0.771,0.696,0.491,0.888,0.614,0.595,0.123,0.265,0.96,0.557,0.667,0.748,0.14,0.455,0.449,0.832,0.292,0.04,0.355,0.532,0.798,0.735,0.279,0.558,0.019,0.273,0.911,0.178,0.316,0.251,0.915,0.735,0.658,0.501,0.586,0.066,0.984,0.175,0.09,0.936,0.339,0.132,0.043,0.588,0.009,0.81,0.097,0.729,0.275,0.228,0.901,0.098,0.842,0.209,0.469,0.304,0.213,0.603,0.234,0.1,0.313,0.216,0.053,0.167,0.483,0.879,0.705,0.483,0.722,0.701,0.793,0.104,0.24,0.955,0.348,0.475,0.419,0.033,0.832,0.604,0.012,0.718,0.561,0.718,0.305,0.675,0.427,0.626,0.24,0.951,0.277,0.091,0.762,0.039,0.224,0.534,0.511,0.784,0.497,0.368,0.424,0.309,0.088,0.122,0.769,0.642,0.958,0.545,0.292,0.93,0.819,0.59,0.572,0.704,0.319,0.879,0.973,0.389,0.159,0.698,0.163,0.465,0.948,0.43,0.402,0.888,0.757,0.33,0.801,0.847,0.464,0.925,0.344,0.565,0.204,0.81,0.443,0.586,0.283,0.508,0.118,0.112,0.378,0.159,0.067,0.296,0.162,0.368,0.664,0.727,0.154,0.282,0.6,0.574,0.649,0.885,0.096,0.003,0.845,0.701,0.702,0.92,0.863,0.05,0.431,0.417,0.515,0.495,0.845,0.158,0.663,0.765,0.387,0.486,0.897,0.772,0.889,0.562,0.408,0.05,0.028,0.274,0.807,0.666,0.981,0.665,0.349,0.729,0.323,0.933,0.396,0.311,0.96,0.797,0.581,0.334,0.855,0.536,0.763,0.497,0.037,0.987,0.74,0.187,0.692,0.984,0.316,0.812,0.763,0.191,0.651,0.213,0.939,0.431,0.589,0.718,0.336,0.906,0.306,0.643,0.448,0.587,0.061,0.135,0.456,0.113,0.377,0.241,0.306,0.649,0.564,0.393,0.603,0.146,0.639,0.919,0.68,0.275,0.461,0.842,0.618,0.857,0.016,0.223,0.918,0.567,0.617,0.199,0.109,0.514,0.179,0.411,0.183,0.922,0.109,0.471,0.361,0.908,0.864,0.31,0.836,0.259,0.525,0.695,0.123,0.96,0.904,0.632,0.569,0.147,0.374,0.719,0.856,0.074,0.15,0.388,0.826,0.338,0.03,0.795,0.857,0.429,0.349,0.914,0.115,0.721,0.443,0.23,0.771,0.316,0.236,0.579,0.036,0.227,0.018,0.995,0.776,0.111,0.643,0.891,0.795,0.591,0.163,0.852,0.43,0.53,0.555,0.007,0.063,0.504,0.857,0.575,0.906,0.781,0.229,0.765,0.278,0.983,0.465,0.41,0.498,0.988,0.862,0.797,0.451,0.186,0.07,0.593,0.433,0.937,0.589,0.368,0.21,0.08,0.201,0.302,0.436,0.698,0.589,0.951,0.281,0.301,0.904,0.146,0.585,0.578,0.942,0.059,0.25,0.75,0.169,0.533,0.484,0.046,0.97,0.874,0.085,0.793,0.153,0.994,0.798,0.376,0.771,0.835,0.127,0.244,0.216,0.768,0.931,0.806,0.026,0.004,0.276,0.692,0.154,0.483,0.621,0.738,0.584,0.842,0.749,0.164,0.166,0.115,0.985
2020-02-01 19:55:27,0.172,0.735,0.764,0.086,0.101,0.413,0.897,0.093,0.619,0.683,0.084,0.303,0.443,0.419,0.289,0.524,0.45,0.783,0.946,0.925,0.802,0.806,0.433,0.372,0.027,0.513,0.305,0.968,0.946,0.103,0.778,0.447,0.088,0.226,0.169,0.8,0.38,0.886,0.806,0.066,0.967,0.912,0.229,0.859,0.392,0.114,0.268,0.396,0.911,0.361,0.363,0.536,0.657,0.441,0.112,0.516,0.617,0.994,0.716,0.564,0.436,0.999,0.226,0.445,0.25,0.072,0.189,0.597,0.657,0.266,0.247,0.815,0.504,0.487,0.454,0.373,0.304,0.448,0.946,0.371,0.268,0.483,0.742,0.942,0.736,0.632,0.125,0.167,0.181,0.751,0.271,0.975,0.209,0.272,0.356,0.749,0.763,0.141,0.291,0.439,0.041,0.105,0.995,0.319,0.357,0.331,0.488,0.054,0.517,0.233,0.501,0.449,0.984,0.284,0.753,0.077,0.664,0.062,0.939,0.779,0.409,0.936,0.702,0.307,0.891,0.179,0.98,0.839,0.149,0.125,0.096,0.29,0.626,0.088,0.051,0.34,0.415,0.084,0.308,0.697,0.08,0.113,0.715,0.46,0.597,0.723,0.632,0.989,0.039,0.93,0.449,0.811,0.579,0.634,0.981,0.651,0.187,0.511,0.859,0.581,0.781,0.313,0.75,0.818,0.32,0.361,0.181,0.986,0.727,0.099,0.702,0.446,0.989,0.76,0.553,0.005,0.965,0.25,0.403,0.292,0.764,0.216,0.053,0.938,0.769,0.357,0.149,0.748,0.245,0.656,0.609,0.711,0.108,0.212,0.176,0.889,0.46,0.501,0.788,0.747,0.861,0.883,0.988,0.614,0.22,0.793,0.299,0.817,0.357,0.831,0.51,0.555,0.74,0.929,0.17,0.469,0.532,0.885,0.815,0.047,0.389,0.319,0.378,0.854,0.582,0.882,0.833,0.272,0.875,0.615,0.422,0.115,0.737,0.225,0.04,0.585,0.636,0.935,0.274,0.306,0.495,0.34,0.737,0.843,0.964,0.927,0.11,0.951,0.231,0.297,0.571,0.65,0.007,0.328,0.255,0.653,0.575,0.487,0.424,0.934,0.03,0.076,0.698,0.932,0.118,0.062,0.928,0.421,0.86,0.897,0.0,0.98,0.168,0.749,0.393,0.328,0.057,0.199,0.792,0.126,0.554,0.903,0.989,0.449,0.798,0.925,0.424,0.321,0.101,0.162,0.847,0.581,0.181,0.173,0.964,0.943,0.274,0.229,0.929,0.421,0.356,0.675,0.371,0.088,0.963,0.022,0.684,0.319,0.335,0.129,0.924,0.952,0.259,0.287,0.586,0.051,0.163,0.214,0.295,0.705,0.233,0.3,0.013,0.167,0.312,0.18,0.785,0.978,0.136,0.478,0.901,0.882,0.671,0.396,0.306,0.949,0.735,0.354,0.331,0.749,0.518,0.444,0.184,0.569,0.384,0.351,0.598,0.777,0.694,0.738,0.365,0.515,0.261,0.01,0.572,0.621,0.686,0.472,0.778,0.027,0.444,0.573,0.242,0.789,0.22,0.618,0.789,0.383,0.54,0.86,0.979,0.625,0.971,0.829,0.615,0.469,0.316,0.627,0.878,0.941,0.458,0.05,0.984,0.778,0.594,0.64,0.314,0.658,0.764,0.896,0.748,0.481,0.119,0.693,0.107,0.449,0.273,0.187,0.07,0.366,0.067,0.597,0.103,0.17,0.013,0.153,0.994,0.153,0.414,0.61,0.925,0.625,0.666,0.476,0.4,0.605,0.234,0.7,0.23,0.196,0.747,0.502,0.819,0.512,0.874,0.616,0.284,0.012,0.608,0.15,0.294,0.101,0.267,0.22,0.559,0.857,0.191,0.716,0.637,0.416,0.774,0.088,0.105,0.067,0.408,0.973,0.133,0.596,0.841,0.71,0.172,0.231,0.117,0.665,0.334,0.795,0.581,0.075,0.395,0.656,0.472,0.849,0.978,0.518,0.96,0.52,0.853,0.659,0.473,0.776,0.797,0.348,0.215,0.757,0.213,0.061,0.018,0.718,0.648,0.649,0.906,0.137,0.583,0.72,0.098,0.003,0.622,0.803,0.496,0.057,0.23,0.039,0.293,0.081,0.141,0.482,0.16,0.675,0.147,0.655,0.157,0.298,0.331,0.555,0.066,0.49,0.3,0.309,0.732,0.417,0.635,0.081
2020-02-01 19:55:27,0.963,0.414,0.594,0.617,0.487,0.24,0.034,0.486,0.604,0.291,0.273,0.611,0.945,0.146,0.741,0.41,0.803,0.131,0.331,0.397,0.691,0.939,0.109,0.468,0.132,0.028,0.91,0.742,0.948,0.025,0.095,0.5,0.245,0.574,0.814,0.344,0.432,0.364,0.192,0.594,0.711,0.532,0.502,0.899,0.114,0.277,0.511,0.812,0.738,0.956,0.592,0.338,0.563,0.28,0.001,0.608,0.978,0.494,0.412,0.189,0.593,0.583,0.097,0.312,0.856,0.465,0.312,0.495,0.887,0.561,0.36,0.818,0.081,0.138,0.602,0.511,0.867,0.542,0.689,0.795,0.574,0.27,0.248,0.996,0.797,0.096,0.103,0.775,0.733,0.064,0.285,0.51,0.247,0.055,0.318,0.584,0.18,0.331,0.258,0.048,0.274,0.66,0.651,0.063,0.018,0.656,0.668,0.563,0.677,0.53,0.759,0.253,0.088,0.527,0.685,0.427,0.537,0.567,0.696,0.492,0.942,0.012,0.74,0.526,0.416,0.185,0.123,0.06,0.037,0.411,0.886,0.052,0.075,0.087,0.594,0.259,0.011,0.515,0.735,0.255,0.622,0.283,0.445,0.489,0.549,0.3,0.307,0.354,0.705,0.215,0.928,0.208,0.818,0.121,0.349,0.188,0.002,0.61,0.326,0.23,0.024,0.51,0.406,0.709,0.021,0.782,0.256,0.139,0.469,0.185,0.969,0.522,0.804,0.72,0.284,0.406,0.848,0.29,0.245,0.986,0.849,0.442,0.259,0.161,0.847,0.434,0.126,0.683,0.041,0.573,0.948,0.589,0.88,0.618,0.003,0.767,0.624,0.836,0.346,0.619,0.26,0.554,0.168,0.517,0.233,0.813,0.114,0.112,0.447,0.69,0.842,0.813,0.123,0.672,0.779,0.645,0.294,0.325,0.358,0.455,0.985,0.056,0.759,0.456,0.786,0.725,0.482,0.238,0.911,0.963,0.058,0.569,0.706,0.271,0.003,0.592,0.044,0.084,0.832,0.981,0.892,0.159,0.84,0.19,0.994,0.735,0.206,0.202,0.215,0.695,0.257,0.284,0.747,0.402,0.11,0.405,0.926,0.503,0.348,0.527,0.762,0.971,0.854,0.42,0.67,0.443,0.634,0.426,0.047,0.956,0.28,0.492,0.468,0.676,0.68,0.318,0.588,0.998,0.97,0.903,0.974,0.394,0.498,0.017,0.99,0.201,0.995,0.732,0.501,0.418,0.425,0.639,0.744,0.592,0.411,0.87,0.472,0.444,0.003,0.257,0.714,0.993,0.323,0.414,0.671,0.87,0.294,0.477,0.1,0.836,0.327,0.178,0.297,0.943,0.339,0.894,0.308,0.569,0.134,0.705,0.95,0.838,0.333,0.947,0.29,0.024,0.343,0.449,0.35,0.105,0.345,0.712,0.909,0.923,0.879,0.215,0.048,0.459,0.609,0.135,0.842,0.108,0.374,0.898,0.369,0.728,0.945,0.406,0.881,0.68,0.311,0.476,0.467,0.622,0.408,0.132,0.01,0.713,0.387,0.362,0.694,0.547,0.47,0.249,0.45,0.84,0.677,0.397,0.032,0.519,0.718,0.892,0.383,0.173,0.093,0.153,0.522,0.637,0.356,0.873,0.87,0.657,0.678,0.842,0.012,0.274,0.893,0.493,0.514,0.947,0.793,0.955,0.001,0.663,0.803,0.817,0.16,0.664,0.959,0.161,0.805,0.108,0.639,0.657,0.611,0.201,0.511,0.369,0.389,0.329,0.116,0.098,0.221,0.969,0.962,0.044,0.482,0.64,0.695,0.706,0.359,0.222,0.634,0.756,0.177,0.032,0.182,0.063,0.459,0.812,0.976,0.747,0.214,0.593,0.029,0.399,0.292,0.011,0.93,0.682,0.357,0.866,0.406,0.343,0.423,0.709,0.833,0.135,0.725,0.077,0.68,0.976,0.698,0.536,0.296,0.52,0.473,0.52,0.939,0.171,0.501,0.507,0.28,0.685,0.226,0.414,0.944,0.711,0.183,0.024,0.262,0.243,0.445,0.876,0.531,0.903,0.729,0.017,0.641,0.655,0.433,0.44,0.718,0.38,0.214,0.999,0.101,0.107,0.015,0.434,0.195,0.871,0.485,0.807,0.601,0.694,0.675,0.012,0.936,0.66,0.747,0.32,0.739,0.722,0.189,0.109,0.558,0.59,0.635,0.5,0.231,0.044
2020-02-01 19:55:27,0.165,0.796,0.703,0.295,0.587,0.01,0.191,0.995,0.035,0.016,0.069,0.722,0.087,0.45,0.955,0.395,0.419,0.158,0.582,0.528,0.28,0.879,0.147,0.69,0.799,0.166,0.004,0.384,0.128,0.994,0.076,0.847,0.846,0.866,0.756,0.302,0.657,0.352,0.266,0.39,0.333,0.095,0.072,0.243,0.968,0.269,0.491,0.653,0.822,0.547,0.799,0.554,0.198,0.273,0.153,0.311,0.043,0.747,0.817,0.699,0.977,0.807,0.531,0.069,0.924,0.748,0.566,0.913,0.241,0.853,0.942,0.123,0.135,0.314,0.842,0.952,0.111,0.839,0.365,0.031,0.132,0.504,0.155,0.157,0.581,0.064,0.158,0.789,0.535,0.26,0.904,0.38,0.232,0.333,0.709,0.317,0.309,0.189,0.29,0.769,0.595,0.783,0.182,0.038,0.107,0.368,0.955,0.701,0.808,0.811,0.409,0.067,0.229,0.912,0.654,0.837,0.622,0.222,0.91,0.653,0.882,0.446,0.45,0.857,0.736,0.041,0.093,0.592,0.495,0.65,0.215,0.616,0.934,0.928,0.155,0.2,0.946,0.46,0.049,0.094,0.644,0.539,0.891,0.061,0.004,0.375,0.924,0.036,0.52,0.205,0.1,0.292,0.47,0.56,0.693,0.821,0.952,0.152,0.969,0.263,0.32,0.173,0.991,0.519,0.296,0.228,0.761,0.595,0.957,0.343,0.485,0.999,0.06,0.913,0.855,0.343,0.556,0.758,0.362,0.469,0.952,0.8,0.678,0.097,0.959,0.799,0.414,0.987,0.562,0.354,0.743,0.389,0.045,0.2,0.112,0.258,0.305,0.412,0.683,0.007,0.358,0.424,0.158,0.156,0.379,0.128,0.532,0.257,0.212,0.934,0.18,0.923,0.715,0.651,0.928,0.659,0.843,0.331,0.927,0.507,0.069,0.377,0.342,0.71,0.374,0.477,0.665,0.355,0.692,0.938,0.87,0.944,0.123,0.846,0.999,0.254,0.057,0.264,0.984,0.423,0.159,0.254,0.382,0.772,0.612,0.362,0.366,0.455,0.022,0.933,0.462,0.2,0.117,0.04,0.448,0.053,0.828,0.942,0.921,0.71,0.538,0.04,0.284,0.391,0.721,0.93,0.74,0.819,0.55,0.383,0.075,0.208,0.567,0.277,0.416,0.892,0.874,0.265,0.198,0.638,0.56,0.313,0.874,0.746,0.035,0.787,0.646,0.716,0.176,0.509,0.519,0.823,0.906,0.237,0.377,0.809,0.751,0.956,0.966,0.77,0.315,0.606,0.516,0.48,0.596,0.588,0.574,0.815,0.348,0.019,0.719,0.834,0.702,0.939,0.495,0.727,0.747,0.151,0.753,0.778,0.763,0.708,0.24,0.176,0.476,0.1,0.545,0.658,0.249,0.879,0.15,0.482,0.495,0.892,0.263,0.403,0.938,0.817,0.818,0.765,0.472,0.356,0.683,0.481,0.785,0.22,0.793,0.548,0.36,0.806,0.573,0.666,0.314,0.186,0.822,0.117,0.703,0.575,0.672,0.292,0.024,0.628,0.109,0.527,0.198,0.366,0.297,0.347,0.725,0.455,0.278,0.077,0.814,0.498,0.913,0.066,0.238,0.217,0.4,0.052,0.474,0.659,0.43,0.274,0.555,0.233,0.577,0.669,0.345,0.075,0.727,0.765,0.516,0.217,0.128,0.818,0.681,0.703,0.239,0.194,0.632,0.021,0.006,0.741,0.984,0.609,0.946,0.538,0.688,0.981,0.779,0.585,0.152,0.086,0.173,0.262,0.328,0.764,0.887,0.698,0.406,0.149,0.207,0.094,0.824,0.417,0.668,0.553,0.445,0.211,0.871,0.098,0.509,0.348,0.859,0.738,0.994,0.78,0.15,0.896,0.933,0.584,0.017,0.612,0.531,0.831,0.48,0.8,0.213,0.8,0.522,0.276,0.221,0.144,0.074,0.275,0.746,0.245,0.51,0.47,0.31,0.937,0.158,0.769,0.529,0.974,0.02,0.483,0.327,0.138,0.719,0.966,0.418,0.215,0.175,0.536,0.57,0.383,0.362,0.098,0.521,0.399,0.491,0.456,0.655,0.197,0.195,0.687,0.068,0.205,0.517,0.832,0.573,0.443,0.488,0.332,0.597,0.29,0.226,0.215,0.846,0.971,0.806,0.615,0.195,0.399,0.546,0.162,0.694,0.726,0.81,0.774
2020-02-01 19:55:27,0.89,0.827,0.885,0.374,0.525,0.046,0.754,0.896,0.442,0.451,0.693,0.05,0.428,0.31,0.487,0.889,0.118,0.358,0.604,0.799,0.498,0.114,0.504,0.274,0.055,0.984,0.309,0.035,0.877,0.001,0.429,0.553,0.21,0.539,0.145,0.034,0.748,0.108,0.804,0.887,0.916,0.268,0.541,0.662,0.136,0.819,0.202,0.203,0.354,0.511,0.355,0.305,0.712,0.57,0.975,0.625,0.553,0.214,0.518,0.676,0.602,0.468,0.64,0.65,0.146,0.3,0.822,0.565,0.611,0.827,0.439,0.669,0.358,0.326,0.755,0.054,0.591,0.424,0.209,0.334,0.364,0.355,0.721,0.268,0.899,0.505,0.875,0.083,0.372,0.783,0.681,0.444,0.064,0.57,0.909,0.346,0.424,0.16,0.157,0.647,0.813,0.992,0.027,0.011,0.179,0.174,0.835,0.388,0.54,0.554,0.368,0.873,0.892,0.829,0.294,0.878,0.237,0.834,0.356,0.9,0.481,0.932,0.072,0.287,0.451,0.59,0.677,0.755,0.978,0.21,0.253,0.994,0.102,0.777,0.982,0.115,0.326,0.695,0.817,0.197,0.484,0.967,0.858,0.328,0.222,0.406,0.165,0.144,0.606,0.064,0.101,0.238,0.952,0.557,0.513,0.347,0.008,0.384,0.588,0.959,0.083,0.223,0.228,0.945,0.516,0.423,0.491,0.677,0.432,0.433,0.435,0.262,0.487,0.993,0.43,0.86,0.895,0.429,0.993,0.95,0.357,0.282,0.53,0.685,0.403,0.398,0.617,0.878,0.601,0.409,0.171,0.807,0.782,0.7,0.839,0.928,0.059,0.471,0.569,0.054,0.37,0.677,0.225,0.312,0.481,0.629,0.577,0.069,0.891,0.31,0.593,0.67,0.589,0.426,0.718,0.104,0.111,0.27,0.183,0.938,0.972,0.426,0.161,0.691,0.826,0.43,0.982,0.512,0.653,0.743,0.94,0.038,0.623,0.377,0.113,0.298,0.264,0.847,0.015,0.343,0.457,0.215,0.522,0.123,0.953,0.08,0.231,0.4,0.207,0.169,0.319,0.045,0.123,0.838,0.121,0.993,0.172,0.959,0.483,0.149,0.524,0.115,0.792,0.358,0.017,0.725,0.738,0.085,0.642,0.419,0.416,0.816,0.135,0.087,0.623,0.007,0.4,0.529,0.742,0.858,0.394,0.715,0.943,0.917,0.226,0.357,0.058,0.703,0.752,0.968,0.31,0.869,0.392,0.152,0.092,0.63,0.392,0.517,0.001,0.041,0.273,0.516,0.812,0.625,0.304,0.837,0.675,0.655,0.334,0.012,0.607,0.079,0.075,0.517,0.683,0.124,0.818,0.603,0.56,0.655,0.2,0.635,0.899,0.925,0.303,0.73,0.53,0.976,0.991,0.318,0.916,0.962,0.572,0.088,0.408,0.932,0.913,0.66,0.797,0.916,0.222,0.942,0.61,0.001,0.381,0.477,0.66,0.282,0.38,0.819,0.195,0.09,0.928,0.558,0.634,0.771,0.352,0.206,0.136,0.595,0.082,0.067,0.889,0.717,0.604,0.701,0.547,0.846,0.708,0.354,0.787,0.83,0.945,0.255,0.817,0.737,0.828,0.371,0.546,0.978,0.3,0.025,0.071,0.825,0.438,0.288,0.076,0.008,0.251,0.629,0.303,0.322,0.882,0.518,0.726,0.936,0.079,0.588,0.378,0.39,0.441,0.778,0.486,0.593,0.914,0.339,0.155,0.644,0.768,0.565,0.18,0.398,0.721,0.564,0.978,0.936,0.07,0.893,0.824,0.454,0.986,0.732,0.131,0.92,0.219,0.171,0.423,0.5,0.735,0.545,0.38,0.386,0.71,0.622,0.462,0.689,0.24,0.047,0.234,0.926,0.182,0.873,0.12,0.018,0.983,0.745,0.05,0.065,0.18,0.555,0.396,0.572,0.695,0.745,0.319,0.044,0.825,0.534,0.679,0.834,0.646,0.062,0.551,0.959,0.298,0.905,0.161,0.45,0.339,0.068,0.567,0.27,0.819,0.423,0.002,0.391,0.606,0.122,0.276,0.549,0.587,0.184,0.97,0.66,0.266,0.97,0.529,0.698,0.007,0.758,0.336,0.798,0.265,0.526,0.081,0.068,0.968,0.366,0.302,0.094,0.502,0.769,0.821,0.723,0.969,0.013,0.196,0.455,0.949,0.049,0.568,0.184
2020-02-01 19:55:27,0.172,0.518,0.874,0.885,0.678,0.579,0.465,0.277,0.597,0.925,0.88,0.84,0.448,0.267,0.983,0.095,0.517,0.713,0.253,0.766,0.184,0.212,0.141,0.208,0.166,0.433,0.724,0.692,0.451,0.61,0.397,0.871,0.52,0.678,0.229,0.366,0.349,0.325,0.893,0.961,0.979,0.015,0.707,0.87,0.889,0.139,0.633,0.998,0.394,0.379,0.146,0.976,0.268,0.819,0.894,0.795,0.088,0.662,0.205,0.58,0.519,0.916,0.267,0.787,0.835,0.824,0.177,0.375,0.22,0.833,0.529,0.79,0.105,0.903,0.888,0.583,0.933,0.325,0.589,0.787,0.762,0.816,0.181,0.994,0.684,0.408,0.525,0.667,0.87,0.162,0.821,0.405,0.353,0.721,0.73,0.07,0.425,0.9,0.618,0.042,0.344,0.941,0.219,0.554,0.142,0.248,0.969,0.364,0.961,0.154,0.742,0.155,0.966,0.864,0.792,0.205,0.797,0.653,0.04,0.159,0.567,0.904,0.51,0.41,0.342,0.392,0.643,0.258,0.675,0.395,0.137,0.121,0.565,0.049,0.361,0.455,0.571,0.002,0.634,0.508,0.861,0.612,0.5,0.17,0.225,0.467,0.149,0.99,0.049,0.053,0.256,0.777,0.449,0.057,0.839,0.692,0.586,0.458,0.709,0.285,0.677,0.121,0.299,0.555,0.746,0.009,0.948,0.371,0.334,0.185,0.622,0.336,0.665,0.521,0.773,0.454,0.059,0.43,0.342,0.541,0.071,0.803,0.703,0.871,0.932,0.058,0.961,0.218,0.594,0.203,0.543,0.217,0.093,0.467,0.096,0.964,0.085,0.051,0.655,0.27,0.736,0.878,0.733,0.366,0.697,0.791,0.148,0.244,0.995,0.2,0.517,0.566,0.49,0.831,0.814,0.023,0.936,0.273,0.3,0.402,0.301,0.378,0.984,0.26,0.321,0.856,0.745,0.623,0.333,0.02,0.517,0.822,0.621,0.692,0.615,0.091,0.09,0.204,0.134,0.451,0.857,0.261,0.632,0.153,0.69,0.589,0.441,0.309,0.392,0.485,0.114,0.731,0.512,0.304,0.137,0.62,0.3,0.147,0.263,0.256,0.719,0.099,0.91,0.322,0.707,0.066,0.764,0.802,0.686,0.226,0.279,0.032,0.489,0.412,0.058,0.021,0.83,0.311,0.244,0.829,0.429,0.32,0.288,0.065,0.726,0.381,0.371,0.727,0.383,0.404,0.999,0.052,0.221,0.131,0.1,0.027,0.155,0.051,0.489,0.049,0.195,0.007,0.469,0.412,0.442,0.558,0.079,0.773,0.146,0.488,0.459,0.621,0.996,0.607,0.249,0.255,0.954,0.489,0.78,0.798,0.629,0.978,0.883,0.869,0.216,0.39,0.692,0.31,0.796,0.228,0.966,0.83,0.96,0.523,0.89,0.494,0.093,0.918,0.234,0.861,0.257,0.783,0.103,0.313,0.603,0.966,0.084,0.912,0.767,0.266,0.931,0.703,0.432,0.015,0.382,0.632,0.358,0.15,0.366,0.139,0.609,0.171,0.75,0.886,0.94,0.309,0.653,0.45,0.101,0.41,0.922,0.157,0.213,0.866,0.383,0.09,0.14,0.541,0.417,0.36,0.895,0.034,0.053,0.717,0.659,0.636,0.768,0.917,0.133,0.111,0.555,0.022,0.953,0.821,0.754,0.526,0.018,0.057,0.976,0.373,0.61,0.128,0.544,0.739,0.564,0.556,0.224,0.756,0.661,0.823,0.179,0.985,0.714,0.393,0.346,0.15,0.527,0.291,0.627,0.443,0.812,0.17,0.962,0.299,0.012,0.525,0.551,0.273,0.458,0.72,0.057,0.919,0.518,0.074,0.133,0.775,0.038,0.137,0.719,0.504,0.996,0.964,0.461,0.054,0.333,0.486,0.415,0.022,0.264,0.962,0.046,0.091,0.723,0.0,0.675,0.773,0.302,0.239,0.379,0.453,0.355,0.436,0.222,0.731,0.235,0.66,0.295,0.407,0.678,0.213,0.649,0.344,0.174,0.802,0.891,0.005,0.761,0.217,0.886,0.767,0.701,0.401,0.558,0.175,0.766,0.893,0.844,0.668,0.959,0.642,0.148,0.846,0.333,0.515,0.849,0.514,0.516,0.436,0.77,0.938,0.459,0.937,0.282,0.358,0.898,0.352,0.93,0.279,0.601,0.818,0.716,0.731
2020-02-01 19:55:27,0.852,0.915,0.692,0.099,0.012,0.807,0.08,0.962,0.146,0.329,0.724,0.389,0.521,0.162,0.179,0.376,0.482,0.815,0.631,0.569,0.467,0.389,0.264,0.419,0.017,0.2,0.35,0.855,0.14,0.646,0.705,0.052,0.706,0.966,0.79,0.442,0.844,0.034,0.079,0.766,0.18,0.438,0.42,0.167,0.05,0.368,0.946,0.488,0.183,0.306,0.146,0.188,0.317,0.548,0.274,0.655,0.386,0.623,0.954,0.124,0.66,0.391,0.906,0.23,0.157,0.75,0.636,0.774,0.36,0.856,0.814,0.084,0.925,0.906,0.367,0.711,0.906,0.255,0.602,0.166,0.78,0.523,0.167,0.802,0.036,0.607,0.137,0.868,0.572,0.759,0.119,0.181,0.141,0.901,0.404,0.196,0.226,0.355,0.772,0.791,0.231,0.393,0.964,0.308,0.338,0.548,0.535,0.905,0.363,0.609,0.196,0.692,0.085,0.293,0.64,0.314,0.768,0.659,0.001,0.364,0.138,0.182,0.399,0.848,0.725,0.493,0.6,0.504,0.326,0.506,0.299,0.717,0.67,0.718,0.856,0.547,0.537,0.252,0.869,0.001,0.504,0.297,0.394,0.134,0.786,0.06,0.262,0.672,0.251,0.919,0.385,0.262,0.438,0.348,0.876,0.464,0.002,0.153,0.583,0.602,0.077,0.994,0.719,0.288,0.613,0.726,0.501,0.664,0.395,0.778,0.273,0.104,0.415,0.884,0.959,0.285,0.604,0.99,0.45,0.977,0.567,0.066,0.273,0.945,0.605,0.862,0.972,0.821,0.342,0.009,0.635,0.341,0.315,0.449,0.68,0.322,0.283,0.579,0.571,0.786,0.81,0.577,0.478,0.682,0.155,0.902,0.986,0.586,0.71,0.583,0.137,0.276,0.439,0.29,0.028,0.086,0.689,0.019,0.826,0.878,0.63,0.104,0.649,0.001,0.129,0.717,0.183,0.569,0.472,0.979,0.143,0.371,0.969,0.594,0.136,0.719,0.294,0.873,0.668,0.317,0.021,0.417,0.293,0.991,0.7,0.694,0.566,0.132,0.246,0.472,0.736,0.643,0.233,0.373,0.702,0.833,0.831,0.79,0.421,0.068,0.199,0.341,0.906,0.384,0.203,0.098,0.128,0.556,0.25,0.691,0.839,0.344,0.937,0.259,0.664,0.222,0.887,0.799,0.055,0.694,0.3,0.139,0.429,0.943,0.698,0.149,0.983,0.769,0.001,0.944,0.134,0.253,0.463,0.794,0.519,0.346,0.97,0.201,0.893,0.762,0.631,0.727,0.005,0.779,0.679,0.323,0.535,0.703,0.218,0.035,0.103,0.273,0.204,0.426,0.666,0.176,0.896,0.416,0.216,0.874,0.34,0.434,0.247,0.665,0.488,0.904,0.628,0.222,0.715,0.41,0.294,0.147,0.178,0.437,0.804,0.637,0.747,0.8,0.816,0.427,0.061,0.468,0.311,0.716,0.264,0.974,0.789,0.472,0.116,0.048,0.46,0.819,0.349,0.405,0.845,0.409,0.704,0.42,0.677,0.937,0.838,0.013,0.927,0.673,0.586,0.949,0.038,0.988,0.769,0.787,0.729,0.307,0.602,0.779,0.104,0.973,0.173,0.797,0.835,0.353,0.157,0.05,0.912,0.951,0.574,0.506,0.89,0.793,0.607,0.636,0.953,0.742,0.968,0.279,0.65,0.09,0.199,0.517,0.034,0.57,0.084,0.858,0.517,0.445,0.11,0.437,0.046,0.232,0.133,0.416,0.887,0.603,0.7,0.342,0.261,0.426,0.764,0.398,0.21,0.585,0.975,0.685,0.047,0.949,0.938,0.0,0.622,0.928,0.859,0.185,0.866,0.647,0.615,0.449,0.058,0.3,0.229,0.962,0.791,0.797,0.779,0.059,0.506,0.515,0.039,0.777,0.587,0.451,0.086,0.494,0.306,0.44,0.769,0.485,0.099,0.975,0.099,0.109,0.653,0.642,0.792,0.434,0.063,0.74,0.579,0.592,0.248,0.282,0.378,0.6,0.329,0.471,0.228,0.229,0.409,0.005,0.86,0.308,0.247,0.267,0.926,0.152,0.108,0.128,0.267,0.34,0.241,0.229,0.41,0.319,0.231,0.035,0.494,0.918,0.424,0.596,0.134,0.856,0.53,0.711,0.654,0.682,0.342,0.814,0.724,0.501,0.045,0.286,0.456,0.369,0.573,0.959
2020-02-01 19:55:27,0.726,0.322,0.845,0.531,0.894,0.166,0.04,0.4,0.734,0.337,0.228,0.481,0.19,0.236,0.7,0.23,0.029,0.005,0.686,0.383,0.395,0.588,0.956,0.852,0.768,0.079,0.526,0.306,0.23,0.489,0.971,0.077,1.0,0.491,0.897,0.027,0.033,0.818,0.493,0.109,0.039,0.517,0.367,0.296,0.049,0.328,0.672,0.053,0.418,0.698,0.211,0.698,0.408,0.868,0.289,0.947,0.918,0.122,0.428,0.793,0.398,0.376,0.275,0.851,0.354,0.577,0.403,0.745,0.868,0.532,0.353,0.003,0.165,0.429,0.98,0.018,0.541,0.983,0.939,0.624,0.518,0.495,0.622,0.507,0.53,0.865,0.837,0.969,0.333,0.85,0.821,0.719,0.21,0.964,0.454,0.631,0.043,0.564,0.856,0.423,0.533,0.828,0.499,0.677,0.64,0.201,0.344,0.216,0.741,0.183,0.496,0.066,0.973,0.664,0.804,0.008,0.747,0.231,0.165,0.53,0.438,0.083,0.813,0.125,0.394,0.904,0.131,0.977,0.328,0.988,0.277,0.955,0.958,0.689,0.529,0.473,0.011,0.34,0.355,0.789,0.74,0.215,0.828,0.994,0.418,0.294,0.681,0.399,0.613,0.412,0.662,0.934,0.107,0.146,0.639,0.362,0.839,0.106,0.658,0.898,0.373,0.217,0.344,0.124,0.039,0.287,0.261,0.651,0.543,0.429,0.069,0.476,0.044,0.337,0.507,0.937,0.388,0.68,0.785,0.571,0.184,0.096,0.858,0.565,0.144,0.856,0.265,0.77,0.406,0.865,0.367,0.362,0.926,0.126,0.076,0.381,0.338,0.324,0.71,0.797,0.965,0.727,0.276,0.879,0.73,0.225,0.111,0.218,0.885,0.61,0.287,0.861,0.992,0.429,0.981,0.754,0.089,0.451,0.831,0.033,0.543,0.094,0.742,0.975,0.794,0.979,0.079,0.766,0.618,0.133,0.025,0.854,0.27,0.085,0.391,0.144,0.104,0.723,0.28,0.612,0.01,0.681,0.743,0.369,0.82,0.936,0.885,0.358,0.119,0.766,0.424,0.9,0.508,0.482,0.918,0.523,0.543,0.332,0.752,0.079,0.03,0.267,0.501,0.363,0.735,0.809,0.761,0.735,0.698,0.111,0.117,0.423,0.411,0.215,0.281,0.009,0.979,0.873,0.0,0.893,0.667,0.126,0.457,0.717,0.64,0.096,0.385,0.651,0.759,0.437,0.014,0.9,0.667,0.388,0.309,0.571,0.978,0.901,0.047,0.943,0.51,0.525,0.385,0.435,0.85,0.167,0.482,0.215,0.28,0.268,0.362,0.329,0.238,0.416,0.708,0.329,0.903,0.566,0.936,0.593,0.19,0.114,0.34,0.28,0.8,0.979,0.885,0.393,0.004,0.662,0.367,0.183,0.22,0.923,0.129,0.327,0.62,0.305,0.507,0.688,0.919,0.73,0.254,0.798,0.213,0.968,0.157,0.263,0.614,0.209,0.753,0.062,0.195,0.712,0.915,0.366,0.796,0.319,0.76,0.636,0.09,0.356,0.184,0.045,0.888,0.21,0.644,0.453,0.156,0.704,0.768,0.191,0.682,0.269,0.79,0.053,0.626,0.391,0.958,0.198,0.152,0.602,0.582,0.527,0.374,0.141,0.86,0.213,0.51,0.889,0.139,0.334,0.144,0.543,0.584,0.185,0.259,0.117,0.784,0.841,0.917,0.3,0.453,0.418,0.054,0.192,0.821,0.132,0.31,0.016,0.341,0.534,0.92,0.036,0.346,0.044,0.451,0.714,0.432,0.37,0.1,0.851,0.211,0.092,0.856,0.017,0.44,0.659,0.41,0.496,0.984,0.867,0.111,0.366,0.597,0.505,0.071,0.328,0.933,0.908,0.51,0.002,0.199,0.365,0.217,0.573,0.359,0.306,0.679,0.601,0.283,0.374,0.468,0.671,0.136,0.301,0.335,0.122,0.287,0.415,0.796,0.697,0.334,0.477,0.84,0.759,0.151,0.873,0.111,0.05,0.157,0.381,0.965,0.612,0.301,0.144,0.831,0.91,0.786,0.779,0.742,0.127,0.149,0.29,0.032,0.902,0.216,0.431,0.484,0.526,0.746,0.76,0.826,0.681,0.267,0.141,0.284,0.734,0.084,0.131,0.816,0.526,0.687,0.42,0.649,0.228,0.352,0.892,0.993,0.654,0.785,0.778
2020-02-01 19:55:27,0.007,0.3,0.81,0.376,0.271,0.926,0.381,0.307,0.764,0.495,0.037,0.068,0.928,0.965,0.533,0.363,0.069,0.432,0.649,0.348,0.699,0.021,0.084,0.141,0.378,0.269,0.483,0.959,0.298,0.098,0.64,0.711,0.887,0.044,0.033,0.231,0.514,0.977,0.537,0.005,0.465,0.735,0.276,0.133,0.595,0.55,0.774,0.93,0.531,0.585,0.386,0.039,0.619,0.886,0.778,0.199,0.544,0.406,0.672,0.595,0.722,0.646,0.456,0.857,0.327,0.441,0.946,0.363,0.589,0.252,0.477,0.429,0.612,0.241,0.745,0.546,0.757,0.06,0.152,0.902,0.605,0.568,0.575,0.187,0.208,0.243,0.155,0.525,0.854,0.908,0.526,0.729,0.757,0.577,0.928,0.526,0.048,0.7,0.21,0.676,0.792,0.43,0.987,0.797,0.974,0.489,0.966,0.264,0.791,0.964,0.321,0.581,0.122,0.796,0.49,0.341,0.7,0.749,0.548,0.9,0.906,0.044,0.874,0.969,0.292,0.904,0.237,0.387,0.727,0.371,0.505,0.245,0.902,0.88,0.721,0.229,0.531,0.915,0.262,0.779,0.121,0.113,0.974,0.915,0.236,0.147,0.715,0.482,0.955,0.689,0.121,0.436,0.137,0.465,0.927,0.184,0.402,0.099,0.547,0.398,0.903,0.594,0.391,0.185,0.093,0.414,0.372,0.108,0.361,0.046,0.303,0.441,0.432,0.785,0.154,0.895,0.362,0.118,0.022,0.327,0.424,0.814,0.183,0.345,0.114,0.306,0.231,0.026,0.827,0.352,0.373,0.497,0.351,0.563,0.475,0.43,0.62,0.673,0.076,0.766,0.696,0.154,0.642,0.155,0.523,0.898,0.896,0.494,0.597,0.28,0.519,0.136,0.958,0.054,0.678,0.105,0.241,0.383,0.263,0.993,0.836,0.11,0.434,0.575,0.329,0.322,0.13,0.521,0.479,0.905,0.305,0.012,0.168,0.978,0.156,0.986,0.256,0.371,0.122,0.545,0.801,0.544,0.925,0.63,0.056,0.32,0.463,0.77,0.17,0.764,0.682,0.16,0.828,0.97,0.243,0.153,0.087,0.568,0.687,0.858,0.497,0.137,0.699,0.075,0.699,0.852,0.886,0.497,0.368,0.226,0.915,0.643,0.416,0.923,0.041,0.473,0.588,0.111,0.835,0.663,0.897,0.563,0.102,0.036,0.065,0.875,0.063,0.166,0.594,0.763,0.509,0.445,0.865,0.405,0.157,0.325,0.444,0.504,0.175,0.756,0.627,0.253,0.834,0.037,0.016,0.782,0.782,0.021,0.929,0.281,0.021,0.23,0.301,0.204,0.149,0.048,0.442,0.546,0.325,0.103,0.927,0.508,0.123,0.673,0.348,0.185,0.733,0.131,0.132,0.947,0.618,0.374,0.714,0.099,0.929,0.599,0.875,0.133,0.564,0.096,0.863,0.165,0.693,0.043,0.356,0.662,0.244,0.072,0.96,0.473,0.864,0.616,0.269,0.71,0.728,0.809,0.531,0.864,0.317,0.185,0.476,0.675,0.848,0.184,0.183,0.726,0.117,0.688,0.882,0.229,0.891,0.898,0.823,0.885,0.297,0.787,0.609,0.164,0.957,0.612,0.596,0.659,0.753,0.4,0.68,0.135,0.488,0.691,0.756,0.843,0.833,0.036,0.827,0.93,0.145,0.846,0.292,0.131,0.911,0.882,0.133,0.706,0.593,0.889,0.253,0.473,0.22,0.783,0.501,0.686,0.055,0.307,0.293,0.615,0.012,0.735,0.186,0.429,0.648,0.895,0.397,0.811,0.272,0.335,0.673,0.724,0.821,0.755,0.764,0.064,0.705,0.415,0.134,0.933,0.863,0.173,0.877,0.766,0.393,0.297,0.747,0.367,0.447,0.767,0.018,0.379,0.454,0.656,0.599,0.176,0.902,0.761,0.31,0.401,0.36,0.004,0.838,0.388,0.059,0.028,0.581,0.431,0.912,0.647,0.809,0.45,0.873,0.913,0.688,0.414,0.538,0.266,0.568,0.228,0.194,0.434,0.929,0.635,0.627,0.526,0.847,0.549,0.496,0.977,0.616,0.22,0.722,0.5,0.02,0.066,0.921,0.283,0.522,0.12,0.948,0.305,0.881,0.325,0.653,0.189,0.142,0.22,0.817,0.195,0.413,0.248,0.146,0.25,0.28,0.518,0.533,0.239
2020-02-01 19:55:27,0.177,0.62,0.636,0.353,0.132,0.123,0.297,0.366,0.682,0.749,0.69,0.206,0.795,0.698,0.213,0.681,0.586,0.192,0.424,0.724,0.786,0.119,0.737,0.118,0.854,0.04,0.932,0.398,0.095,0.999,0.137,0.151,0.342,0.5,0.186,0.805,0.732,0.251,0.525,0.003,0.849,0.167,0.747,0.995,0.2,0.912,0.191,0.689,0.365,0.909,0.444,0.762,0.1,0.763,0.508,0.983,0.537,0.056,0.542,0.262,0.823,0.051,0.084,0.667,0.926,0.298,0.315,0.65,0.937,0.803,0.09,0.569,0.806,0.414,0.547,0.049,0.272,0.369,0.269,0.382,0.464,0.441,0.933,0.176,0.928,0.38,0.864,0.702,0.018,0.858,0.556,0.224,0.595,0.072,0.652,0.188,0.262,0.935,0.927,0.357,0.14,0.974,0.76,0.878,0.025,0.033,0.828,0.887,0.378,0.02,0.271,0.503,0.732,0.707,0.838,0.264,0.976,0.919,0.859,0.365,0.632,0.058,0.931,0.587,0.899,0.827,0.069,0.721,0.124,0.661,0.521,0.649,0.896,0.397,0.667,0.069,0.636,0.322,0.846,0.844,0.825,0.225,0.841,0.112,0.769,0.291,0.851,0.525,0.794,0.015,0.256,0.752,0.05,0.851,0.635,0.83,0.253,0.722,0.203,0.06,0.174,0.407,0.118,0.521,0.709,0.532,0.755,0.001,0.933,0.236,0.351,0.44,0.244,0.335,0.476,0.77,0.659,0.373,0.89,0.313,0.931,0.594,0.468,0.581,0.155,0.53,0.134,0.747,0.362,0.277,0.331,0.58,0.859,0.719,0.354,0.02,0.632,0.61,0.565,0.231,0.2,0.153,0.391,0.701,0.521,0.634,0.504,0.835,0.923,0.271,0.482,0.834,0.189,0.653,0.983,0.179,0.943,0.523,0.677,0.164,0.833,0.401,0.291,0.369,0.648,0.435,0.025,0.484,0.589,0.658,0.129,0.728,0.215,0.39,0.326,0.291,0.62,0.093,0.343,0.387,0.237,0.402,0.128,0.917,0.105,0.768,0.293,0.816,0.916,0.378,0.851,0.723,0.258,0.433,0.337,0.626,0.49,0.598,0.178,0.585,0.624,0.122,0.342,0.006,0.932,0.025,0.356,0.527,0.595,0.447,0.368,0.186,0.081,0.118,0.002,0.208,0.65,0.677,0.102,0.406,0.039,0.535,0.839,0.686,0.033,0.277,0.775,0.325,0.769,0.129,0.671,0.602,0.287,0.291,0.616,0.205,0.921,0.839,0.29,0.586,0.012,0.296,0.194,0.286,0.43,0.182,0.477,0.094,0.94,0.759,0.463,0.737,0.589,0.105,0.81,0.966,0.014,0.0,0.544,0.859,0.809,0.51,0.62,0.071,0.35,0.898,0.911,0.114,0.26,0.569,0.276,0.403,0.458,0.453,0.958,0.436,0.88,0.985,0.701,0.78,0.173,0.918,0.813,0.119,0.044,0.174,0.765,0.369,0.926,0.295,0.736,0.58,0.049,0.545,0.724,0.14,0.654,0.137,0.153,0.678,0.999,0.911,0.317,0.158,0.098,0.351,0.232,0.103,0.649,0.781,0.921,0.009,0.822,0.331,0.393,0.191,0.315,0.463,0.401,0.502,0.778,0.284,0.54,0.848,0.374,0.426,0.992,0.881,0.399,0.24,0.466,0.312,0.719,0.582,0.747,0.488,0.627,0.653,0.969,0.823,0.369,0.102,0.923,0.16,0.666,0.602,0.092,0.458,0.531,0.802,0.179,0.851,0.124,0.717,0.665,0.147,0.823,0.224,0.647,0.246,0.048,0.683,0.205,0.641,0.548,0.263,0.708,0.267,0.992,0.534,0.586,0.632,0.064,0.269,0.53,0.761,0.353,0.245,0.526,0.887,0.215,0.639,0.966,0.71,0.569,0.815,0.293,0.079,0.149,0.538,0.79,0.998,0.094,0.592,0.206,0.396,0.027,0.173,0.349,0.616,0.152,0.73,0.721,0.189,0.921,0.124,0.83,0.806,0.459,0.778,0.094,0.611,0.911,0.562,0.715,0.254,0.682,0.111,0.713,0.729,0.672,0.273,0.753,0.118,0.634,0.921,0.574,0.603,0.216,0.111,0.206,0.017,0.861,0.778,0.659,0.186,0.138,0.562,0.134,0.394,0.011,0.48,0.065,0.163,0.429,0.939,0.588,0.258,0.926,0.898,0.802,0.765
2020-02-01 19:55:27,0.06,0.865,0.296,0.014,0.372,0.648,0.746,0.274,0.193,0.113,0.712,0.264,0.438,0.13,0.842,0.165,0.887,0.011,0.862,0.863,0.327,0.853,0.693,0.413,0.497,0.779,0.273,0.625,0.086,0.97,0.511,0.293,0.39,0.126,0.775,0.77,0.7,0.677,0.723,0.038,0.664,0.545,0.327,0.08,0.327,0.589,0.056,0.337,0.784,0.257,0.244,0.19,0.877,0.966,0.829,0.876,0.277,0.446,0.691,0.229,0.792,0.82,0.636,0.197,0.26,0.331,0.123,0.41,0.024,0.311,0.94,0.51,0.251,0.682,0.033,0.425,0.028,0.672,0.372,0.48,0.709,0.45,0.929,0.66,0.104,0.767,0.321,0.81,0.747,0.92,0.309,0.999,0.616,0.173,0.808,0.978,0.015,0.239,0.688,0.7,0.5,0.908,0.376,0.32,0.13,0.382,0.528,0.825,0.253,0.233,0.899,0.549,0.568,0.848,0.121,0.733,0.905,0.095,0.919,0.954,0.508,0.833,0.484,0.576,0.488,0.951,0.987,0.219,0.002,0.249,0.676,0.821,0.814,0.199,0.571,0.494,0.008,0.893,0.367,0.718,0.851,0.65,0.27,0.215,0.41,0.996,0.268,0.34,0.263,0.002,0.411,0.852,0.978,0.442,0.037,0.853,0.62,0.949,0.66,0.769,0.061,0.963,0.765,0.141,0.104,0.703,0.164,0.659,0.82,0.993,0.447,0.371,0.532,0.968,0.269,0.415,0.724,0.567,0.885,0.447,0.052,0.478,0.114,0.428,0.437,0.591,0.799,0.56,0.677,0.507,0.483,0.775,0.529,0.211,0.761,0.142,0.907,0.555,0.07,0.729,0.916,0.346,0.658,0.095,0.256,0.117,0.497,0.92,0.997,0.74,0.942,0.335,0.318,0.052,0.569,0.727,0.183,0.59,0.841,0.145,0.826,0.231,0.047,0.988,0.557,0.352,0.071,0.155,0.163,0.52,0.076,0.767,0.458,0.983,0.819,0.9,0.465,0.051,0.456,0.968,0.078,0.448,0.759,0.947,0.932,0.88,0.079,0.548,0.574,0.398,0.715,0.933,0.238,0.935,0.244,0.838,0.113,0.601,0.425,0.825,0.34,0.599,0.68,0.969,0.266,0.007,0.667,0.665,0.079,0.612,0.222,0.504,0.595,0.052,0.103,0.558,0.783,0.846,0.775,0.823,0.089,0.797,0.516,0.72,0.825,0.445,0.05,0.881,0.215,0.899,0.168,0.57,0.822,0.651,0.541,0.564,0.989,0.425,0.975,0.281,0.046,0.867,0.133,0.626,0.626,0.856,0.013,0.34,0.178,0.178,0.883,0.538,0.127,0.644,0.13,0.672,0.365,0.289,0.021,0.064,0.077,0.656,0.656,0.222,0.042,0.829,0.629,0.427,0.251,0.336,0.687,0.227,0.089,0.635,0.975,0.698,0.393,0.723,0.36,0.51,0.374,0.051,0.807,0.174,0.49,0.422,0.668,0.549,0.019,0.896,0.08,0.072,0.232,0.388,0.279,0.159,0.168,0.525,0.596,0.195,0.559,0.936,0.525,0.516,0.632,0.203,0.311,0.823,0.958,0.816,0.534,0.481,0.16,0.736,0.946,0.428,0.808,0.836,0.902,0.195,0.605,0.346,0.349,0.171,0.316,0.581,0.983,0.451,0.556,0.837,0.969,0.113,0.282,0.247,0.601,0.706,0.733,0.075,0.601,0.337,0.475,0.551,0.734,0.016,0.91,0.849,0.458,0.315,0.795,0.197,0.234,0.426,0.939,0.759,0.038,0.406,0.264,0.546,0.847,0.723,0.741,0.967,0.537,0.305,0.361,0.794,0.549,0.274,0.298,0.77,0.929,0.104,0.223,0.633,0.106,0.463,0.132,0.801,0.62,0.428,0.792,0.608,0.82,0.254,0.523,0.566,0.438,0.695,0.502,0.934,0.06,0.223,0.457,0.333,0.265,0.52,0.614,0.39,0.415,0.12,0.634,0.845,0.156,0.282,0.686,0.089,0.186,0.334,0.33,0.863,0.013,0.772,0.959,0.133,0.567,0.306,0.736,0.912,0.134,0.547,0.273,0.209,0.716,0.459,0.907,0.726,0.213,0.156,0.664,0.884,0.051,0.961,0.265,0.268,0.159,0.475,0.392,0.344,0.959,0.074,0.044,0.889,0.293,0.67,0.657,0.053,0.738,0.563,0.711,0.718,0.794,0.954
