2020-02-01 19:55:27,0.532,0.051,0.026,0.921,0.834,0.813,0.859,0.215,0.452,0.422,0.521,0.216,0.506,0.19,0.477,0.049,0.293,0.917,0.562,0.794,0.77,0.675,0.483,0.932,0.845,0.518,0.103,0.437,0.571,0.595,0.042,0.213,0.183,0.775,0.542,0.824,0.143,0.627,0.213,0.504,0.97,0.559,0.063,0.477,0.676,0.214,0.247,0.475,0.584,0.673,0.278,0.701,0.83,0.12,0.258,0.698,0.087,0.154,0.396,0.147,0.478,0.141,0.313,0.062,0.768,0.608,0.633,0.628,0.163,0.272,0.438,0.867,0.853,0.863,0.483,0.703,0.508,0.712,0.494,0.444,0.606,0.577,0.205,0.076,0.315,0.034,0.922,0.785,0.517,0.216,0.644,0.527,0.082,0.806,0.515,0.637,0.742,0.026,0.694,0.675,0.652,0.367,0.163,0.311,0.096,0.245,0.677,0.631,0.25,0.503,0.965,0.578,0.069,0.589,0.091,0.88,0.127,0.579,0.327,0.563,0.48,0.738,0.044,0.346,0.901,0.39,0.805,0.86,0.238,0.814,0.5,0.777,0.391,0.872,0.177,0.684,0.752,0.544,0.129,0.137,0.283,0.992,0.573,0.95,0.764,0.631,0.524,0.169,0.122,0.372,0.137,0.834,0.42,0.686,0.283,0.147,0.598,0.238,0.088,0.299,0.327,0.938,0.037,0.564,0.299,0.238,0.406,0.095,0.015,0.936,0.013,0.247,0.149,0.079,0.16,0.941,0.691,0.841,0.099,0.699,0.787,0.22,0.574,0.293,0.839,0.929,0.318,0.983,0.716,0.896,0.975,0.868,0.376,0.037,0.466,0.37,0.228,0.683,0.4,0.891,0.056,0.418,0.458,0.491,0.495,0.6,0.611,0.676,0.285,0.942,0.223,0.463,0.389,0.077,0.938,0.57,0.99,0.16,0.776,0.309,0.072,0.387,0.348,0.711,0.778,0.557,0.901,0.494,0.715,0.439,0.91,0.304,0.235,0.52,0.615,0.22,0.39,0.47,0.561,0.153,0.587,0.378,0.65,0.591,0.713,0.093,0.021,0.825,0.089,0.568,0.028,0.611,0.178,0.78,0.964,0.881,0.719,0.819,0.386,0.188,0.436,0.573,0.328,0.184,0.87,0.271,0.417,0.601,0.669,0.656,0.001,0.872,0.305,0.31,0.01,0.397,0.862,0.275,0.945,0.909,0.42,0.295,0.67,0.281,0.101,0.916,0.794,0.902,0.519,0.442,0.39,0.866,0.15,0.711,0.214,0.787,0.139,0.257,0.221,0.21,0.751,0.079,0.037,0.682,0.296,0.09,0.026,0.645,0.388,0.108,0.46,0.13,0.64,0.612,0.463,0.701,0.526,0.366,0.394,0.347,0.185,0.029,0.414,0.062,0.83,0.124,0.861,0.698,0.119,0.26,0.341,0.021,0.873,0.642,0.554,0.491,0.67,0.357,0.433,0.294,0.929,0.099,0.021,0.622,0.173,0.388,0.431,0.694,0.665,0.221,0.802,0.766,0.161,0.527,0.146,0.301,0.233,0.919,0.898,0.58,0.866,0.581,0.706,0.122,0.999,0.519,0.318,0.265,0.165,0.988,0.092,0.314,0.868,0.085,0.692,0.231,0.355,0.841,0.319,0.553,0.904,0.718,0.207,0.507,0.832,0.115,0.744,0.562,0.393,0.537,0.848,0.551,0.815,0.07,0.5,0.045,0.96,0.911,0.234,0.261,0.638,0.794,0.494,0.087,0.831,0.071,0.469,0.274,0.448,0.278,0.464,0.682,0.89,0.295,0.704,0.43,0.429,0.303,0.924,0.724,0.119,0.591,0.519,0.595,0.59,0.618,0.815,0.806,0.848,0.196,0.766,0.05,0.322,0.863,0.994,0.711,0.213,0.718,0.911,0.608,0.864,0.835,0.509,0.709,0.861,0.233,0.873,0.222,0.501,0.894,0.278,0.577,0.489,0.627,0.346,0.314,0.03,0.264,0.276,0.345,0.069,0.57,0.744,0.795,0.035,0.304,0.088,0.97,0.617,0.382,0.134,0.65,0.196,0.727,0.009,0.339,0.916,0.27,0.413,0.99,0.108,0.722,0.658,0.826,0.882,0.377,0.796,0.073,0.72,0.779,0.898,0.155,0.63,0.462,0.13,0.177,0.084,0.248,0.996,0.768,0.74,0.943,0.068,0.475,0.577,0.783,0.419,0.419,0.045,0.985,0.456,0.857
2020-02-01 19:55:27,0.899,0.208,0.358,0.245,0.806,0.913,0.596,0.969,0.136,0.737,0.095,0.623,0.531,0.764,0.446,0.535,0.833,0.103,0.296,0.857,0.006,0.534,0.211,0.346,0.331,0.199,0.031,0.605,0.623,0.566,0.625,0.254,0.577,0.285,0.216,0.338,0.127,0.931,0.887,0.005,0.604,0.567,0.055,0.811,0.414,0.968,0.495,0.007,0.419,0.516,0.482,0.322,0.397,0.24,0.688,0.109,0.298,0.368,0.156,0.523,0.888,0.002,0.47,0.724,0.388,0.854,0.985,0.94,0.601,0.848,0.82,0.344,0.083,0.302,0.559,0.984,0.331,0.555,0.319,0.189,0.987,0.848,0.853,0.305,0.197,0.138,0.835,0.183,0.563,0.45,0.104,0.816,0.705,0.511,0.704,0.542,0.837,0.509,0.243,0.925,0.127,0.724,0.405,0.361,0.232,0.786,0.07,0.992,0.536,0.039,0.575,0.391,0.232,0.492,0.292,0.568,0.547,0.737,0.737,0.318,0.924,0.284,0.226,0.05,0.355,0.911,0.734,0.503,0.828,0.979,0.909,0.75,0.82,0.585,0.78,0.996,0.913,0.87,0.057,0.957,0.731,0.345,0.364,0.782,0.064,0.139,0.451,0.333,0.034,0.717,0.897,0.427,0.609,0.224,0.427,0.825,0.068,0.18,0.208,0.002,0.862,0.934,0.949,0.83,0.6,0.307,0.649,0.299,0.634,0.418,0.532,0.653,0.594,0.465,0.602,0.68,0.637,0.324,0.353,0.93,0.833,0.923,0.129,0.519,0.386,0.179,0.614,0.521,0.717,0.09,0.729,0.64,0.541,0.298,0.884,0.238,0.949,0.582,0.879,0.767,0.56,0.667,0.083,0.913,0.682,0.424,0.335,0.87,0.863,0.667,0.559,0.394,0.718,0.471,0.248,0.109,0.29,0.563,0.604,0.417,0.297,0.745,0.448,0.344,0.414,0.919,0.884,0.951,0.445,0.412,0.581,0.188,0.084,0.139,0.31,0.906,0.865,0.62,0.027,0.953,0.782,0.512,0.284,0.953,0.497,0.446,0.661,0.713,0.402,0.266,0.822,0.988,0.286,0.874,0.935,0.65,0.059,0.033,0.186,0.01,0.826,0.061,0.773,0.877,0.444,0.074,0.594,0.662,0.668,0.42,0.392,0.289,0.284,0.822,0.993,0.928,0.315,0.747,0.229,0.752,0.456,0.592,0.183,0.79,0.967,0.957,0.083,0.073,0.333,0.039,0.827,0.384,0.77,0.957,0.881,0.711,0.387,0.669,0.056,0.041,0.706,0.037,0.382,0.284,0.533,0.339,0.348,0.386,0.579,0.283,0.595,0.496,0.173,0.671,0.947,0.523,0.953,0.533,0.334,0.851,0.174,0.323,0.453,0.486,0.037,0.75,0.079,0.414,0.715,0.458,0.227,0.434,0.981,0.678,0.568,0.632,0.354,0.701,0.508,0.185,0.381,0.124,0.336,0.894,0.25,0.214,0.18,0.733,0.498,0.817,0.572,0.272,0.006,0.422,0.007,0.863,0.984,0.757,0.545,0.641,0.301,0.449,0.888,0.049,0.675,0.576,0.284,0.241,0.288,0.369,0.079,0.901,0.822,0.416,0.063,0.868,0.875,0.46,0.241,0.235,0.115,0.933,0.053,0.299,0.93,0.652,0.897,0.519,0.291,0.939,0.057,0.921,0.288,0.468,0.474,0.146,0.138,0.495,0.925,0.88,0.199,0.367,0.042,0.449,0.986,0.058,0.098,0.978,0.579,0.249,0.42,0.725,0.527,0.534,0.657,0.284,0.592,0.634,0.788,0.046,0.388,0.601,0.286,0.835,0.212,0.739,0.979,0.615,0.013,0.96,0.483,0.207,0.348,0.138,0.371,0.164,0.688,0.949,0.279,0.703,0.011,0.883,0.935,0.112,0.64,0.707,0.011,0.372,0.766,0.812,0.714,0.874,0.877,0.39,0.43,0.233,0.145,0.139,0.267,0.697,0.076,0.744,0.816,0.308,0.623,0.478,0.861,0.442,0.847,0.772,0.725,0.396,0.886,0.001,0.457,0.937,0.628,0.176,0.782,0.916,0.75,0.774,0.618,0.877,0.8,0.932,0.935,0.521,0.583,0.292,0.723,0.134,0.345,0.889,0.402,0.754,0.457,0.649,0.469,0.039,0.405,0.618,0.216,0.002,0.884,0.776,0.157,0.614,0.697,0.025,0.271,0.693
2020-02-01 19:55:27,0.639,0.838,0.037,0.742,0.796,0.095,0.633,0.72,0.282,0.427,0.583,0.415,0.671,0.43,0.895,0.186,0.126,0.921,0.685,0.394,0.985,0.136,0.96,0.222,0.554,0.378,0.063,0.101,0.478,0.125,0.212,0.868,0.647,0.691,0.114,0.997,0.436,0.734,0.592,0.056,0.347,0.576,0.538,0.708,0.548,0.852,0.196,0.926,0.228,0.44,0.317,0.603,0.098,0.527,0.937,0.992,0.472,0.025,0.427,0.404,0.836,0.494,0.053,0.194,0.125,0.807,0.84,0.758,0.048,0.557,0.611,0.295,0.183,0.99,0.733,0.243,0.006,0.792,0.269,0.78,0.249,0.462,0.126,0.013,0.951,0.184,0.642,0.413,0.861,0.423,0.061,0.67,0.596,0.529,0.565,0.241,0.575,0.571,0.197,0.383,0.494,0.597,0.061,0.772,0.369,0.545,0.119,0.329,0.194,0.533,0.065,0.968,0.313,0.11,0.124,0.734,0.144,0.951,0.072,0.39,0.199,0.09,0.219,0.534,0.973,0.432,0.668,0.028,0.806,0.127,0.971,0.505,0.961,0.911,0.87,0.021,0.331,0.161,0.378,0.565,0.937,0.565,0.796,0.262,0.926,0.911,0.832,0.333,0.18,0.369,0.377,0.728,0.871,0.009,0.843,0.519,0.767,0.112,0.482,0.31,0.707,0.57,0.721,0.238,0.289,0.29,0.074,0.778,0.829,0.365,0.407,0.478,0.903,0.733,0.91,0.374,0.803,0.159,0.027,0.003,0.595,0.749,0.929,0.956,0.276,0.828,0.748,0.446,0.893,0.125,0.716,0.301,0.626,0.494,0.738,0.875,0.045,0.146,0.134,0.493,0.213,0.941,0.119,0.212,0.487,0.893,0.569,0.983,0.571,0.56,0.563,0.772,0.278,0.651,0.362,0.241,0.134,0.016,0.087,0.564,0.97,0.115,0.825,0.239,0.461,0.542,0.134,0.213,0.83,0.125,0.321,0.893,0.67,0.045,0.091,0.702,0.513,0.613,0.035,0.515,0.402,0.317,0.207,0.898,0.954,0.9,0.924,0.341,0.387,0.27,0.331,0.989,0.116,0.964,0.329,0.044,0.014,0.79,0.64,0.855,0.537,0.916,0.524,0.044,0.799,0.311,0.066,0.102,0.95,0.281,0.288,0.332,0.479,0.533,0.609,0.245,0.2,0.858,0.695,0.955,0.073,0.197,0.327,0.751,0.258,0.588,0.08,0.459,0.535,0.243,0.39,0.583,0.118,0.162,0.129,0.71,0.122,0.855,0.675,0.665,0.018,0.618,0.237,0.079,0.216,0.856,0.052,0.286,0.93,0.552,0.836,0.368,0.289,0.643,0.672,0.452,0.492,0.302,0.557,0.16,0.203,0.986,0.57,0.925,0.115,0.906,0.194,0.906,0.463,0.317,0.172,0.244,0.671,0.664,0.483,0.875,0.545,0.012,0.129,0.62,0.871,0.498,0.272,0.425,0.006,0.584,0.884,0.259,0.958,0.277,0.824,0.95,0.039,0.881,0.838,0.452,0.168,0.343,0.897,0.277,0.617,0.94,0.961,0.42,0.202,0.365,0.892,0.346,0.588,0.315,0.765,0.333,0.499,0.915,0.524,0.563,0.292,0.814,0.521,0.936,0.841,0.28,0.489,0.751,0.286,0.433,0.719,0.085,0.516,0.706,0.986,0.006,0.17,0.04,0.153,0.007,0.269,0.96,0.426,0.567,0.26,0.084,0.878,0.246,0.797,0.603,0.341,0.754,0.434,0.41,0.919,0.986,0.005,0.59,0.355,0.354,0.004,0.987,0.091,0.522,0.454,0.48,0.872,0.457,0.773,0.896,0.678,0.467,0.02,0.363,0.163,0.976,0.066,0.52,0.345,0.634,0.235,0.142,0.838,0.636,0.065,0.929,0.87,0.518,0.043,0.374,0.963,0.039,0.189,0.282,0.88,0.972,0.724,0.242,0.138,0.431,0.426,0.518,0.999,0.313,0.298,0.267,0.034,0.767,0.952,0.907,0.067,0.598,0.301,0.175,0.115,0.782,0.163,0.607,0.983,0.221,0.544,0.024,0.194,0.63,0.816,0.407,0.976,0.825,0.466,0.392,0.881,0.757,0.797,0.293,0.676,0.544,0.012,0.296,0.619,0.991,0.19,0.249,0.588,0.713,0.989,0.145,0.46,0.361,0.409,0.117,0.638,0.977,0.653,0.53,0.745,0.881
2020-02-01 19:55:27,0.779,0.844,0.943,0.056,0.557,0.872,0.889,0.644,0.197,0.962,0.824,0.984,0.683,0.155,0.433,0.583,0.348,0.076,0.115,0.687,0.687,0.812,0.399,0.643,0.309,0.163,0.939,0.969,0.938,0.206,0.962,0.398,0.771,0.494,0.219,0.781,0.451,0.776,0.756,0.562,0.862,0.431,0.902,0.135,0.671,0.028,0.195,0.803,0.996,0.456,0.342,0.01,0.304,0.932,0.047,0.567,0.701,0.225,0.106,0.489,0.441,0.216,0.288,0.184,0.982,0.683,0.173,0.201,0.378,0.993,0.268,0.538,0.629,0.494,0.015,0.972,0.825,0.676,0.177,0.954,0.82,0.521,0.692,0.328,0.466,0.731,0.717,0.774,0.339,0.357,0.68,0.317,0.766,0.244,0.222,0.398,0.689,0.238,0.704,0.715,0.143,0.422,0.444,0.857,0.391,0.511,0.292,0.862,0.122,0.127,0.683,0.526,0.711,0.614,0.695,0.746,0.449,0.685,0.713,0.084,0.853,0.057,0.506,0.822,0.451,0.897,0.812,0.795,0.7,0.525,0.929,0.689,0.997,0.061,0.718,0.765,0.996,0.287,0.429,0.047,0.606,0.318,0.765,0.537,0.732,0.195,0.122,0.453,0.136,0.926,0.742,0.736,0.596,0.445,0.481,0.711,0.373,0.49,0.519,0.997,0.574,0.332,0.331,0.897,0.212,0.284,0.845,0.226,0.648,0.092,0.084,0.059,0.09,0.086,0.669,0.031,0.062,0.508,0.04,0.635,0.939,0.792,0.289,0.454,0.238,0.212,0.333,0.723,0.11,0.694,0.516,0.928,0.985,0.842,0.924,0.14,0.857,0.744,0.563,0.933,0.283,0.051,0.156,0.007,0.688,0.771,0.335,0.305,0.583,0.568,0.367,0.304,0.942,0.825,0.279,0.703,0.248,0.265,0.314,0.032,0.7,0.747,0.505,0.069,0.161,0.183,0.36,0.178,0.987,0.996,0.177,0.787,0.028,0.228,0.081,0.527,0.241,0.978,0.996,0.084,0.486,0.979,0.124,0.266,0.628,0.675,0.965,0.667,0.033,0.962,0.47,0.008,0.267,0.434,0.666,0.615,0.015,0.633,0.723,0.267,0.384,0.062,0.949,0.769,0.705,0.821,0.058,0.771,0.824,0.136,0.324,0.794,0.369,0.177,0.027,0.529,0.545,0.113,0.627,0.917,0.219,0.308,0.129,0.228,0.005,0.083,0.348,0.992,0.245,0.253,0.969,0.782,0.027,0.207,0.79,0.092,0.093,0.744,0.83,0.511,0.527,0.928,0.703,0.0,0.68,0.315,0.226,0.49,0.241,0.499,0.596,0.624,0.145,0.646,0.37,0.053,0.15,0.645,0.818,0.962,0.567,0.774,0.514,0.718,0.932,0.981,0.66,0.981,0.48,0.891,0.332,0.966,0.545,0.292,0.985,0.26,0.229,0.472,0.577,0.0,0.032,0.783,0.278,0.528,0.36,0.513,0.492,0.995,0.022,0.701,0.124,0.485,0.911,0.584,0.158,0.139,0.099,0.833,0.549,0.55,0.793,0.66,0.404,0.511,0.991,0.294,0.04,0.233,0.774,0.387,0.275,0.193,0.611,0.809,0.505,0.104,0.033,0.301,0.929,0.609,0.581,0.402,0.254,0.909,0.096,0.893,0.141,0.079,0.546,0.787,0.301,0.213,0.997,0.258,0.218,0.762,0.296,0.703,0.915,0.645,0.924,0.673,0.969,0.412,0.915,0.787,0.476,0.935,0.587,0.233,0.011,0.618,0.123,0.035,0.944,0.176,0.763,0.717,0.187,0.028,0.233,0.812,0.592,0.705,0.027,0.459,0.431,0.644,0.129,0.731,0.311,0.872,0.704,0.379,0.656,0.637,0.719,0.044,0.309,0.84,0.965,0.003,0.698,0.464,0.863,0.215,0.205,0.214,0.907,0.83,0.307,0.305,0.853,0.488,0.85,0.19,0.505,0.792,0.986,0.736,0.86,0.222,0.617,0.897,0.417,0.693,0.028,0.639,0.736,0.174,0.462,0.603,0.505,0.897,0.846,0.027,0.2,0.231,0.682,0.062,0.978,0.397,0.339,0.937,0.66,0.351,0.695,0.025,0.226,0.681,0.362,0.608,0.004,0.142,0.035,0.908,0.61,0.608,0.672,0.058,0.485,0.75,0.505,0.929,0.267,0.075,0.25,0.803,0.222,0.226,0.433,0.935
2020-02-01 19:55:27,0.454,0.84,0.367,0.426,0.872,0.15,0.288,0.389,0.259,0.236,0.969,0.132,0.298,0.887,0.799,0.599,0.288,0.359,0.584,0.841,0.284,0.964,0.478,0.211,0.952,0.964,0.99,0.69,0.423,0.529,0.942,0.709,0.176,0.813,0.386,0.672,0.008,0.703,0.429,0.325,0.093,0.623,0.122,0.998,0.501,0.725,0.633,0.373,0.002,0.636,0.69,0.962,0.589,0.829,0.863,0.942,0.909,0.832,0.145,0.265,0.56,0.201,0.222,0.045,0.689,0.579,0.632,0.009,0.165,0.478,0.434,0.594,0.25,0.528,0.523,0.336,0.224,0.973,0.115,0.988,0.377,0.82,0.573,0.376,0.999,0.651,0.741,0.892,0.031,0.828,0.374,0.632,0.922,0.061,0.16,0.488,0.98,0.062,0.846,0.825,0.471,0.118,0.093,0.652,0.911,0.864,0.968,0.909,0.918,0.207,0.332,0.837,0.426,0.678,0.311,0.639,0.638,0.417,0.211,0.669,0.372,0.209,0.399,0.616,0.841,0.394,0.435,0.421,0.029,0.715,0.134,0.588,0.444,0.984,0.855,0.005,0.175,0.619,0.612,0.907,0.667,0.229,0.833,0.793,0.805,0.688,0.358,0.653,0.09,0.449,0.871,0.184,0.867,0.338,0.28,0.219,0.873,0.764,0.823,0.607,0.339,0.288,0.206,0.428,0.107,0.361,0.352,0.283,0.52,0.341,0.041,0.051,0.804,0.421,0.811,0.052,0.04,0.762,0.214,0.805,0.079,0.566,0.245,0.329,0.095,0.5,0.837,0.868,0.675,0.682,0.458,0.033,0.328,0.336,0.982,0.646,0.221,0.226,0.923,0.539,0.446,0.859,0.781,0.536,0.817,0.986,0.228,0.743,0.259,0.482,0.564,0.916,0.396,0.734,0.108,0.103,0.954,0.575,0.145,0.802,0.165,0.922,0.654,0.942,0.781,0.148,0.364,0.021,0.445,0.703,0.34,0.353,0.997,0.125,0.733,0.08,0.602,0.22,0.387,0.686,0.77,0.267,0.891,0.635,0.008,0.149,0.671,0.433,0.987,0.728,0.17,0.359,0.461,0.045,0.485,0.099,0.593,0.143,0.845,0.514,0.78,0.072,0.85,0.722,0.314,0.456,0.256,0.523,0.433,0.792,0.07,0.206,0.108,0.559,0.824,0.331,0.5,0.527,0.709,0.425,0.822,0.323,0.578,0.119,0.26,0.62,0.63,0.875,0.125,0.119,0.58,0.943,0.508,0.424,0.746,0.485,0.776,0.475,0.336,0.525,0.833,0.687,0.905,0.944,0.666,0.033,0.964,0.93,0.304,0.827,0.647,0.187,0.143,0.223,0.169,0.41,0.84,0.595,0.506,0.552,0.64,0.966,0.105,0.184,0.459,0.246,0.181,0.497,0.446,0.785,0.57,0.083,0.685,0.702,0.594,0.333,0.414,0.242,0.493,0.792,0.095,0.368,0.838,0.334,0.192,0.881,0.357,0.007,0.713,0.613,0.839,0.99,0.902,0.18,0.37,0.761,0.594,0.709,0.872,0.766,0.389,0.241,0.762,0.595,0.155,0.34,0.244,0.644,0.958,0.484,0.887,0.974,0.983,0.582,0.193,0.084,0.078,0.054,0.374,0.425,0.926,0.149,0.08,0.788,0.389,0.976,0.185,0.254,0.708,0.534,0.669,0.395,0.573,0.214,0.489,0.275,0.299,0.614,0.882,0.444,0.185,0.408,0.561,0.699,0.468,0.474,0.716,0.904,0.21,0.091,0.943,0.81,0.98,0.83,0.021,0.097,0.396,0.69,0.723,0.757,0.96,0.838,0.277,0.689,0.186,0.462,0.642,0.79,0.521,0.001,0.925,0.765,0.921,0.715,0.349,0.666,0.432,0.96,0.487,0.596,0.01,0.75,0.228,0.67,0.81,0.281,0.085,0.712,0.894,0.124,0.96,0.043,0.161,0.341,0.466,0.738,0.373,0.847,0.152,0.112,0.791,0.119,0.396,0.426,0.313,0.521,0.68,0.231,0.522,0.096,0.455,0.878,0.704,0.539,0.432,0.692,0.154,0.448,0.389,0.707,0.288,0.662,0.343,0.576,0.933,0.954,0.291,0.295,0.31,0.498,0.197,0.035,0.046,0.404,0.645,0.892,0.104,0.266,0.364,0.216,0.81,0.017,0.076,0.574,0.999,0.448,0.668,0.98,0.582,0.406,0.944,0.405
2020-02-01 19:55:27,0.658,0.411,0.113,0.971,0.174,0.199,0.25,0.038,0.598,0.935,0.696,0.155,0.731,0.418,0.849,0.868,0.838,0.231,0.478,0.716,0.371,0.814,0.599,0.172,0.438,0.246,0.161,0.734,0.968,0.632,0.42,0.256,0.751,0.52,0.447,0.233,0.044,0.468,0.824,0.918,0.747,0.45,0.442,0.818,0.922,0.182,0.715,0.316,0.551,0.182,0.935,0.928,0.935,0.134,0.348,0.821,0.355,0.622,0.155,0.233,0.684,0.173,0.169,0.327,0.369,0.322,0.529,0.379,0.421,0.278,0.578,0.159,0.644,0.689,0.784,0.948,0.16,0.962,0.101,0.443,0.968,0.479,0.529,0.166,0.721,0.278,0.035,0.557,0.119,0.292,0.554,0.899,0.556,0.583,0.831,0.897,0.887,0.621,0.079,0.638,0.762,0.803,0.671,0.59,0.256,0.028,0.755,0.739,0.224,0.275,0.313,0.335,0.132,0.245,0.113,0.733,0.895,0.013,0.028,0.166,0.163,0.175,0.554,0.104,0.517,0.827,0.644,0.853,0.484,0.379,0.436,0.549,0.325,0.659,0.981,0.982,0.646,0.89,0.379,0.714,0.985,0.004,0.202,0.114,0.717,0.512,0.959,0.448,0.69,0.162,0.918,0.345,0.549,0.164,0.002,0.609,0.945,0.116,0.533,0.076,0.418,0.857,0.178,0.975,0.958,0.739,0.567,0.946,0.642,0.461,0.131,0.594,0.063,0.685,0.857,0.382,0.266,0.346,0.484,0.168,0.386,0.581,0.489,0.6,0.66,0.909,0.913,0.679,0.441,0.387,0.515,0.846,0.618,0.208,0.581,0.69,0.587,0.723,0.485,0.599,0.26,0.423,0.553,0.701,0.806,0.703,0.409,0.401,0.815,0.476,0.87,0.695,0.106,0.886,0.961,0.164,0.528,0.476,0.941,0.421,0.793,0.627,0.786,0.301,0.864,0.318,0.2,0.589,0.518,0.566,0.777,0.599,0.054,0.262,0.24,0.303,0.815,0.836,0.986,0.137,0.729,0.852,0.419,0.827,0.996,0.219,0.95,0.844,0.871,0.434,0.417,0.242,0.218,0.145,0.653,0.357,0.007,0.277,0.201,0.812,0.507,0.257,0.935,0.377,0.299,0.376,0.578,0.396,0.376,0.957,0.829,0.312,0.338,0.762,0.853,0.594,0.047,0.789,0.336,0.027,0.331,0.087,0.014,0.346,0.837,0.735,0.939,0.59,0.983,0.065,0.918,0.505,0.716,0.923,0.403,0.776,0.08,0.038,0.442,0.376,0.983,0.257,0.388,0.572,0.838,0.17,0.983,0.897,0.419,0.457,0.629,0.92,0.183,0.195,0.445,0.767,0.085,0.152,0.364,0.682,0.906,0.755,0.312,0.785,0.801,0.866,0.8,0.093,0.486,0.718,0.383,0.248,0.45,0.591,0.073,0.986,0.829,0.26,0.608,0.776,0.1,0.987,0.091,0.091,0.891,0.754,0.666,0.517,0.827,0.661,0.326,0.399,0.457,0.641,0.301,0.595,0.219,0.597,0.059,0.497,0.811,0.443,0.657,0.041,0.336,0.982,0.362,0.042,0.376,0.657,0.508,0.336,0.449,0.572,0.454,0.77,0.114,0.684,0.608,0.098,0.559,0.162,0.957,0.268,0.389,0.251,0.824,0.336,0.973,0.736,0.625,0.762,0.638,0.35,0.076,0.529,0.047,0.191,0.587,0.326,0.128,0.191,0.636,0.493,0.472,0.634,0.939,0.461,0.267,0.291,0.865,0.718,0.888,0.902,0.359,0.682,0.07,0.433,0.868,0.601,0.282,0.29,0.593,0.964,0.058,0.589,0.643,0.756,0.409,0.386,0.629,0.933,0.499,0.62,0.521,0.939,0.349,0.993,0.105,0.761,0.718,0.166,0.927,0.27,0.523,0.605,0.203,0.395,0.39,0.342,0.433,0.967,0.812,0.137,0.572,0.29,0.51,0.696,0.175,0.278,0.715,0.738,0.955,0.17,0.642,0.331,0.729,0.565,0.422,0.792,0.828,0.704,0.28,0.321,0.214,0.1,0.991,0.698,0.257,0.799,0.218,0.054,0.694,0.844,0.066,0.779,0.222,0.989,0.244,0.554,0.387,0.774,0.771,0.784,0.789,0.082,0.401,0.941,0.1,0.511,0.892,0.37,0.49,0.313,0.077,0.622,0.162,0.598,0.6,0.849,0.268,0.16
2020-02-01 19:55:27,0.945,0.933,0.88,0.637,0.629,0.93,0.512,0.68,0.413,0.397,0.756,0.341,0.714,0.169,0.461,0.667,0.342,0.286,0.642,0.733,0.81,0.016,0.918,0.894,0.876,0.45,0.943,0.837,0.262,0.339,0.91,0.194,0.32,0.216,0.578,0.584,0.29,0.184,0.091,0.318,0.804,0.933,0.866,0.247,0.456,0.365,0.193,0.804,0.993,0.402,0.389,0.583,0.238,0.059,0.862,0.215,0.684,0.868,0.186,0.166,0.314,0.493,0.41,0.577,0.829,0.083,0.901,0.02,0.833,0.837,0.287,0.641,0.755,0.791,0.347,0.21,0.667,0.145,0.858,0.747,0.289,0.582,0.411,0.166,0.106,0.86,0.111,0.767,0.911,0.577,0.746,0.099,0.511,0.418,0.418,0.145,0.489,0.264,0.455,0.569,0.977,0.585,0.579,0.893,0.472,0.92,0.552,0.572,0.527,0.182,0.75,0.601,0.3,0.483,0.631,0.293,0.914,0.976,0.432,0.354,0.822,0.386,0.706,0.22,0.984,0.864,0.743,0.463,0.076,0.992,0.541,0.421,0.279,0.85,0.743,0.573,0.731,0.185,0.417,0.063,0.594,0.322,0.407,0.443,0.674,0.202,0.373,0.452,0.862,0.131,0.376,0.881,0.522,0.018,0.642,0.529,0.225,0.788,0.048,0.322,0.812,0.99,0.361,0.907,0.96,0.437,0.027,0.737,0.82,0.5,0.034,0.206,0.436,0.721,0.108,0.575,0.597,0.038,0.784,0.144,0.511,0.146,0.77,0.955,0.652,0.788,0.89,0.79,0.163,0.636,0.082,0.844,0.968,0.331,0.069,0.602,0.286,0.266,0.315,0.648,0.151,0.36,0.564,0.977,0.943,0.499,0.657,0.127,0.668,0.481,0.248,0.298,0.626,0.498,0.486,0.848,0.941,0.604,0.904,0.613,0.864,0.841,0.75,0.203,0.233,0.485,0.153,0.079,0.934,0.407,0.324,0.239,0.867,0.137,0.922,0.726,0.813,0.522,0.05,0.997,0.01,0.303,0.837,0.173,0.761,0.484,0.934,0.697,0.506,0.549,0.21,0.812,0.908,0.125,0.679,0.852,0.995,0.211,0.515,0.971,0.646,0.762,0.32,0.956,0.247,0.479,0.04,0.314,0.736,0.402,0.526,0.155,0.014,0.483,0.317,0.188,0.541,0.278,0.513,0.437,0.213,0.455,0.232,0.528,0.112,0.204,0.014,0.309,0.962,0.857,0.464,0.152,0.015,0.259,0.296,0.725,0.085,0.314,0.337,0.291,0.622,0.65,0.177,0.067,0.355,0.843,0.817,0.106,0.811,0.377,0.125,0.314,0.618,0.432,0.636,0.068,0.251,0.483,0.297,0.474,0.097,0.102,0.33,0.571,0.49,0.789,0.101,0.843,0.329,0.921,0.257,0.849,0.99,0.416,0.565,0.318,0.108,0.07,0.34,0.74,0.177,0.902,0.433,0.191,0.179,0.474,0.661,0.873,0.706,0.743,0.471,0.029,0.01,0.602,0.072,0.294,0.056,0.633,0.411,0.323,0.977,0.838,0.652,0.359,0.331,0.143,0.383,0.635,0.16,0.205,0.988,0.653,0.557,0.668,0.966,0.344,0.942,0.25,0.624,0.575,0.751,0.723,0.236,0.584,0.944,0.331,0.469,0.956,0.299,0.86,0.118,0.888,0.154,0.325,0.003,0.934,0.665,0.053,0.587,0.16,0.523,0.907,0.639,0.778,0.551,0.533,0.571,0.187,0.595,0.493,0.645,0.172,0.665,0.553,0.565,0.787,0.383,0.215,0.695,0.517,0.149,0.051,0.664,0.2,0.24,0.509,0.152,0.093,0.529,0.011,0.012,0.053,0.867,0.205,0.702,0.063,0.271,0.905,0.586,0.032,0.051,0.672,0.874,0.985,0.378,0.84,0.73,0.875,0.615,0.698,0.103,0.952,0.484,0.972,0.881,0.106,0.651,0.969,0.664,0.827,0.991,0.475,0.857,0.654,0.22,0.901,0.231,0.568,0.777,0.557,0.09,0.066,0.721,0.382,0.59,0.146,0.725,0.488,0.667,0.575,0.049,0.899,0.644,0.042,0.125,0.405,0.128,0.346,0.645,0.188,0.667,0.903,0.766,0.106,0.786,0.51,0.126,0.596,0.607,0.38,0.216,0.628,0.348,0.079,0.354,0.303,0.723,0.872,0.687,0.799,0.089,0.052
2020-02-01 19:55:27,0.307,0.507,0.824,0.204,0.071,0.39,0.921,0.334,0.124,0.971,0.399,0.377,0.353,0.319,0.777,0.76,0.183,0.643,0.539,0.401,0.96,0.755,0.641,0.674,0.022,0.868,0.672,0.87,0.407,0.615,0.009,0.673,0.823,0.563,0.208,0.463,0.838,0.688,0.621,0.946,0.391,0.949,0.986,0.468,0.594,0.749,0.914,0.776,0.376,0.264,0.257,0.834,0.389,0.086,0.947,0.623,0.401,0.453,0.88,0.975,0.676,0.122,0.162,0.231,0.611,0.787,0.289,0.24,0.354,0.854,0.602,0.771,0.491,0.174,0.932,0.47,0.912,0.806,0.116,0.571,0.961,0.896,0.962,0.149,0.257,0.334,0.865,0.626,0.267,0.768,0.596,0.645,0.613,0.714,0.234,0.464,0.521,0.715,0.414,0.965,0.154,0.334,0.509,0.748,0.515,0.807,0.584,0.979,0.38,0.162,0.961,0.987,0.654,0.561,0.816,0.074,0.51,0.748,0.148,0.852,0.722,0.291,0.042,0.513,0.503,0.84,0.765,0.563,0.416,0.924,0.45,0.307,0.308,0.629,0.074,0.103,0.823,0.811,0.903,0.826,0.896,0.466,0.215,0.368,0.109,0.167,0.861,0.904,0.508,0.653,0.093,0.376,0.193,0.849,0.404,0.698,0.841,0.579,0.225,0.21,0.969,0.265,0.326,0.989,0.931,0.525,0.521,0.376,0.934,0.229,0.333,0.221,0.382,0.615,0.296,0.771,0.955,0.045,0.973,0.144,0.226,0.492,0.591,0.71,0.225,0.569,0.258,0.882,0.247,0.885,0.169,0.256,0.319,0.452,0.41,0.545,0.132,0.242,0.338,0.614,0.779,0.029,0.343,0.103,0.215,0.931,0.925,0.934,0.724,0.392,0.661,0.708,0.845,0.098,0.497,0.9,0.264,0.762,0.442,0.736,0.975,0.957,0.815,0.025,0.308,0.973,0.522,0.358,0.371,0.3,0.573,0.099,0.32,0.355,0.873,0.332,0.23,0.118,0.074,0.769,0.453,0.231,0.033,0.259,0.685,0.264,0.314,0.256,0.943,0.161,0.221,0.159,0.288,0.534,0.59,0.957,0.418,0.235,0.048,0.065,0.512,0.646,0.056,0.947,0.393,0.591,0.213,0.378,0.396,0.85,0.059,0.493,0.28,0.696,0.065,0.695,0.31,0.125,0.553,0.116,0.833,0.318,0.094,0.929,0.087,0.047,0.416,0.243,0.221,0.686,0.429,1.0,0.208,0.794,0.246,0.385,0.896,0.176,0.485,0.536,0.382,0.39,0.629,0.294,0.276,0.268,0.896,0.365,0.309,0.205,0.209,0.857,0.16,0.755,0.496,0.214,0.69,0.761,0.926,0.117,0.937,0.372,0.852,0.611,0.047,0.5,0.399,0.918,0.162,0.572,0.679,0.284,0.235,0.664,0.742,0.024,0.471,0.2,0.937,0.429,0.309,0.572,0.806,0.797,0.137,0.022,0.236,0.551,0.731,0.26,0.862,0.785,0.25,0.016,0.009,0.152,0.847,0.898,0.842,0.28,0.787,0.907,0.356,0.932,0.654,0.871,0.396,0.812,0.123,0.463,0.4,0.608,0.659,0.801,0.671,0.143,0.228,0.646,0.725,0.295,0.801,0.049,0.098,0.538,0.338,0.577,0.25,0.737,0.706,0.906,0.55,0.543,0.61,0.595,0.057,0.249,0.502,0.514,0.054,0.615,0.983,0.589,0.263,0.786,0.4,0.916,0.687,0.738,0.674,0.983,0.783,0.986,0.831,0.761,0.939,0.824,0.437,0.377,0.151,0.891,0.743,0.431,0.819,0.716,0.969,0.783,0.803,0.147,0.433,0.67,0.688,0.142,0.69,0.12,0.542,0.374,0.206,0.502,0.046,0.103,0.6,0.254,0.672,0.188,0.572,0.641,0.115,0.679,0.949,0.176,0.307,0.954,0.638,0.029,0.764,0.195,0.499,0.825,0.549,0.368,0.821,0.138,0.516,0.133,0.576,0.358,0.939,0.347,0.035,0.818,0.69,0.008,0.115,0.316,0.235,0.781,0.707,0.653,0.705,0.376,0.622,0.083,0.421,0.841,0.453,0.042,0.728,0.02,0.366,0.526,0.518,0.017,0.365,0.958,0.599,0.975,0.396,0.688,0.514,0.237,0.192,0.879,0.924,0.334,0.924,0.644,0.502,0.099,0.45,0.389,0.545,0.142
2020-02-01 19:55:27,0.437,0.961,0.452,0.824,0.267,0.676,0.006,0.095,0.815,0.875,0.573,0.645,0.353,0.912,0.534,0.229,0.915,0.449,0.392,0.486,0.4,0.792,0.494,0.488,0.398,0.697,0.312,0.992,0.108,0.454,0.264,0.888,0.313,0.631,0.027,0.795,0.503,0.079,0.684,0.099,0.002,0.759,0.312,0.568,0.52,0.503,0.208,0.465,0.881,0.142,0.119,0.782,0.031,0.238,0.716,0.465,0.963,0.346,0.721,0.605,0.925,0.451,0.1,0.993,0.538,0.666,0.196,0.205,0.339,0.222,0.132,0.151,0.77,0.215,0.45,0.395,0.072,0.422,0.915,0.179,0.498,0.036,0.708,0.102,0.381,0.718,0.459,0.932,0.126,0.11,0.929,0.602,0.478,0.591,0.66,0.468,0.961,0.404,0.975,0.639,0.243,0.02,0.499,0.369,0.605,0.402,0.985,0.154,0.977,0.106,0.455,0.573,0.771,0.055,0.532,0.972,0.849,0.058,0.887,0.252,0.35,0.449,0.11,0.793,0.634,0.638,0.322,0.297,0.733,0.034,0.3,0.277,0.16,0.72,0.609,0.316,0.008,0.952,0.169,0.703,0.998,0.913,0.976,0.31,0.129,0.186,0.07,0.919,0.716,0.94,0.482,0.47,0.515,0.466,0.57,0.055,0.678,0.612,0.999,0.463,0.629,0.809,0.476,0.061,0.438,0.444,0.011,0.163,0.059,0.073,0.327,0.795,0.648,0.541,0.008,0.026,0.537,0.944,0.33,0.077,0.787,0.684,0.015,0.728,0.375,0.927,0.221,0.583,0.382,0.95,0.158,0.95,0.294,0.513,0.003,0.309,0.014,0.018,0.216,0.502,0.282,0.557,0.223,0.187,0.015,0.253,0.009,0.228,0.065,0.32,0.322,0.387,0.55,0.571,0.705,0.125,0.291,0.483,0.893,0.928,0.766,0.234,0.287,0.393,0.628,0.081,0.326,0.694,0.24,0.288,0.146,0.895,0.41,0.742,0.181,0.537,0.913,0.957,0.718,0.931,0.398,0.226,0.272,0.735,0.569,0.978,0.131,0.377,0.276,0.675,0.172,0.8,0.13,0.138,0.08,0.006,0.141,0.569,0.649,0.194,0.69,0.144,0.741,0.574,0.389,0.35,0.393,0.829,0.446,0.989,0.697,0.391,0.814,0.342,0.753,0.208,0.202,0.868,0.229,0.023,0.518,0.736,0.136,0.826,0.138,0.857,0.183,0.091,0.763,0.257,0.691,0.531,0.051,0.729,0.274,0.299,0.433,0.052,0.968,0.771,0.286,0.885,0.269,0.456,0.674,0.927,0.63,0.293,0.294,0.836,0.628,0.575,0.927,0.398,0.988,0.08,0.495,0.686,0.575,0.574,0.759,0.97,0.04,0.713,0.551,0.526,0.534,0.619,0.236,0.664,0.963,0.242,0.58,0.452,0.245,0.761,0.829,0.777,0.8,0.924,0.442,0.166,0.109,0.445,0.651,0.588,0.89,0.094,0.676,0.019,0.073,0.212,0.735,0.106,0.588,0.25,0.563,0.213,0.47,0.621,0.198,0.906,0.03,0.795,0.641,0.803,0.968,0.833,0.017,0.505,0.735,0.085,0.6,0.696,0.698,0.762,0.091,0.855,0.422,0.551,0.269,0.105,0.241,0.427,0.768,0.354,0.386,0.858,0.189,0.087,0.349,0.425,0.718,0.148,0.584,0.008,0.973,0.971,0.152,0.12,0.888,0.571,0.159,0.756,0.668,0.493,0.138,0.803,0.466,0.681,0.75,0.508,0.29,0.723,0.435,0.797,0.946,0.574,0.299,0.896,0.095,0.458,0.783,0.919,0.252,0.268,0.044,0.585,0.599,0.776,0.404,0.167,0.054,0.875,0.107,0.769,0.53,0.002,0.225,0.093,0.908,0.499,0.17,0.905,0.003,0.538,0.437,0.094,0.085,0.342,0.628,0.169,0.468,0.296,0.306,0.19,0.922,0.887,0.04,0.418,0.492,0.941,0.976,0.421,0.883,0.603,0.785,0.054,0.771,0.247,0.294,0.742,0.871,0.984,0.113,0.406,0.615,0.189,0.317,0.579,0.413,0.33,0.824,0.659,0.106,0.765,0.341,0.393,0.47,0.585,0.31,0.043,0.577,0.69,0.603,0.569,0.764,0.185,0.761,0.518,0.934,0.707,0.197,0.433,0.191,0.646,0.199,0.584,0.047,0.306,0.008,0.17
2020-02-01 19:55:27,0.31,0.177,0.347,0.299,0.302,0.44,0.02,0.064,0.005,0.024,0.091,0.147,0.104,0.525,0.996,0.112,0.803,0.429,0.319,0.955,0.859,0.42,0.66,0.817,0.587,0.163,0.703,0.832,0.108,0.44,0.23,0.824,0.682,0.197,0.713,0.046,0.976,0.486,0.941,0.577,0.555,0.784,0.537,0.201,0.542,0.404,0.173,0.09,0.587,0.841,0.428,0.37,0.166,0.59,0.511,0.199,0.098,0.782,0.836,0.793,0.918,0.231,0.928,0.247,0.123,0.482,0.217,0.772,0.776,0.169,0.764,0.558,0.525,0.304,0.299,0.485,0.676,0.716,0.336,0.457,0.998,0.929,0.089,0.563,0.45,0.911,0.696,0.879,0.989,0.097,0.512,0.801,0.167,0.21,0.18,0.471,0.364,0.839,0.034,0.263,0.431,0.806,0.215,0.64,0.292,0.543,0.584,0.072,0.904,0.285,0.023,0.619,0.451,0.396,0.799,0.319,0.664,0.86,0.252,0.887,0.733,0.587,0.301,0.284,0.566,0.398,0.001,0.48,0.309,0.864,0.897,0.436,0.859,0.279,0.596,0.025,0.392,0.796,0.557,0.08,0.673,0.303,0.906,0.767,0.224,0.959,0.15,0.078,0.521,0.667,0.068,0.921,0.23,0.249,0.11,0.624,0.026,0.457,0.482,0.106,0.18,0.235,0.789,0.659,0.445,0.365,0.179,0.705,0.787,0.579,0.502,0.231,0.245,0.602,0.526,0.003,0.703,0.813,0.482,0.515,0.719,0.492,0.694,0.84,0.494,0.627,0.301,0.054,0.898,0.897,0.094,0.502,0.472,0.188,0.637,0.331,0.916,0.566,0.429,0.177,0.824,0.464,0.508,0.377,0.138,0.384,0.583,0.092,0.963,0.137,0.167,0.895,0.485,0.516,0.272,0.893,0.337,0.818,0.425,0.183,0.708,0.021,0.445,0.567,0.287,0.236,0.504,0.498,0.141,0.012,0.248,0.827,0.225,0.293,0.19,0.16,0.178,0.01,0.571,0.168,0.634,0.5,0.772,0.855,0.653,0.528,0.197,0.327,0.234,0.207,0.72,0.658,0.405,0.733,0.182,0.84,0.825,0.238,0.132,0.133,0.271,0.435,0.938,0.018,0.092,0.59,0.457,0.154,0.221,0.216,0.313,0.024,0.222,0.952,0.328,0.738,0.067,0.873,0.135,0.814,0.271,0.219,0.555,0.264,0.028,0.411,0.523,0.616,0.957,0.48,0.401,0.669,0.362,0.703,0.255,0.996,0.837,0.666,0.191,0.546,0.985,0.254,0.803,0.152,0.167,0.604,0.975,0.022,0.957,0.463,0.953,0.615,0.305,0.7,0.79,0.865,0.215,0.346,0.49,0.983,0.685,0.7,0.739,0.461,0.267,0.677,0.508,0.088,0.182,0.393,0.984,0.336,0.106,0.86,0.807,0.847,0.66,0.008,0.961,0.274,0.218,0.046,0.952,0.762,0.773,0.002,0.22,0.657,0.463,0.578,0.522,0.941,0.767,0.328,0.505,0.823,0.975,0.048,0.368,0.464,0.088,0.081,0.532,0.417,0.836,0.868,0.57,0.043,0.853,0.464,0.604,0.845,0.548,0.589,0.884,0.755,0.694,0.607,0.175,0.232,0.035,0.194,0.681,0.762,0.589,0.937,0.365,0.469,0.675,0.356,0.579,0.66,0.528,0.238,0.181,0.661,0.909,0.36,0.649,0.617,0.304,0.408,0.645,0.254,0.829,0.83,0.727,0.819,0.749,0.813,0.747,0.521,0.89,0.267,0.088,0.891,0.369,0.135,0.341,0.111,0.079,0.489,0.455,0.679,0.348,0.703,0.235,0.978,0.046,0.748,0.843,0.407,0.351,0.359,0.92,0.865,0.881,0.891,0.191,0.481,0.193,0.405,0.991,0.956,0.446,0.697,0.17,0.983,0.81,0.715,0.638,0.44,0.277,0.098,0.014,0.737,0.618,0.823,0.618,0.088,0.559,0.512,0.99,0.389,0.121,0.138,0.429,0.829,0.583,0.093,0.808,0.157,0.29,0.412,0.261,0.238,0.124,0.376,0.71,0.226,0.752,0.174,0.602,0.972,0.824,0.381,0.604,0.336,0.819,0.577,0.641,0.353,0.478,0.066,0.017,0.465,0.344,0.929,0.864,0.697,0.07,0.385,0.092,0.063,0.055,0.925,0.511,0.562,0.746,0.54,0.584,0.801
2020-02-01 19:55:27,0.609,0.671,0.363,0.176,0.806,0.398,0.209,0.626,0.172,0.826,0.113,0.056,0.204,0.039,0.861,0.63,0.2,0.853,0.052,0.314,0.876,0.69,0.888,0.769,0.768,0.624,0.931,0.582,0.548,0.922,0.584,0.81,0.064,0.983,0.362,0.571,0.739,0.286,0.949,0.187,0.343,0.213,0.591,0.026,0.663,0.96,0.397,0.812,0.572,0.677,0.222,0.877,0.128,0.454,0.978,0.868,0.576,0.155,0.69,0.168,0.181,0.337,0.116,0.133,0.052,0.786,0.167,0.578,0.19,0.237,0.067,0.472,0.379,0.414,0.842,0.53,0.446,0.061,0.298,0.643,0.142,0.393,0.217,0.481,0.626,0.774,0.561,0.803,0.965,0.693,0.734,0.113,0.943,0.534,0.32,0.345,0.722,0.029,0.214,0.93,0.602,0.344,0.154,0.266,0.012,0.653,0.562,0.731,0.948,0.432,0.768,0.172,0.131,0.291,0.701,0.884,0.986,0.164,0.711,0.935,0.162,0.622,0.24,0.288,0.662,0.703,0.331,0.735,0.045,0.137,0.129,0.268,0.12,0.076,0.601,0.645,0.204,0.677,0.671,0.999,0.402,0.593,0.582,0.896,0.468,0.059,0.479,0.304,0.836,0.96,0.876,0.182,0.764,0.712,0.747,0.098,0.508,0.35,0.105,0.061,0.993,0.245,0.551,0.291,0.715,0.322,0.57,0.614,0.709,0.457,0.216,0.036,0.846,0.72,0.403,0.631,0.833,0.09,0.213,0.354,0.391,0.66,0.107,0.326,0.462,0.944,0.377,0.45,0.142,0.512,0.555,0.157,0.422,0.262,0.892,0.216,0.186,0.858,0.705,0.782,0.677,0.276,0.702,0.24,0.652,0.075,0.407,0.521,0.007,0.366,0.587,0.024,0.36,0.543,0.517,0.751,0.933,0.405,0.762,0.865,0.641,0.67,0.645,0.268,0.757,0.688,0.321,0.58,0.717,0.744,0.038,0.284,0.475,0.322,0.714,0.202,0.338,0.88,0.594,0.766,0.532,0.323,0.33,0.591,0.249,0.57,0.629,0.868,0.497,0.41,0.762,0.367,0.066,0.564,0.036,0.88,0.294,0.184,0.994,0.685,0.094,0.368,0.51,0.626,0.654,0.442,0.971,0.179,0.809,0.97,0.42,0.881,0.527,0.903,0.108,0.948,0.965,0.832,0.634,0.955,0.84,0.034,0.686,0.779,0.974,0.235,0.475,0.836,0.668,0.211,0.266,0.212,0.124,0.286,0.608,0.6,0.445,0.94,0.813,0.729,0.773,0.054,0.386,0.608,0.012,0.159,0.904,0.58,0.885,0.737,0.136,0.85,0.259,0.306,0.909,0.386,0.289,0.965,0.768,0.191,0.247,0.419,0.085,0.836,0.682,0.427,0.606,0.791,0.223,0.677,0.201,0.339,0.929,0.422,0.003,0.073,0.457,0.314,0.401,0.899,0.173,0.343,0.839,0.761,0.994,0.506,0.751,0.589,0.56,0.54,0.321,0.294,0.439,0.047,0.129,0.974,0.106,0.107,0.647,0.177,0.995,0.351,0.317,0.833,0.9,0.602,0.729,0.597,0.674,0.588,0.788,0.704,0.571,0.764,0.65,0.585,0.67,0.468,0.925,0.415,0.158,0.772,0.004,0.274,0.45,0.312,0.801,0.154,0.951,0.376,0.776,0.893,0.745,0.543,0.634,0.616,0.362,0.809,0.696,0.809,0.214,0.373,0.836,0.543,0.246,0.367,0.156,0.118,0.929,0.767,0.138,0.823,0.532,0.25,0.793,0.007,0.615,0.707,0.23,0.847,0.724,0.072,0.089,0.011,0.418,0.363,0.887,0.314,0.967,0.342,0.275,0.659,0.397,0.782,0.911,0.173,0.604,0.029,0.165,0.791,0.106,0.717,0.975,0.567,0.28,0.994,0.076,0.669,0.161,0.998,0.7,0.736,0.895,0.959,0.076,0.606,0.803,0.028,0.945,0.782,0.384,0.494,0.334,0.125,0.956,0.968,0.447,0.032,0.048,0.678,0.736,0.234,0.995,0.771,0.828,0.81,0.533,0.143,0.082,0.861,0.529,0.845,0.543,0.769,0.398,0.243,0.944,0.388,0.341,0.096,0.553,0.657,0.266,0.583,0.949,0.667,0.448,0.868,0.045,0.636,0.642,0.128,0.394,0.082,0.523,0.792,0.252,0.966,0.995,0.907,0.697,0.537
2020-02-01 19:55:27,0.042,0.136,0.958,0.983,0.668,0.231,0.499,0.129,0.355,0.491,0.41,0.616,0.823,0.25,0.506,0.997,0.035,0.243,0.531,0.934,0.12,0.041,0.896,0.174,0.994,0.104,0.026,0.163,0.604,0.274,0.251,0.435,0.648,0.804,0.262,0.266,0.895,0.757,0.802,0.928,0.188,0.459,0.944,0.646,0.038,0.103,0.386,0.197,0.512,0.327,0.586,0.812,0.199,0.353,0.297,0.569,0.493,0.392,0.741,0.493,0.708,0.904,0.445,0.407,0.36,0.642,0.487,0.955,0.175,0.578,0.039,0.848,0.311,0.411,0.513,0.744,0.996,0.963,0.864,0.746,0.973,0.046,0.386,0.894,0.095,0.816,0.406,0.075,0.224,0.718,0.321,0.776,0.362,0.194,0.608,0.97,0.234,0.397,0.554,0.912,0.671,0.324,0.538,0.616,0.886,0.464,0.772,0.305,0.523,0.889,0.931,0.563,0.729,0.812,0.538,0.321,0.136,0.488,0.741,0.243,0.947,0.502,0.496,0.132,0.698,0.119,0.718,0.615,0.113,0.632,0.26,0.659,0.472,0.56,0.368,0.238,0.888,0.537,0.408,0.411,0.553,0.841,0.405,0.161,0.073,0.719,0.208,0.24,0.495,0.161,0.473,0.739,0.947,0.081,0.368,0.123,0.293,0.774,0.251,0.145,0.237,0.171,0.101,0.611,0.054,0.069,0.108,0.624,0.385,0.365,0.219,0.403,0.701,0.022,0.104,0.844,0.183,0.237,0.975,0.949,0.257,0.754,0.329,0.979,0.583,0.255,0.037,0.583,0.01,0.59,0.083,0.172,0.03,0.99,0.309,0.994,0.814,0.966,0.912,0.34,0.305,0.11,0.156,0.087,0.324,0.591,0.229,0.943,0.593,0.444,0.39,0.343,0.864,0.105,0.675,0.481,0.787,0.429,0.039,0.008,0.405,0.332,0.802,0.906,0.66,0.371,0.471,0.141,0.124,0.615,0.46,0.761,0.502,0.388,0.494,0.489,0.916,0.691,0.078,0.588,0.897,0.005,0.442,0.212,0.582,0.785,0.315,0.436,0.726,0.777,0.928,0.906,0.064,0.371,0.926,0.946,0.912,0.079,0.016,0.394,0.85,0.856,0.554,0.732,0.844,0.938,0.618,0.631,0.363,0.542,0.653,0.874,0.538,0.296,0.153,0.284,0.027,0.808,0.797,0.076,0.372,0.675,0.067,0.746,0.349,0.128,0.605,0.539,0.063,0.486,0.705,0.326,0.208,0.716,0.313,0.141,0.537,0.526,0.554,0.529,0.053,0.073,0.506,0.17,0.494,0.54,0.543,0.642,0.481,0.257,0.74,0.889,0.744,0.937,0.336,0.462,0.525,0.05,0.105,0.134,0.951,0.173,0.444,0.418,0.128,0.528,0.857,0.037,0.588,0.179,0.221,0.515,0.435,0.449,0.596,0.851,0.404,0.739,0.669,0.898,0.74,0.072,0.751,0.658,0.862,0.004,0.45,0.505,0.919,0.2,0.171,0.864,0.621,0.562,0.855,0.203,0.374,0.496,0.219,0.211,0.604,0.663,0.915,0.229,0.025,0.117,0.561,0.969,0.667,0.406,0.054,0.962,0.857,0.075,0.861,0.443,0.882,0.806,0.313,0.863,0.904,0.533,0.272,0.208,0.789,0.97,0.229,0.754,0.672,0.156,0.751,0.925,0.306,0.52,0.389,0.184,0.639,0.911,0.614,0.004,0.342,0.696,0.494,0.891,0.96,0.562,0.641,0.297,0.209,0.825,0.351,0.316,0.629,0.913,0.717,0.63,0.523,0.823,0.744,0.35,0.663,0.273,0.926,0.409,0.239,0.891,0.716,0.361,0.225,0.655,0.372,0.993,0.739,0.96,0.163,0.484,0.825,0.788,0.521,0.624,0.417,0.108,0.392,0.604,0.548,0.865,0.728,0.165,0.179,0.431,0.899,0.092,0.062,0.921,0.755,0.249,0.904,0.194,0.206,0.218,0.802,0.143,0.814,0.15,0.579,0.703,0.931,0.411,0.212,0.873,0.018,0.255,0.153,0.034,0.642,0.491,0.013,0.271,0.022,0.008,0.456,0.559,0.578,0.275,0.409,0.446,0.29,0.623,0.778,0.833,0.499,0.105,0.473,0.943,0.212,0.607,0.75,0.713,0.941,0.477,0.238,0.742,0.778,0.065,0.272,0.955,0.647,0.15,0.747,0.02,0.071,0.598
2020-02-01 19:55:27,0.472,0.197,0.645,0.44,0.896,0.676,0.383,0.94,0.518,0.86,0.908,0.403,0.738,0.114,0.311,0.078,0.014,0.458,0.056,0.359,0.155,0.82,0.717,0.367,0.678,0.461,0.229,0.0,0.478,0.528,0.389,0.444,0.894,0.481,0.296,0.929,0.532,0.773,0.172,0.526,0.143,0.893,0.267,0.571,0.164,0.229,0.213,0.463,0.521,0.079,0.725,0.57,0.346,0.07,0.423,0.563,0.017,0.327,0.163,0.633,0.132,0.634,0.109,0.467,0.651,0.919,0.964,0.57,0.929,0.793,0.006,0.131,0.789,0.522,0.044,0.226,0.211,0.811,0.025,0.35,0.094,0.169,0.068,0.337,0.188,0.751,0.749,0.462,0.277,0.525,0.463,0.608,0.119,0.802,0.015,0.788,0.75,0.202,0.008,0.052,0.236,0.05,0.773,0.189,0.704,0.998,0.895,0.287,0.57,0.267,0.798,0.489,0.655,0.401,0.628,0.474,0.83,0.201,0.58,0.256,0.779,0.414,0.288,0.65,0.077,0.068,0.918,0.169,0.56,0.65,0.45,0.718,0.659,0.037,0.352,0.659,0.873,0.46,0.279,0.8,0.387,0.604,0.935,0.279,0.19,0.489,0.124,0.932,0.919,0.917,0.562,0.471,0.81,0.19,0.513,0.765,0.739,0.635,0.037,0.034,0.759,0.135,0.833,0.437,0.626,0.665,0.138,0.154,0.787,0.523,0.631,0.361,0.096,0.683,0.794,0.534,0.536,0.036,0.74,0.211,0.721,0.291,0.357,0.915,0.688,0.547,0.11,0.494,0.888,0.291,0.241,0.857,0.014,0.887,0.345,0.214,0.144,0.173,0.337,0.015,0.19,0.184,0.194,0.259,0.534,0.776,0.319,0.096,0.123,0.803,0.762,0.215,0.983,0.121,0.966,0.967,0.869,0.893,0.095,0.348,0.221,0.268,0.059,0.687,0.09,0.225,0.495,0.571,0.411,0.396,0.24,0.609,0.31,0.065,0.593,0.592,0.869,0.064,0.492,0.831,0.433,0.835,0.017,0.798,0.802,0.076,0.781,0.341,0.939,0.883,0.233,0.065,0.768,0.522,0.827,0.505,0.431,0.054,0.583,0.513,0.787,0.469,0.09,0.96,0.355,0.305,0.707,0.618,0.61,0.187,0.144,0.788,0.5,0.625,0.335,0.442,0.845,0.04,0.025,0.466,0.698,0.864,0.131,0.747,0.279,0.813,0.146,0.47,0.929,0.586,0.141,0.628,0.184,0.757,0.5,0.578,0.939,0.32,0.999,0.742,0.688,0.655,0.548,0.275,0.477,0.264,0.192,0.559,0.65,0.021,0.814,0.883,0.994,0.793,0.708,0.954,0.889,0.206,0.884,0.418,0.442,0.002,0.849,0.365,0.448,0.849,0.628,0.042,0.579,0.103,0.428,0.121,0.119,0.482,0.206,0.243,0.676,0.081,0.816,0.938,0.248,0.147,0.19,0.392,0.76,0.96,0.151,0.936,0.503,0.485,0.082,0.643,0.807,0.988,0.968,0.981,0.858,0.271,0.448,0.71,0.949,0.445,0.134,0.138,0.029,0.742,0.023,0.781,0.98,0.241,0.015,0.406,0.429,0.121,0.233,0.74,0.706,0.809,0.341,0.188,0.504,0.112,0.158,0.161,0.524,0.151,0.28,0.089,0.594,0.172,0.063,0.234,0.782,0.633,0.192,0.961,0.231,0.647,0.284,0.622,0.523,0.799,0.982,0.183,0.764,0.766,0.712,0.028,0.225,0.336,0.499,0.753,0.257,0.055,0.255,0.832,0.975,0.851,0.439,0.622,0.705,0.656,0.22,0.639,0.258,0.23,0.851,0.374,0.74,0.533,0.253,0.876,0.905,0.272,0.022,0.77,0.864,0.663,0.564,0.516,0.333,0.838,0.884,0.89,0.69,0.772,0.422,0.776,0.395,0.429,0.738,0.875,0.931,0.899,0.045,0.321,0.569,0.689,0.397,0.534,0.852,0.545,0.532,0.776,0.701,0.827,0.512,0.937,0.072,0.807,0.997,0.99,0.703,0.124,0.362,0.25,0.501,0.102,0.589,0.634,0.471,0.57,0.021,0.363,0.649,0.606,0.439,0.263,0.861,0.981,0.549,0.145,0.278,0.145,0.726,0.857,0.482,0.276,0.093,0.286,0.653,0.427,0.157,0.101,0.192,0.666,0.826,0.427,0.343,0.157,0.506,0.725
2020-02-01 19:55:27,0.571,0.235,0.122,0.762,0.774,0.827,0.901,0.669,0.815,0.484,0.178,0.561,0.166,0.457,0.022,0.701,0.521,0.543,0.541,0.65,0.92,0.495,0.882,0.797,0.592,0.931,0.773,0.933,0.673,0.385,0.821,0.521,0.838,0.114,0.778,0.666,0.863,0.395,0.687,0.035,0.994,0.532,0.412,0.267,0.882,0.648,0.413,0.175,0.069,0.91,0.922,0.122,0.574,0.734,0.273,0.896,0.927,0.273,0.057,0.414,0.646,0.553,0.34,0.794,0.981,0.774,0.909,0.55,0.744,0.056,0.819,0.535,0.867,0.939,0.329,0.875,0.787,0.554,0.759,0.466,0.637,0.379,0.278,0.031,0.291,0.217,0.92,0.428,0.533,0.136,0.543,0.628,0.575,0.048,0.404,0.531,0.208,0.423,0.292,0.296,0.465,0.399,0.203,0.843,0.601,0.902,0.061,0.581,0.229,0.678,0.682,0.265,0.976,0.522,0.533,0.457,0.711,0.774,0.482,0.391,0.9,0.336,0.934,0.928,0.977,0.375,0.446,0.822,0.109,0.387,0.647,0.272,0.169,0.66,0.401,0.542,0.359,0.776,0.071,0.283,0.484,0.272,0.756,0.473,0.754,0.636,0.206,0.053,0.077,0.778,0.358,0.28,0.928,0.45,0.726,0.436,0.441,0.081,0.332,0.144,0.451,0.307,0.578,0.536,0.817,0.792,0.043,0.086,0.151,0.224,0.053,0.615,0.845,0.992,0.295,0.264,0.503,0.674,0.618,0.122,0.533,0.938,0.498,0.125,0.088,0.788,0.474,0.435,0.875,0.877,0.89,0.59,0.28,0.956,0.774,0.187,0.312,0.129,0.679,0.626,0.37,0.949,0.784,0.809,0.734,0.318,0.939,0.161,0.286,0.482,0.644,0.348,0.51,0.116,0.054,0.25,0.773,0.772,0.458,0.671,0.161,0.699,0.213,0.824,0.64,0.678,0.37,0.12,0.569,0.145,0.856,0.106,0.145,0.507,0.379,0.085,0.308,0.759,0.787,0.797,0.699,0.605,0.785,0.153,0.137,0.827,0.764,0.087,0.404,0.218,0.827,0.899,0.548,0.819,0.577,0.274,0.403,0.401,0.454,0.614,0.338,0.5,0.974,0.665,0.151,0.82,0.994,0.386,0.701,0.186,0.17,0.341,0.981,0.418,0.609,0.413,0.493,0.436,0.01,0.635,0.081,0.731,0.31,0.665,0.717,0.843,0.034,0.419,0.914,0.238,0.22,0.159,0.656,0.881,0.306,0.856,0.384,0.488,0.692,0.348,0.626,0.843,0.621,0.011,0.873,0.866,0.999,0.707,0.936,0.555,0.771,0.687,0.227,0.79,0.424,0.11,0.094,0.335,0.238,0.865,0.292,0.338,0.121,0.14,0.133,0.563,0.852,0.456,0.97,0.27,0.894,0.539,0.17,0.937,0.263,0.236,0.007,0.019,0.429,0.108,0.785,0.763,0.112,0.043,0.164,0.521,0.012,0.622,0.655,0.336,0.558,0.303,0.715,0.795,0.803,0.969,0.57,0.123,0.123,0.416,0.541,0.3,0.634,0.557,0.997,0.72,0.056,0.481,0.49,0.767,0.736,0.869,0.305,0.416,0.178,0.794,0.159,0.697,0.24,0.99,0.949,0.88,0.154,0.576,0.158,0.82,0.425,0.941,0.411,0.95,0.085,0.01,0.002,0.786,0.403,0.268,0.019,0.427,0.168,0.629,0.468,0.191,0.407,0.12,0.214,0.249,0.929,0.394,0.04,0.509,0.638,0.322,0.701,0.93,0.565,0.798,0.264,0.522,0.876,0.847,0.322,0.996,0.375,0.738,0.286,0.676,0.784,0.622,0.971,0.906,0.953,0.771,0.537,0.11,0.293,0.839,0.253,0.09,0.028,0.742,0.162,0.434,0.195,0.666,0.697,0.053,0.269,0.789,0.741,0.976,0.44,0.335,0.219,0.434,0.099,0.653,0.748,0.757,0.171,0.544,0.723,0.696,0.804,0.337,0.603,0.132,0.597,0.406,0.585,0.622,0.943,0.525,0.785,0.179,0.801,0.633,0.84,0.218,0.642,0.452,0.931,0.602,0.985,0.729,0.991,0.903,0.877,0.331,0.19,0.887,0.596,0.831,0.813,0.933,0.046,0.507,0.901,0.628,0.035,0.17,0.676,0.74,0.264,0.113,0.524,0.566,0.172,0.376,0.439,0.771,0.344,0.262
2020-02-01 19:55:27,0.249,0.198,0.694,0.441,0.125,0.284,0.14,0.131,0.612,0.641,0.433,0.042,0.341,0.341,0.831,0.592,0.512,0.996,0.525,0.58,0.127,0.984,0.262,0.454,0.791,0.198,0.716,0.707,0.409,0.692,0.358,0.064,0.764,0.601,0.359,0.902,0.133,0.853,0.592,0.837,0.558,0.3,0.863,0.244,0.415,0.565,0.742,0.351,0.618,0.084,0.809,0.619,0.808,0.87,0.035,0.09,0.707,0.532,0.844,0.452,0.768,0.984,0.138,0.875,0.658,0.468,0.259,0.157,0.934,0.447,0.713,0.412,0.671,0.508,0.562,0.544,0.341,0.506,0.577,0.964,0.133,0.354,0.779,0.304,0.809,0.243,0.322,0.239,0.567,0.352,0.236,0.294,0.95,0.677,0.215,0.947,0.892,0.179,0.423,0.971,0.114,0.192,0.777,0.57,0.1,0.32,0.929,0.231,0.103,0.484,0.996,0.366,0.166,0.372,0.782,0.703,0.1,0.67,0.346,0.93,0.06,0.358,0.214,0.815,0.522,0.541,0.085,0.528,0.68,0.372,0.365,0.705,0.625,0.018,0.628,0.846,0.509,0.699,0.248,0.711,0.324,0.532,0.945,0.945,0.151,0.156,0.25,0.411,0.057,0.384,0.358,0.269,0.921,0.358,0.714,0.174,0.879,0.286,0.356,0.041,0.007,0.139,0.525,0.174,0.598,0.403,0.923,0.603,0.732,0.899,0.488,0.387,0.601,0.54,0.185,0.105,0.191,0.121,0.239,0.189,0.938,0.84,0.5,0.103,0.199,0.026,0.036,0.66,0.906,0.844,0.345,0.156,0.321,0.274,0.818,0.022,0.068,0.531,0.028,0.01,0.613,0.881,0.143,0.0,0.441,0.232,0.95,0.393,0.76,0.985,0.143,0.823,0.646,0.271,0.061,0.163,0.225,0.694,0.776,0.702,0.811,0.299,0.488,0.821,0.121,0.99,0.529,0.882,0.908,0.587,0.399,0.551,0.427,0.653,0.521,0.08,0.626,0.069,0.421,0.98,0.067,0.522,0.032,0.69,0.799,0.008,0.294,0.648,0.799,0.4,0.666,0.879,0.218,0.765,0.465,0.595,0.064,0.164,0.971,0.775,0.761,0.313,0.178,0.743,0.046,0.161,0.556,0.08,0.731,0.752,0.877,0.004,0.836,0.067,0.873,0.128,0.593,0.668,0.394,0.369,0.819,0.591,0.918,0.772,0.411,0.524,0.559,0.207,0.849,0.866,0.496,0.358,0.629,0.943,0.114,0.527,0.005,0.082,0.105,0.596,0.76,0.848,0.274,0.309,0.842,0.14,0.247,0.922,0.145,0.004,0.899,0.622,0.304,0.659,0.765,0.131,0.214,0.188,0.917,0.373,0.883,0.465,0.405,0.98,0.308,0.865,0.236,0.07,0.77,0.573,0.564,0.274,0.272,0.874,0.455,0.894,0.77,0.96,0.874,0.569,0.251,0.919,0.17,0.846,0.997,0.546,0.906,0.066,0.14,0.874,0.783,0.506,0.974,0.668,0.811,0.014,0.341,0.093,0.078,0.325,0.517,0.756,0.14,0.974,0.916,0.234,0.884,0.019,0.892,0.208,0.699,0.754,0.165,0.735,0.038,0.511,0.721,0.473,0.151,0.351,0.038,0.335,0.049,0.859,0.037,0.046,0.955,0.291,0.462,0.303,0.387,0.605,0.527,0.812,0.698,0.148,0.764,0.284,0.13,0.759,0.949,0.06,0.028,0.498,0.964,0.408,0.478,0.86,0.048,0.071,0.321,0.951,0.707,0.684,0.296,0.935,0.516,0.477,0.033,0.39,0.609,0.316,0.533,0.955,0.088,0.009,0.698,0.466,0.526,0.62,0.018,0.585,0.102,0.48,0.255,0.092,0.232,0.995,0.823,0.172,0.983,0.323,0.976,0.275,0.798,0.032,0.8,0.738,0.313,0.253,0.539,0.429,0.099,0.389,0.054,0.904,0.93,0.47,0.939,0.126,0.279,0.923,0.986,0.726,0.268,0.184,0.03,0.831,0.715,0.957,0.161,0.057,0.452,0.888,0.073,0.093,0.934,0.082,0.129,0.035,0.191,0.678,0.025,0.454,0.083,0.898,0.202,0.56,0.394,0.752,0.24,0.501,0.026,0.302,0.384,0.439,0.223,0.908,0.304,0.121,0.133,0.53,0.59,0.645,0.297,0.696,0.329,0.71,0.463,0.922,0.761,0.147
2020-02-01 19:55:27,0.371,0.018,0.322,0.527,0.805,0.474,0.082,0.841,0.645,0.782,0.757,0.104,0.338,0.671,0.449,0.768,0.273,0.586,0.74,0.883,0.196,0.435,0.42,0.1,0.712,0.017,0.187,0.926,0.94,0.372,0.757,0.614,0.574,0.265,0.455,0.204,0.132,0.704,0.463,0.16,0.94,0.588,0.925,0.082,0.441,0.247,0.307,0.238,0.182,0.084,0.866,0.469,0.317,0.87,0.577,0.276,0.165,0.205,0.41,0.235,0.846,0.29,0.882,0.627,0.546,0.237,0.244,0.331,0.492,0.371,0.504,0.298,0.696,0.253,0.396,0.171,0.388,0.283,0.491,0.446,0.783,0.016,0.56,0.286,0.378,0.875,0.207,0.129,0.821,0.215,0.94,0.313,0.288,0.147,0.032,0.303,0.142,0.264,0.958,0.124,0.919,0.542,0.197,0.436,0.245,0.279,0.299,0.914,0.149,0.419,0.112,0.596,0.524,0.281,0.99,0.523,0.34,0.199,0.998,0.442,0.748,0.805,0.953,0.941,0.565,0.374,0.005,0.698,0.617,0.389,0.648,0.412,0.561,0.13,0.498,0.274,0.535,0.92,0.43,0.755,0.009,0.159,0.634,0.694,0.039,0.537,0.912,0.789,0.775,0.186,0.739,0.107,0.154,0.726,0.64,0.214,0.281,0.598,0.811,0.172,0.113,0.864,0.586,0.508,0.813,0.75,0.868,0.345,0.151,0.151,0.505,0.737,0.066,0.338,0.988,0.45,0.042,0.761,0.567,0.894,0.01,0.145,0.829,0.675,0.18,0.139,0.218,0.121,0.538,0.589,0.584,0.082,0.568,0.076,0.665,0.849,0.146,0.598,0.187,0.244,0.992,0.814,0.159,0.927,0.293,0.77,0.391,0.742,0.51,0.385,0.638,0.982,0.188,0.178,0.972,0.81,0.567,0.144,0.874,0.112,0.081,0.696,0.177,0.427,0.604,0.806,0.513,0.373,0.483,0.304,0.546,0.621,0.847,0.559,0.715,0.519,0.404,0.502,0.116,0.299,0.012,0.811,0.564,0.631,0.199,0.926,0.795,0.245,0.733,0.09,0.194,0.105,0.605,0.818,0.526,0.912,0.446,0.969,0.83,0.555,0.341,0.054,0.075,0.752,0.798,0.229,0.825,0.158,0.732,0.195,0.923,0.61,0.486,0.724,0.839,0.11,0.189,0.236,0.392,0.66,0.14,0.012,0.56,0.304,0.202,0.04,0.219,0.846,0.723,0.123,0.395,0.299,0.062,0.494,0.925,0.312,0.707,0.417,0.846,0.067,0.578,0.43,0.683,0.237,0.516,0.688,0.93,0.076,0.013,0.383,0.176,0.695,0.859,0.4,0.32,0.177,0.047,0.895,0.504,0.632,0.98,0.795,0.133,0.384,0.645,0.274,0.531,0.024,0.153,0.879,0.647,0.04,0.149,0.4,0.42,0.928,0.057,0.021,0.247,0.542,0.099,0.261,0.238,0.255,0.287,0.011,0.244,0.483,0.449,0.526,0.443,0.835,0.342,0.663,0.315,0.785,0.856,0.43,0.846,0.452,0.799,0.391,0.662,0.696,0.445,0.26,0.183,0.397,0.957,0.184,0.012,0.96,0.519,0.933,0.787,0.955,0.759,0.973,0.139,0.131,0.957,0.717,0.217,0.439,0.779,0.674,0.804,0.267,0.956,0.172,0.928,0.909,0.58,0.048,0.904,0.779,0.289,0.792,0.298,0.61,0.972,0.855,0.518,0.568,0.333,0.859,0.986,0.461,0.554,0.089,0.153,0.387,0.326,0.459,0.944,0.347,0.134,0.066,0.451,0.414,0.12,0.517,0.629,0.358,0.777,0.343,0.158,0.868,0.635,0.242,0.23,0.554,0.524,0.168,0.132,0.153,0.226,0.61,0.445,0.173,0.615,0.625,0.744,0.423,0.374,0.947,0.055,0.555,0.522,0.337,0.837,0.736,0.426,0.296,0.744,0.711,0.698,0.636,0.214,0.214,0.729,0.003,0.755,0.944,0.903,0.142,0.745,0.519,0.685,0.911,0.006,0.906,0.368,0.3,0.782,1.0,0.231,0.099,0.06,0.382,0.372,0.07,0.279,0.801,0.615,0.49,0.736,0.033,0.581,0.734,0.123,0.441,0.159,0.196,0.942,0.332,0.06,0.672,0.288,0.321,0.806,0.192,0.129,0.838,0.21,0.686,0.409,0.062,0.759,0.525,0.864,0.077
2020-02-01 19:55:27,0.378,0.4,0.628,0.47,0.81,0.536,0.213,0.208,0.113,0.637,0.644,0.154,0.577,0.238,0.928,0.238,0.928,0.049,0.017,0.094,0.013,0.193,0.772,0.342,0.057,0.063,0.427,0.686,0.239,0.394,0.609,0.224,0.512,0.494,0.421,0.961,0.486,0.823,0.14,0.606,0.408,0.778,0.575,0.501,0.151,0.897,0.65,0.485,0.622,0.724,0.331,0.048,0.45,0.683,0.06,0.285,0.797,0.373,0.47,0.599,0.351,0.371,0.049,0.438,0.438,0.348,0.524,0.038,0.845,0.534,0.986,0.604,0.019,0.883,0.995,0.702,0.445,0.374,0.981,0.26,0.617,0.96,0.381,0.835,0.136,0.555,0.032,0.474,0.722,0.368,0.431,0.821,0.022,0.847,0.182,0.367,0.446,0.531,0.496,0.699,0.285,0.763,0.5,0.469,0.358,0.152,0.025,0.226,0.179,0.067,0.137,0.584,0.647,0.819,0.986,0.977,0.488,0.402,0.834,0.823,0.015,0.123,0.601,0.808,0.935,0.471,0.254,0.72,0.557,0.197,0.822,0.699,0.548,0.455,0.894,0.851,0.458,0.109,0.835,0.01,0.478,0.37,0.207,0.858,0.003,0.456,0.834,0.139,0.664,0.328,0.304,0.567,0.926,0.47,0.153,0.204,0.48,0.322,0.998,0.6,0.08,0.05,0.188,0.077,0.899,0.946,0.882,0.076,0.449,0.184,0.212,0.237,0.917,0.291,0.022,0.324,0.051,0.912,0.711,0.482,0.464,0.399,0.827,0.437,0.091,0.264,0.599,0.232,0.112,0.417,0.242,0.523,0.367,0.042,0.922,0.481,0.761,0.886,0.778,0.212,0.69,0.056,0.255,0.889,0.891,0.373,0.037,0.658,0.406,0.505,0.03,0.594,0.916,0.921,0.894,0.864,0.486,0.635,0.453,0.221,0.885,0.658,0.195,0.325,0.197,0.392,0.929,0.323,0.635,0.941,0.753,0.414,0.598,0.863,0.909,0.416,0.707,0.626,0.555,0.18,0.73,0.226,0.959,0.224,0.206,0.379,0.457,0.653,0.742,0.099,0.58,0.897,0.733,0.558,0.343,0.934,0.595,0.655,0.526,0.669,0.267,0.129,0.33,0.117,0.241,0.744,0.992,0.693,0.947,0.933,0.214,0.104,0.854,0.007,0.075,0.643,0.016,0.987,0.658,0.351,0.316,0.94,0.647,0.553,0.099,0.69,0.083,0.692,0.878,0.338,0.35,0.478,0.065,0.916,0.373,0.245,0.151,0.107,0.69,0.775,0.205,0.126,0.725,0.175,0.335,0.043,0.883,0.221,0.448,0.887,0.326,0.215,0.432,0.61,0.434,0.26,0.458,0.016,0.389,0.514,0.21,0.552,0.792,0.826,0.246,0.028,0.341,0.443,0.339,0.533,0.48,0.549,0.861,0.055,0.346,0.427,0.423,0.993,0.931,0.626,0.639,0.743,0.56,0.326,0.326,0.343,0.118,0.801,0.835,0.748,0.138,0.392,0.922,0.861,0.125,0.04,0.119,0.456,0.409,0.889,0.126,0.848,0.825,0.117,0.729,0.238,0.202,0.651,0.965,0.516,0.354,0.212,0.553,0.734,0.202,0.566,0.443,0.175,0.167,0.441,0.551,0.3,0.886,0.186,0.429,0.732,0.592,0.054,0.787,0.072,0.096,0.047,0.925,0.617,0.943,0.929,0.257,0.322,0.732,0.192,0.168,0.366,0.747,0.494,0.634,0.313,0.658,0.914,0.952,0.204,0.529,0.53,0.268,0.764,0.011,0.631,0.256,0.855,0.553,0.573,0.26,0.04,0.221,0.133,0.045,0.638,0.072,0.776,0.994,0.114,0.91,0.269,0.273,0.416,0.506,0.221,0.313,0.098,0.114,0.563,0.752,0.653,0.057,0.719,0.307,0.441,0.396,0.213,0.94,0.242,0.135,0.542,0.39,0.992,0.348,0.375,0.96,0.015,0.027,0.475,0.393,0.986,0.616,0.222,0.971,0.952,0.104,0.402,0.203,0.915,0.832,0.944,0.997,0.394,0.628,0.631,0.482,0.571,0.999,0.71,0.056,0.073,0.677,0.571,0.022,0.755,0.062,0.805,0.362,0.289,0.543,0.13,0.681,0.386,0.874,0.925,0.733,0.21,0.258,0.742,0.185,0.98,0.118,0.139,0.904,0.543,0.783,0.03,0.716,0.156,0.617,0.809
2020-02-01 19:55:27,0.072,0.337,0.023,0.675,0.327,0.463,0.156,0.223,0.069,0.941,0.952,0.155,0.475,0.952,0.524,0.28,0.942,0.627,0.017,0.15,0.518,0.03,0.85,0.276,0.59,0.202,0.684,0.93,0.714,0.98,0.597,0.104,0.762,0.497,0.819,0.129,0.792,0.65,0.786,0.659,0.712,0.416,0.376,0.776,0.462,0.457,0.652,0.021,0.477,0.308,0.829,0.882,0.731,0.163,0.649,0.725,0.877,0.925,0.079,0.983,0.445,0.187,0.348,0.807,0.796,0.255,0.984,0.74,0.627,0.764,0.023,0.196,0.923,0.673,0.271,0.853,0.442,0.618,0.06,0.079,0.893,0.712,0.431,0.145,0.029,0.801,0.618,0.661,0.083,0.668,0.328,0.339,0.596,0.42,0.229,0.914,0.734,0.641,0.89,0.619,0.699,0.511,0.469,0.376,0.3,0.679,0.656,0.721,0.485,0.702,0.253,0.207,0.579,0.439,0.612,0.936,0.433,0.808,0.791,0.399,0.385,0.426,0.765,0.317,0.034,0.017,0.658,0.05,0.427,0.432,0.381,0.55,0.04,0.547,0.481,0.312,0.435,0.936,0.456,0.804,0.249,0.074,0.714,0.873,0.188,0.478,0.89,0.622,0.873,0.156,0.956,0.126,0.51,0.457,0.888,0.131,0.365,0.306,0.321,0.394,0.783,0.126,0.083,0.384,0.556,0.2,0.896,0.663,0.082,0.37,0.069,0.57,0.019,0.046,0.68,0.457,0.378,0.853,0.221,0.737,0.032,0.104,0.797,0.491,0.907,0.148,0.85,0.565,0.142,0.916,0.017,0.188,0.596,0.392,0.382,0.013,0.936,0.729,0.229,0.639,0.731,0.207,0.303,0.419,0.623,0.13,0.184,0.324,0.408,0.086,0.145,0.792,0.454,0.869,0.87,0.433,0.208,0.579,0.943,0.74,0.559,0.186,0.057,0.198,0.861,0.58,0.925,0.574,0.026,0.848,0.592,0.354,0.072,0.914,0.742,0.066,0.3,0.565,0.291,0.676,0.368,0.045,0.347,0.745,0.298,0.047,0.798,0.254,0.937,0.795,0.532,0.251,0.419,0.813,0.119,0.557,0.502,0.503,0.424,0.062,0.148,0.371,0.709,0.044,0.785,0.402,0.335,0.031,0.972,0.583,0.26,0.553,0.304,0.723,0.237,0.055,0.318,0.001,0.698,0.012,0.391,0.321,0.172,0.123,0.547,0.867,0.091,0.501,0.883,0.879,0.862,0.185,0.34,0.8,0.373,0.108,0.223,0.899,0.466,0.005,0.947,0.538,0.769,0.299,0.03,0.228,0.923,0.107,0.588,0.501,0.163,0.686,0.825,0.795,0.259,0.129,0.807,0.772,0.258,0.427,0.118,0.305,0.991,0.624,0.484,0.999,0.344,0.71,0.524,0.141,0.028,0.032,0.996,0.505,0.246,0.942,0.513,0.487,0.119,0.364,0.014,0.944,0.788,0.726,0.413,0.632,0.254,0.471,0.394,0.143,0.283,0.446,0.041,0.671,0.298,0.975,0.281,0.575,0.352,0.592,0.777,0.818,0.106,0.137,0.746,0.787,0.077,0.929,0.105,0.123,0.452,0.763,0.683,0.918,0.756,0.727,0.169,0.615,0.214,0.284,0.317,0.155,0.756,0.438,0.057,0.155,0.985,0.294,0.361,0.694,0.101,0.295,0.783,0.17,0.751,0.389,0.827,0.427,0.376,0.219,0.912,0.089,0.032,0.061,0.851,0.493,0.583,0.226,0.922,0.171,0.598,0.618,0.828,0.599,0.34,0.44,0.326,0.615,0.395,0.937,0.276,0.171,0.033,0.808,0.384,0.201,0.308,0.764,0.408,0.753,0.337,0.749,0.852,0.232,0.9,0.935,0.258,0.626,0.561,0.006,0.741,0.728,0.827,0.002,0.37,0.657,0.976,0.56,0.481,0.792,0.263,0.547,0.396,0.932,0.994,0.263,0.367,0.214,0.574,0.294,0.1,0.431,0.977,0.529,0.492,0.227,0.951,0.01,0.434,0.28,0.408,0.061,0.564,0.645,0.286,0.196,0.586,0.488,0.157,0.418,0.443,0.726,0.586,0.067,0.17,0.939,0.435,0.322,0.16,0.925,0.369,0.611,0.228,1.0,0.596,0.297,0.313,0.316,0.546,0.862,0.048,0.269,0.767,0.472,0.235,0.513,0.191,0.266,0.187,0.839,0.382,0.665
2020-02-01 19:55:27,0.926,0.146,0.495,0.937,0.77,0.132,0.265,0.627,0.55,0.174,0.085,0.466,0.124,0.342,0.416,0.989,0.145,0.253,0.911,0.135,0.261,0.858,0.848,0.982,0.907,0.932,0.573,0.303,0.458,0.947,0.117,0.736,0.768,0.96,0.3,0.819,0.614,0.117,0.88,0.158,0.573,0.864,0.637,0.745,0.597,0.81,0.841,0.948,0.861,0.846,0.305,0.16,0.118,0.639,0.486,0.075,0.071,0.947,0.011,0.352,0.856,0.77,0.185,0.048,0.206,0.08,0.476,0.202,0.304,0.151,0.017,0.13,0.464,0.408,0.525,0.128,0.39,0.222,0.29,0.913,0.119,0.38,0.389,0.083,0.986,0.253,0.959,0.925,0.234,0.66,0.895,0.887,0.619,0.1,0.081,0.98,0.228,0.917,0.308,0.465,0.032,0.191,0.338,0.22,0.906,0.974,0.85,0.54,0.808,0.432,0.11,0.936,0.262,0.418,0.084,0.055,0.156,0.295,0.528,0.506,0.946,0.651,0.461,0.779,0.859,0.986,0.811,0.52,0.277,0.801,0.97,0.143,0.444,0.631,0.78,0.79,0.805,0.69,0.394,0.717,0.944,0.817,0.748,0.325,0.947,0.795,0.201,0.183,0.68,0.786,0.177,0.868,0.205,0.42,0.927,0.461,0.711,0.572,0.693,0.158,0.016,0.584,0.314,0.15,0.39,0.127,0.01,0.785,0.097,0.896,0.767,0.766,0.459,0.381,0.091,0.412,0.722,0.032,0.509,0.838,0.172,0.802,0.208,0.402,0.855,0.594,0.411,0.051,0.727,0.881,0.363,0.176,0.699,0.279,0.75,0.596,0.726,0.747,0.814,0.998,0.022,0.786,0.806,0.388,0.879,0.728,0.139,0.653,0.929,0.569,0.966,0.422,0.538,0.276,0.827,0.573,0.94,0.548,0.578,0.528,0.799,0.388,0.092,0.282,0.423,0.49,0.744,0.403,0.689,0.697,0.804,0.336,0.784,0.452,0.352,0.036,0.299,0.954,0.062,0.626,0.587,0.038,0.898,0.803,0.184,0.026,0.366,0.886,0.947,0.925,0.663,0.378,0.729,0.303,0.582,0.857,0.53,0.27,0.584,0.682,0.983,0.316,0.125,0.312,0.458,0.45,0.472,0.758,0.204,0.893,0.804,0.856,0.11,0.885,0.331,0.131,0.489,0.519,0.944,0.481,0.198,0.714,0.475,0.134,0.039,0.833,0.541,0.832,0.502,0.89,0.823,0.337,0.563,0.7,0.338,0.292,0.52,0.84,0.153,0.31,0.004,0.869,0.332,0.495,0.829,0.923,0.768,0.496,0.758,0.88,0.957,0.408,0.467,0.403,0.565,0.48,0.85,0.034,0.881,0.855,0.507,0.92,0.715,0.509,0.615,0.625,0.561,0.38,0.094,0.063,0.672,0.945,0.068,0.638,0.891,0.747,0.404,0.427,0.984,0.147,0.192,0.269,0.379,0.465,0.01,0.296,0.34,0.378,0.553,0.894,0.527,0.773,0.506,0.385,0.816,0.168,0.135,0.905,0.569,0.454,0.912,0.844,0.329,0.893,0.425,0.593,0.22,0.895,0.778,0.884,0.852,0.52,0.822,0.523,0.75,0.849,0.912,0.684,0.447,0.483,0.332,0.14,0.934,0.391,0.957,0.157,0.251,0.89,0.933,0.84,0.854,0.38,0.029,0.89,0.648,0.175,0.34,0.084,0.188,0.26,0.829,0.845,0.186,0.37,0.719,0.124,0.245,0.945,0.106,0.241,0.645,0.285,0.479,0.212,0.127,0.756,0.7,0.996,0.465,0.931,0.783,0.009,0.243,0.688,0.663,0.335,0.943,0.897,0.115,0.74,0.955,0.156,0.571,0.7,0.455,0.626,0.115,0.114,0.699,0.239,0.621,0.187,0.747,0.159,0.406,0.12,0.621,0.373,0.201,0.663,0.416,0.275,0.374,0.762,0.607,0.529,0.273,0.191,0.513,0.671,0.098,0.654,0.133,0.888,0.918,0.665,0.779,0.644,0.051,0.145,0.422,0.451,0.884,0.378,0.273,0.509,0.718,0.654,0.825,0.672,0.765,0.294,0.791,0.763,0.216,0.923,0.333,0.187,0.503,0.315,0.552,0.653,0.768,0.568,0.257,0.639,0.966,0.608,0.349,0.107,0.975,0.902,0.42,0.561,0.339,0.26,0.571,0.863,0.713,0.238,0.324,0.207
2020-02-01 19:55:27,0.789,0.25,0.303,0.252,0.045,0.448,0.517,0.661,0.679,0.168,0.358,0.524,0.792,0.14,0.926,0.365,0.149,0.346,0.763,0.634,0.731,0.455,0.198,0.199,0.83,0.55,0.313,0.863,0.748,0.206,0.319,0.238,0.008,0.913,0.058,0.369,0.097,0.877,0.187,0.097,0.356,0.05,0.281,0.316,0.806,0.327,0.965,0.95,0.689,0.503,0.131,0.827,0.749,0.871,0.098,0.577,0.05,0.518,0.619,0.418,0.114,0.827,0.899,0.609,0.116,0.041,0.059,0.331,0.077,0.353,0.556,0.149,0.09,0.315,0.269,0.613,0.002,0.047,0.27,0.482,0.519,0.921,0.059,0.54,0.575,0.679,0.309,0.58,0.635,0.059,0.919,0.006,0.317,0.648,0.809,0.436,0.976,0.364,0.921,0.794,0.185,0.916,0.509,0.735,0.762,0.341,0.052,0.781,0.334,0.016,0.693,0.232,0.255,0.639,0.162,0.74,0.505,0.437,0.987,0.313,0.393,0.782,0.857,0.942,0.312,0.654,0.693,0.686,0.418,0.315,0.904,0.861,0.083,0.507,0.811,0.575,0.586,0.271,0.714,0.96,0.03,0.016,0.732,0.602,0.12,0.799,0.764,0.037,0.475,0.501,0.879,0.15,0.668,0.453,0.05,0.733,0.163,0.491,0.114,0.962,0.186,0.435,0.69,0.672,0.299,0.646,0.9,0.402,0.174,0.07,0.675,0.568,0.478,0.283,0.317,0.116,0.529,0.028,0.837,0.876,0.46,0.363,0.348,0.655,0.699,0.04,0.531,0.829,0.44,0.677,0.825,0.452,0.77,0.041,0.495,0.032,0.444,0.587,0.868,0.266,0.456,0.569,0.027,0.389,0.594,0.26,0.702,0.467,0.198,0.442,0.295,0.434,0.562,0.012,0.105,0.41,0.547,0.407,0.661,0.386,0.639,0.898,0.871,0.777,0.469,0.454,0.849,0.11,0.198,0.92,0.551,0.484,0.467,0.477,0.264,0.438,0.234,0.355,0.095,0.117,0.954,0.635,0.513,0.16,0.718,0.506,0.357,0.91,0.936,0.533,0.67,0.297,0.122,0.252,0.925,0.677,0.954,0.587,0.68,0.032,0.809,0.816,0.272,0.901,0.976,0.214,0.391,0.55,0.771,0.331,0.625,0.252,0.166,0.663,0.929,0.22,0.421,0.946,0.271,0.486,0.726,0.321,0.82,0.167,0.518,0.354,0.071,0.734,0.701,0.381,0.562,0.117,0.266,0.672,0.109,0.504,0.559,0.653,0.084,0.91,0.684,0.14,0.58,0.577,0.311,0.111,0.672,0.215,0.278,0.078,0.09,0.99,0.825,0.152,0.485,0.443,0.141,0.165,0.558,0.441,0.691,0.646,0.424,0.104,0.855,0.828,0.268,0.819,0.968,0.503,0.266,0.246,0.975,0.427,0.729,0.46,0.134,0.928,0.073,0.678,0.747,0.955,0.272,0.421,0.143,0.895,0.971,0.316,0.233,0.966,0.771,0.604,0.192,0.167,0.058,0.966,0.972,0.098,0.51,0.647,0.294,0.173,0.219,0.916,0.258,0.712,0.605,0.911,0.025,0.535,0.827,0.806,0.387,0.155,0.562,0.076,0.326,0.266,0.097,0.984,0.048,0.997,0.525,0.647,0.766,0.975,0.527,0.04,0.539,0.97,0.543,0.16,0.718,0.468,0.392,0.001,0.784,0.059,0.106,0.162,0.006,0.109,0.833,0.284,0.535,0.781,0.114,0.699,0.995,0.579,0.474,0.451,0.042,0.683,0.314,0.319,0.94,0.015,0.396,0.66,0.675,0.21,0.068,0.345,0.559,0.086,0.619,0.016,0.768,0.922,0.996,0.143,0.337,0.173,0.255,0.167,0.646,0.08,0.843,0.933,0.85,0.183,0.538,0.87,0.097,0.813,0.6,0.329,0.446,0.723,0.404,0.033,0.388,0.379,0.696,0.201,0.544,0.289,0.233,0.993,0.056,0.087,0.568,0.772,0.644,0.704,0.469,0.156,0.108,0.052,0.075,0.49,0.504,0.761,0.135,0.601,0.395,0.468,0.062,0.518,0.303,0.252,0.424,0.045,0.761,0.067,0.377,0.785,0.485,0.648,0.382,0.779,0.905,0.653,0.463,0.745,0.657,0.412,0.213,0.093,0.662,0.273,0.363,0.176,0.064,0.187,0.761,0.283,0.356,0.826,0.521,0.92
2020-02-01 19:55:27,0.723,0.345,0.06,0.899,0.527,0.909,0.509,0.133,0.011,0.771,0.899,0.327,0.283,0.934,0.131,0.167,0.831,0.178,0.504,0.845,0.759,0.849,0.686,0.373,0.528,0.993,0.48,0.936,0.455,0.55,0.131,0.449,0.173,0.409,0.397,0.935,0.096,0.899,0.676,0.954,0.208,0.413,0.772,0.816,0.402,0.784,0.817,0.746,0.736,0.422,0.094,0.912,0.186,0.978,0.116,0.351,0.094,0.553,0.529,0.505,0.766,0.764,0.218,0.712,0.982,0.084,0.554,0.414,0.054,0.846,0.949,0.386,0.675,0.154,0.752,0.547,0.47,0.074,0.701,0.359,0.423,0.655,0.798,0.209,0.283,0.559,0.968,0.427,0.911,0.138,0.832,0.577,0.777,0.196,0.416,0.262,0.995,0.241,0.525,0.545,0.669,0.343,0.169,0.891,0.053,0.458,0.137,0.758,0.237,0.763,0.798,0.638,0.12,0.221,0.133,0.388,0.99,0.892,0.616,0.612,0.392,0.873,0.785,0.96,0.707,0.786,0.805,0.865,0.018,0.623,0.902,0.568,0.11,0.112,0.334,0.066,0.772,0.262,0.776,0.886,0.95,0.98,0.043,0.11,0.277,0.602,0.185,0.155,0.438,0.651,0.913,0.248,0.561,0.407,0.559,0.705,0.313,0.984,0.294,0.012,0.521,0.901,0.393,0.257,0.604,0.321,0.331,0.264,0.466,0.77,0.288,0.672,0.659,0.821,0.285,0.92,0.555,0.009,0.2,0.488,0.825,0.431,0.878,0.081,0.689,0.617,0.322,0.725,0.142,0.169,0.648,0.318,0.209,0.864,0.031,0.686,0.56,0.616,0.355,0.129,0.965,0.133,0.511,0.79,0.998,0.727,0.234,0.172,0.204,0.503,0.249,0.853,0.46,0.415,0.785,0.942,0.005,0.845,0.492,0.188,0.674,0.8,0.62,0.102,0.868,0.825,0.958,0.553,0.804,0.776,0.627,0.803,0.195,0.866,0.656,0.445,0.169,0.006,0.663,0.312,0.416,0.014,0.148,0.87,0.643,0.628,0.405,0.144,0.845,0.384,0.374,0.146,0.177,0.251,0.357,0.33,0.19,0.419,0.167,0.186,0.873,0.408,0.702,0.694,0.809,0.785,0.966,0.616,0.343,0.363,0.49,0.03,0.774,0.37,0.029,0.94,0.799,0.604,0.448,0.813,0.832,0.938,0.567,0.109,0.386,0.559,0.115,0.729,0.989,0.821,0.247,0.937,0.811,0.44,0.316,0.516,0.499,0.908,0.658,0.907,0.538,0.845,0.762,0.007,0.804,0.257,0.447,0.519,0.341,0.534,0.144,0.122,0.794,0.605,0.366,0.269,0.706,0.831,0.247,0.854,0.751,0.998,0.878,0.762,0.054,0.429,0.752,0.236,0.497,0.759,0.615,0.395,0.795,0.339,0.632,0.526,0.02,0.801,0.119,0.562,0.074,0.897,0.746,0.326,0.841,0.45,0.47,0.601,0.898,0.625,0.432,0.427,0.619,0.834,0.577,0.712,0.206,0.519,0.478,0.589,0.144,0.449,0.691,0.075,0.892,0.901,0.319,0.789,0.592,0.705,0.394,0.111,0.22,0.335,0.586,0.691,0.326,0.44,0.8,0.46,0.791,0.222,0.147,0.505,0.918,0.434,0.915,0.614,0.363,0.512,0.952,0.148,0.985,0.838,0.125,0.71,0.679,0.567,0.665,0.431,0.829,0.826,0.629,0.152,0.989,0.992,0.604,0.167,0.352,0.568,0.009,0.059,0.017,0.088,0.244,0.243,0.601,0.219,0.361,0.978,0.221,0.704,0.272,0.518,0.664,0.446,0.68,0.025,0.065,0.433,0.623,0.325,0.673,0.241,0.418,0.049,0.511,0.091,0.5,0.356,0.532,0.945,0.5,0.298,0.191,0.958,0.797,0.65,0.514,0.443,0.529,0.705,0.588,0.469,0.532,0.64,0.979,0.799,0.845,0.031,0.098,0.806,0.239,0.842,0.961,0.436,0.716,0.068,0.821,0.077,0.164,0.851,0.001,0.952,0.897,0.186,0.325,0.639,0.208,0.482,0.844,0.199,0.648,0.473,0.534,0.625,0.38,0.31,0.821,0.405,0.269,0.796,0.661,0.053,0.552,0.41,0.219,0.331,0.686,0.677,0.844,0.461,0.084,0.304,0.666,0.604,0.361,0.155,0.312,0.854,0.771,0.512
2020-02-01 19:55:27,0.073,0.796,0.145,0.9,0.298,0.203,0.487,0.485,0.183,0.702,0.741,0.875,0.873,0.652,0.379,0.891,0.725,0.993,0.644,0.468,0.242,0.39,0.356,0.575,0.539,0.11,0.097,0.803,0.027,0.059,0.63,0.022,0.57,0.678,0.46,0.246,0.912,0.183,0.333,0.933,0.191,0.475,0.864,0.035,0.608,0.933,0.008,0.484,0.965,0.765,0.072,0.825,0.073,0.312,0.852,0.872,0.903,0.548,0.945,0.426,0.498,0.49,0.591,0.772,0.331,0.23,0.649,0.078,0.054,0.237,0.787,0.096,0.881,0.087,0.319,0.359,0.226,0.042,0.46,0.771,0.649,0.192,0.003,0.093,0.678,0.683,0.9,0.323,0.502,0.569,0.415,0.301,0.182,0.424,0.693,0.972,0.938,0.597,0.901,0.72,0.624,0.757,0.606,0.855,0.438,0.172,0.426,0.364,0.111,0.198,0.455,0.273,0.913,0.797,0.938,0.662,0.949,0.653,0.97,0.632,0.719,0.53,0.864,0.348,0.648,0.008,0.669,0.156,0.996,0.674,0.753,0.277,0.693,0.99,0.882,0.875,0.503,0.125,0.025,0.331,0.711,0.21,0.611,0.688,0.223,0.085,0.116,0.083,0.249,0.524,0.112,0.952,0.547,0.753,0.912,0.635,0.045,0.852,0.747,0.195,0.431,0.197,0.215,0.529,0.067,0.729,0.172,0.881,0.362,0.01,0.127,0.985,0.495,0.825,0.086,0.716,0.73,0.594,0.33,0.534,0.513,0.404,0.363,0.966,0.752,0.452,0.358,0.162,0.602,0.624,0.424,0.568,0.027,0.949,0.911,0.314,0.469,0.792,0.795,0.33,0.33,0.62,0.374,0.915,0.39,0.303,0.527,0.936,0.957,0.707,0.409,0.748,0.528,0.725,0.77,0.721,0.295,0.634,0.472,0.845,0.395,0.354,0.349,0.111,0.469,0.194,0.114,0.508,0.456,0.393,0.76,0.828,0.125,0.716,0.833,0.718,0.014,0.343,0.525,0.812,0.919,0.828,0.209,0.294,0.276,0.899,0.293,0.285,0.011,0.095,0.918,0.652,0.796,0.562,0.408,0.479,0.041,0.045,0.949,0.418,0.897,0.343,0.462,0.832,0.584,0.847,0.801,0.39,0.542,0.095,0.259,0.811,0.135,0.426,0.225,0.025,0.986,0.756,0.064,0.292,0.293,0.052,0.635,0.812,0.198,0.719,0.136,0.248,0.151,0.801,0.407,0.682,0.225,0.087,0.291,0.123,0.573,0.298,0.735,0.695,0.382,0.738,0.449,0.129,0.985,0.022,0.328,0.659,0.362,0.359,0.128,0.818,0.747,0.2,0.835,0.984,0.517,0.093,0.236,0.442,0.498,0.448,0.867,0.062,0.662,0.031,0.118,0.917,0.099,0.011,0.068,0.412,0.436,0.955,0.542,0.673,0.483,0.006,0.818,0.488,0.13,0.631,0.416,0.673,0.896,0.631,0.101,0.19,0.974,0.098,0.067,0.18,0.5,0.421,0.827,0.571,0.162,0.866,0.262,0.847,0.451,0.34,0.424,0.02,0.901,0.192,0.795,0.783,0.307,0.077,0.06,0.049,0.772,0.149,0.775,0.919,0.507,0.177,0.284,0.541,0.849,0.35,0.21,0.286,0.992,0.983,0.773,0.032,0.013,0.382,0.399,0.001,0.848,0.139,0.301,0.506,0.352,0.057,0.562,0.87,0.33,0.457,0.183,0.79,0.721,0.63,0.387,0.957,0.087,0.993,0.479,0.353,0.574,0.482,0.871,0.788,0.543,0.998,0.63,0.475,0.889,0.514,0.767,0.589,0.382,0.927,0.173,0.584,0.472,0.784,0.508,0.433,0.509,0.391,0.619,0.278,0.602,0.164,0.781,0.443,0.33,0.408,0.343,0.937,0.836,0.029,0.697,0.792,0.448,0.697,0.581,0.165,0.129,0.411,0.181,0.155,0.538,0.795,0.107,0.858,0.658,0.371,0.661,0.156,0.295,0.799,0.959,0.796,0.61,0.802,0.992,0.922,0.278,0.423,0.96,0.476,0.115,0.533,0.653,0.343,0.278,0.029,0.315,0.764,0.053,0.516,0.065,0.272,0.791,0.606,0.965,0.06,0.478,0.704,0.866,0.418,0.781,0.745,0.919,0.334,0.979,0.494,0.742,0.255,0.962,0.19,0.343,0.834,0.702,0.301,0.883,0.087
2020-02-01 19:55:27,0.117,0.985,0.537,0.047,0.842,0.798,0.818,0.755,0.417,0.425,0.709,0.203,0.503,0.227,0.523,0.133,0.404,0.189,0.653,0.773,0.389,0.888,0.466,0.679,0.775,0.294,0.479,0.062,0.691,0.015,0.272,0.859,0.07,0.103,0.231,0.325,0.283,0.689,0.241,0.036,0.201,0.248,0.524,0.784,0.632,0.07,0.638,0.928,0.659,0.443,0.632,0.065,0.032,0.906,0.484,0.383,0.44,0.677,0.557,0.172,0.888,0.487,0.514,0.464,0.324,0.148,0.083,0.297,0.135,0.694,0.367,0.635,0.302,0.145,0.07,0.4,0.683,0.9,0.599,0.452,0.383,0.206,0.157,0.866,0.172,0.704,0.6,0.005,0.125,0.52,0.625,0.031,0.127,0.772,0.126,0.517,0.239,0.709,0.411,0.155,0.814,0.883,0.113,0.369,0.609,0.98,0.421,0.815,0.377,0.636,0.783,0.314,0.58,0.239,0.794,0.666,0.694,0.233,0.769,0.868,0.213,0.932,0.438,0.348,0.007,0.41,0.102,0.572,0.848,0.777,0.988,0.253,0.097,0.414,0.703,0.924,0.007,0.828,0.675,0.426,0.284,0.85,0.497,0.821,0.988,0.891,0.959,0.814,0.892,0.713,0.604,0.59,0.144,0.094,0.373,0.558,0.682,0.873,0.073,0.603,0.762,0.43,0.691,0.354,0.607,0.998,0.398,0.011,0.917,0.916,0.656,0.718,0.565,0.022,0.522,0.128,0.537,0.185,0.297,0.143,0.647,0.209,0.626,0.055,0.977,0.892,0.352,0.878,0.922,0.111,0.948,0.947,0.876,0.611,0.251,0.836,0.514,0.216,0.089,0.232,0.83,0.676,0.876,0.984,0.964,0.041,0.979,0.582,0.131,0.152,0.333,0.868,0.944,0.769,0.248,0.6,0.556,0.281,0.36,0.621,0.451,0.124,0.883,0.56,0.053,0.508,0.113,0.131,0.203,0.695,0.699,0.998,0.301,0.021,0.823,0.609,0.4,0.517,0.367,0.142,0.004,0.938,0.186,0.99,0.337,0.155,0.696,0.31,0.119,0.39,0.459,0.271,0.413,0.587,0.245,0.339,0.518,0.172,0.361,0.951,0.252,0.611,0.175,0.058,0.094,0.153,0.179,0.061,0.466,0.767,0.666,0.244,0.709,0.895,0.351,0.148,0.602,0.831,0.664,0.427,0.737,0.072,0.853,0.763,0.262,0.214,0.725,0.643,0.928,0.797,0.902,0.913,0.094,0.182,0.8,0.52,0.446,0.601,0.466,0.884,0.427,0.442,0.974,0.113,0.475,0.232,0.029,0.286,0.555,0.861,0.656,0.899,0.735,0.073,0.919,0.447,0.095,0.364,0.887,0.531,0.931,0.946,0.266,0.652,0.483,0.883,0.317,0.599,0.128,0.583,0.794,0.187,0.354,0.126,0.287,0.89,0.651,0.82,0.914,0.986,0.299,0.642,0.174,0.841,0.077,0.231,0.074,0.153,0.198,0.761,0.965,0.441,0.527,0.146,0.721,0.849,0.212,0.165,0.34,0.778,0.061,0.323,0.761,0.305,0.6,0.648,0.31,0.684,0.533,0.389,0.069,0.817,0.245,0.915,0.686,0.45,0.799,0.288,0.426,0.676,0.8,0.978,0.329,0.65,0.471,0.747,0.628,0.12,0.626,0.948,0.676,0.58,0.91,0.38,0.201,0.727,0.25,0.098,0.379,0.878,0.406,0.098,0.982,0.265,0.155,0.098,0.752,0.284,0.071,0.494,0.382,0.319,0.539,0.262,0.3,0.975,0.32,0.348,0.333,0.932,0.781,0.858,0.197,0.595,0.162,0.669,0.57,0.103,0.954,0.85,0.821,0.525,0.217,0.146,0.063,0.131,0.836,0.174,0.723,0.368,0.41,0.277,0.284,0.106,0.096,0.585,0.403,0.886,0.462,0.62,0.637,0.653,0.285,0.527,0.809,0.879,0.08,0.787,0.783,0.415,0.817,0.579,0.688,0.284,0.481,0.842,0.497,0.495,0.525,0.898,0.043,0.197,0.581,0.715,0.677,0.91,0.962,0.147,0.565,0.558,0.612,0.44,0.933,0.187,0.862,0.184,0.477,0.085,0.371,0.33,0.413,0.577,0.108,0.242,0.953,0.36,0.321,0.621,0.222,0.798,0.879,0.951,0.173,0.156,0.263,0.967,0.349,0.64,0.531,0.857,0.792,0.257
2020-02-01 19:55:27,0.194,0.188,0.623,0.109,0.37,0.876,0.921,0.788,0.81,0.502,0.337,0.938,0.822,0.717,0.903,0.535,0.163,0.644,0.994,0.988,0.844,0.29,0.283,0.157,0.038,0.084,0.692,0.637,0.886,0.6,0.881,0.697,0.148,0.552,0.79,0.355,0.162,0.111,0.042,0.742,0.718,0.834,0.573,0.513,0.698,0.915,0.768,0.031,0.057,0.119,0.19,0.685,0.737,0.853,0.232,0.367,0.225,0.503,0.504,0.411,0.228,0.896,0.552,0.021,0.837,0.454,0.899,0.471,0.092,0.034,0.583,0.069,0.266,0.299,0.98,0.829,0.226,0.335,0.832,0.772,0.604,0.608,0.331,0.879,0.392,0.283,0.826,0.071,0.915,0.42,0.678,0.213,0.685,0.494,0.737,0.234,0.633,0.341,0.157,0.162,0.336,0.461,0.127,0.401,0.15,0.166,0.459,0.015,0.295,0.934,0.567,0.788,0.562,0.014,0.512,0.43,0.417,0.133,0.378,0.89,0.763,0.876,0.367,0.388,0.388,0.774,0.311,0.167,0.652,0.767,0.646,0.065,0.055,0.253,0.943,0.735,0.786,0.807,0.959,0.634,0.029,0.081,0.131,0.571,0.982,0.312,0.661,0.721,0.565,0.839,0.373,0.269,0.82,0.299,0.568,0.077,0.626,0.168,0.879,0.033,0.891,0.554,0.247,0.78,0.024,0.622,0.646,0.265,0.723,0.06,0.225,0.82,0.751,0.173,0.124,0.632,0.315,0.171,0.255,0.671,0.951,0.921,0.609,0.267,0.018,0.331,0.101,0.183,0.228,0.399,0.84,0.378,0.557,0.372,0.655,0.73,0.884,0.325,0.852,0.306,0.497,0.109,0.677,0.152,0.083,0.562,0.569,0.802,0.882,0.055,0.955,0.499,0.944,0.157,0.294,0.85,0.675,0.105,0.349,0.692,0.605,0.565,0.666,0.392,0.751,0.038,0.187,0.796,0.179,0.694,0.244,0.498,0.903,0.769,0.23,0.49,0.314,0.087,0.167,0.206,0.484,0.272,0.052,0.089,0.519,0.3,0.759,0.389,0.957,0.774,0.848,0.817,0.845,0.704,0.154,0.706,0.887,0.258,0.815,0.83,0.497,0.91,0.838,0.987,0.578,0.138,0.448,0.781,0.139,0.742,0.811,0.861,0.848,0.06,0.933,0.04,0.17,0.986,0.075,0.228,0.213,0.577,0.111,0.104,0.699,0.88,0.284,0.077,0.543,0.528,0.598,0.607,0.193,0.167,0.71,0.881,0.55,0.754,0.809,0.418,0.187,0.091,0.261,0.971,0.494,0.036,0.024,0.271,0.11,0.236,0.546,0.129,0.634,0.204,0.365,0.524,0.128,0.541,0.66,0.405,0.173,0.879,0.726,0.47,0.649,0.978,0.592,0.003,0.819,0.09,0.977,0.523,0.91,0.823,0.916,0.54,0.317,0.97,0.468,0.868,0.907,0.822,0.454,0.297,0.093,0.771,0.135,0.985,0.213,0.727,0.549,0.278,0.581,0.098,0.574,0.899,0.628,0.176,0.302,0.214,0.438,0.277,0.503,0.592,0.679,0.409,0.085,0.009,0.414,0.019,0.028,0.811,0.079,0.19,0.376,0.268,0.03,0.741,0.719,0.791,0.613,0.543,0.056,0.208,0.927,0.516,0.121,0.887,0.574,0.098,0.364,0.173,0.168,0.041,0.34,0.477,0.258,0.675,0.812,0.999,0.218,0.247,0.915,0.726,0.036,0.683,0.055,0.933,0.65,0.344,0.902,0.525,0.004,0.405,0.669,0.734,0.478,0.617,0.668,0.212,0.58,0.741,0.62,0.415,0.301,0.294,0.516,0.996,0.848,0.417,0.153,0.84,0.44,0.454,0.867,0.522,0.966,0.814,0.517,0.159,0.363,0.664,0.852,0.294,0.74,0.063,0.654,0.603,0.104,0.059,0.899,0.908,0.248,0.916,0.991,0.836,0.2,0.602,0.973,0.131,0.324,0.46,0.022,0.599,0.348,0.199,0.05,0.392,0.836,0.755,0.523,0.551,0.173,0.976,0.361,0.632,0.702,0.311,0.968,0.103,0.91,0.863,0.681,0.012,0.348,0.163,0.556,0.568,0.348,0.552,0.999,0.799,0.781,0.184,0.583,0.087,0.198,0.692,0.299,0.556,0.753,0.72,0.655,0.789,0.937,0.946,0.33,0.823,0.144,0.427,0.688,0.562
2020-02-01 19:55:27,0.535,0.632,0.679,0.108,0.128,0.377,0.45,0.989,0.422,0.977,0.1,0.47,0.626,0.526,0.38,0.466,0.832,0.158,0.83,0.217,0.663,0.691,0.664,0.112,0.441,0.623,0.976,0.687,0.227,0.748,0.694,0.241,0.02,0.291,0.805,0.866,0.457,0.505,0.018,0.233,0.115,0.081,0.555,0.746,0.591,0.803,0.263,0.621,0.617,0.329,0.494,0.601,0.171,0.179,0.025,0.817,0.869,0.736,0.154,0.052,0.479,0.092,0.959,0.506,0.531,0.596,0.886,0.652,0.834,0.512,0.302,0.514,0.745,0.232,0.803,0.778,0.154,0.84,0.497,0.044,0.12,0.193,0.84,0.212,0.142,0.427,0.887,0.597,0.375,0.762,0.912,0.122,0.397,0.773,0.939,0.3,0.41,0.337,0.096,0.317,0.882,0.262,0.341,0.337,0.727,0.694,0.073,0.191,0.718,0.056,0.186,0.555,0.052,0.699,0.181,0.558,0.026,0.633,0.575,0.139,0.453,0.267,0.82,0.713,0.251,0.397,0.135,0.947,0.569,0.314,0.945,0.211,0.276,0.258,0.495,0.792,0.803,0.534,0.617,0.899,0.382,0.483,0.073,0.611,0.071,0.989,0.867,0.925,0.587,0.236,0.657,0.983,0.353,0.559,0.957,0.869,0.639,0.798,0.727,0.694,0.748,0.696,0.479,0.796,0.668,0.499,0.445,0.333,0.51,0.762,0.152,0.174,0.017,0.165,0.226,0.179,0.145,0.208,0.639,0.479,0.857,0.531,0.249,0.973,0.278,0.198,0.478,0.683,0.792,0.274,0.666,0.936,0.697,0.486,0.023,0.402,0.812,0.642,0.396,0.427,0.822,0.061,0.955,0.043,0.55,0.723,0.885,0.874,0.561,0.139,0.875,0.98,0.195,0.711,0.204,0.194,0.516,0.69,0.187,0.816,0.349,0.126,0.26,0.243,0.432,0.457,0.176,0.094,0.807,0.924,0.577,0.116,0.011,0.573,0.179,0.939,0.445,0.724,0.871,0.529,0.733,0.788,0.802,0.547,0.278,0.482,0.27,0.601,0.611,0.283,0.094,0.848,0.959,0.837,0.175,0.368,0.94,0.813,0.582,0.049,0.724,0.023,0.129,0.38,0.602,0.096,0.95,0.256,0.126,0.309,0.412,0.733,0.289,0.712,0.449,0.027,0.136,0.816,0.456,0.581,0.245,0.161,0.637,0.225,0.123,0.481,0.558,0.851,0.541,0.538,0.804,0.431,0.729,0.56,0.078,0.555,0.509,0.47,0.528,0.858,0.73,0.604,0.176,0.566,0.317,0.761,0.634,0.787,0.276,0.202,0.023,0.786,0.499,0.411,0.211,0.147,0.616,0.295,0.065,0.839,0.692,0.434,0.916,0.244,0.656,0.243,0.211,0.758,0.21,0.745,0.288,0.482,0.943,0.947,0.091,0.859,0.714,0.447,0.79,0.524,0.939,0.793,0.79,0.471,0.178,0.636,0.919,0.466,0.037,0.893,0.408,0.31,0.556,0.857,0.379,0.148,0.915,0.743,0.562,0.455,0.463,0.461,0.842,0.753,0.043,0.532,0.836,0.118,0.666,0.353,0.481,0.544,0.878,0.183,0.305,0.092,0.495,0.81,0.438,0.272,0.83,0.079,0.938,0.757,0.604,0.784,0.757,0.807,0.504,0.111,0.011,0.572,0.16,0.53,0.325,0.035,0.655,0.649,0.415,0.411,0.352,0.476,0.763,0.695,0.804,0.891,0.093,0.231,0.302,0.125,0.007,0.48,0.173,0.153,0.376,0.116,0.721,0.368,0.863,0.881,0.846,0.82,0.493,0.248,1.0,0.585,0.366,0.117,0.343,0.261,0.237,0.497,0.101,0.092,0.136,0.502,0.861,0.642,0.073,0.292,0.255,0.848,0.878,0.107,0.524,0.383,0.761,0.545,0.008,0.155,0.094,0.518,0.491,0.717,0.321,0.879,0.035,0.15,0.138,0.341,0.159,0.779,0.651,0.383,0.48,0.345,0.968,0.046,0.03,0.408,0.578,0.014,0.992,0.202,0.019,0.949,0.007,0.684,0.553,0.482,0.323,0.618,0.352,0.787,0.05,0.87,0.585,0.433,0.562,0.112,0.445,0.502,0.877,0.748,0.834,0.508,0.675,0.096,0.651,0.329,0.65,0.297,0.679,0.941,0.101,0.219,0.1,0.66,0.599,0.462,0.028,0.86
2020-02-01 19:55:27,0.837,0.07,0.254,0.109,0.036,0.906,0.935,0.206,0.701,0.338,0.927,0.529,0.577,0.86,0.995,0.615,0.083,0.918,0.823,0.647,0.283,0.212,0.399,0.913,0.737,0.98,0.614,0.129,0.601,0.818,0.64,0.897,0.814,0.127,0.735,0.585,0.561,0.774,0.013,0.348,0.035,0.792,0.756,0.677,0.153,0.196,0.423,0.335,0.246,0.62,0.588,0.393,0.725,0.852,0.236,0.648,0.426,0.721,0.425,0.87,0.018,0.682,0.481,0.831,0.174,0.44,0.022,0.475,0.686,0.742,0.12,0.841,0.258,0.02,0.994,0.046,0.467,0.899,0.12,0.894,0.042,0.731,0.298,0.475,0.066,0.183,0.322,0.037,0.395,0.878,0.953,0.172,0.938,0.469,0.733,0.073,0.818,0.135,0.017,0.649,0.908,0.338,0.696,0.82,0.357,0.445,0.442,0.998,0.827,0.578,0.673,0.542,0.823,0.373,0.674,0.295,0.11,0.409,0.947,0.239,0.599,0.102,0.333,0.677,0.821,0.794,0.437,0.875,0.741,0.265,0.93,0.194,0.883,0.047,0.11,0.139,0.421,0.244,0.529,0.339,0.928,0.165,0.992,0.295,0.007,0.524,0.727,0.503,0.41,0.678,0.374,0.29,0.113,0.045,0.441,0.043,0.437,0.368,0.896,0.565,0.81,0.513,0.828,0.383,0.181,0.046,0.689,0.305,0.304,0.547,0.217,0.887,0.686,0.513,0.849,0.216,0.959,0.917,0.426,0.375,0.315,0.769,0.221,0.464,0.358,0.202,0.138,0.949,0.524,0.352,0.392,0.352,0.6,0.747,0.023,0.776,0.048,0.758,0.342,0.076,0.135,0.318,0.657,0.76,0.228,0.05,0.276,0.718,0.169,0.742,0.916,0.742,0.152,0.447,0.731,0.416,0.677,0.716,0.896,0.306,0.888,0.161,0.515,0.517,0.834,0.097,0.073,0.571,0.827,0.718,0.457,0.472,0.233,0.224,0.342,0.185,0.996,0.17,0.759,0.732,0.626,0.268,0.465,0.029,0.443,0.527,0.096,0.605,0.925,0.167,0.318,0.474,0.498,0.267,0.691,0.443,0.583,0.843,0.318,0.489,0.624,0.24,0.242,0.988,0.72,0.031,0.615,0.189,0.501,0.762,0.634,0.352,0.85,0.28,0.326,0.56,0.692,0.469,0.852,0.032,0.145,0.163,0.717,0.182,0.876,0.792,0.119,0.082,0.462,0.369,0.968,0.048,0.904,0.158,0.228,0.204,0.608,0.786,0.316,0.501,0.242,0.168,0.966,0.457,0.41,0.765,0.694,0.083,0.788,0.901,0.082,0.938,0.663,0.448,0.098,0.93,0.749,0.286,0.556,0.29,0.048,0.948,0.979,0.605,0.609,0.907,0.234,0.504,0.542,0.584,0.947,0.345,0.612,0.355,0.874,0.876,0.534,0.209,0.614,0.499,0.207,0.93,0.243,0.376,0.357,0.251,0.324,0.493,0.304,0.704,0.954,0.123,0.321,0.154,0.673,0.097,0.901,0.191,0.481,0.437,0.838,0.052,0.232,0.23,0.008,0.367,0.146,0.082,0.208,0.91,0.303,0.837,0.487,0.648,0.959,0.054,0.505,0.99,0.114,0.475,0.639,0.088,0.018,0.04,0.942,0.289,0.53,0.34,0.874,0.979,0.813,0.126,0.653,0.654,0.106,0.395,0.894,0.766,0.457,0.32,0.051,0.209,0.966,0.894,0.192,0.555,0.73,0.548,0.664,0.414,0.332,0.044,0.68,0.61,0.239,0.491,0.211,0.67,0.879,0.179,0.545,0.837,0.433,0.448,0.061,0.931,0.782,0.995,0.145,0.888,0.402,0.767,0.938,0.756,0.104,0.214,0.089,0.222,0.145,0.172,0.432,0.966,0.017,0.28,0.289,0.139,0.087,0.764,0.607,0.665,0.69,0.664,0.067,0.624,0.331,0.501,0.29,0.642,0.06,0.109,0.668,0.549,0.295,0.388,0.842,0.031,0.626,0.925,0.463,0.068,0.981,0.604,0.755,0.81,0.411,0.1,0.612,0.385,0.569,0.122,0.273,0.663,0.28,0.776,0.364,0.505,0.346,0.696,0.377,0.976,0.092,0.039,0.706,0.275,0.5,0.886,0.458,0.111,0.114,0.588,0.146,0.392,0.417,0.162,0.116,0.564,0.053,0.158,0.916,0.807,0.174,0.305
2020-02-01 19:55:27,0.814,0.931,0.302,0.105,0.787,0.954,0.987,0.821,0.731,0.128,0.649,0.495,0.635,0.914,0.622,0.129,0.323,0.422,0.699,0.297,0.211,0.957,0.087,0.05,0.66,0.468,0.719,0.378,0.489,0.431,0.35,0.975,0.661,0.783,0.626,0.057,0.512,0.028,0.93,0.531,0.984,0.823,0.653,0.454,0.82,0.33,0.077,0.575,0.561,0.063,0.296,0.575,0.463,0.647,0.223,0.016,0.622,0.244,0.743,0.79,0.373,0.4,0.738,0.592,0.797,0.517,0.745,0.957,0.188,0.867,0.934,0.126,0.857,0.163,0.145,0.155,0.947,0.592,0.868,0.337,0.639,0.041,0.386,0.63,0.601,0.522,0.872,0.793,0.161,0.568,0.019,0.335,0.888,0.079,0.214,0.241,0.672,0.916,0.433,0.298,0.724,0.636,0.363,0.416,0.602,0.425,0.34,0.831,0.119,0.104,0.864,0.898,0.844,0.755,0.42,0.342,0.637,0.912,0.936,0.497,0.694,0.369,0.117,0.873,0.01,0.792,0.327,0.362,0.083,0.728,0.796,0.251,0.106,0.905,0.816,0.897,0.024,0.977,0.393,0.115,0.512,0.69,0.922,0.953,0.8,0.754,0.308,0.913,0.656,0.415,0.627,0.553,0.472,0.36,0.812,0.768,0.792,0.433,0.491,0.987,0.896,0.427,0.035,0.537,0.305,0.46,0.973,0.833,0.952,0.546,0.387,0.474,0.136,0.273,0.1,0.154,0.687,0.623,0.798,0.3,0.045,0.127,0.864,0.791,0.077,0.282,0.258,0.676,0.625,0.156,0.232,0.022,0.629,0.48,0.581,0.409,0.725,0.904,0.208,0.715,0.831,0.043,0.567,0.979,0.897,0.968,0.188,0.592,0.663,0.18,0.657,0.399,0.542,0.359,0.326,0.273,0.872,0.872,0.503,0.256,0.636,0.977,0.344,0.57,0.907,0.085,0.93,0.688,0.987,0.956,0.339,0.956,0.782,0.103,0.462,0.457,0.731,0.864,0.957,0.824,0.249,0.425,0.96,0.584,0.819,0.651,0.679,0.332,0.865,0.08,0.68,0.547,0.506,0.148,0.953,0.32,0.908,0.688,0.441,0.084,0.309,0.584,0.177,0.802,0.18,0.423,0.696,0.456,0.659,0.612,0.31,0.61,0.922,0.228,0.189,0.997,0.395,0.108,0.691,0.847,0.007,0.745,0.527,0.184,0.618,0.141,0.186,0.723,0.035,0.77,0.934,0.65,0.613,0.939,0.636,0.767,0.493,0.635,0.375,0.69,0.212,0.8,0.386,0.599,0.458,0.033,0.464,0.262,0.261,0.232,0.365,0.436,0.95,0.879,0.949,0.738,0.812,0.58,0.294,0.994,0.959,0.065,0.824,0.483,0.93,0.897,0.835,0.297,0.632,0.723,0.355,0.592,0.636,0.884,0.512,0.524,0.79,0.408,0.707,0.511,0.278,0.569,0.179,0.143,0.84,0.629,0.952,0.706,0.957,0.689,0.565,0.053,0.784,0.056,0.089,0.507,0.919,0.863,0.776,0.452,0.914,0.454,0.179,0.683,0.536,0.307,0.674,0.315,0.128,0.19,0.794,0.276,0.706,0.762,0.283,0.833,0.034,0.571,0.17,0.272,0.547,0.274,0.845,0.502,0.775,0.723,0.049,0.503,0.73,0.41,0.815,0.937,0.351,0.674,0.679,0.399,0.602,0.864,0.687,0.399,0.071,0.178,0.816,0.18,0.81,0.895,0.099,0.528,0.496,0.979,0.797,0.615,0.129,0.109,0.666,0.682,0.211,0.811,0.453,0.48,0.584,0.036,0.474,0.511,0.454,0.098,0.977,0.812,0.312,0.387,0.153,0.274,0.876,0.005,0.277,0.342,0.065,0.099,0.646,0.856,0.396,0.562,0.81,0.869,0.854,0.34,0.0,0.109,0.657,0.034,0.984,0.609,0.045,0.14,0.23,0.018,0.009,0.167,0.854,0.883,0.018,0.891,0.084,0.945,0.701,0.634,0.11,0.013,0.831,0.771,0.286,0.592,0.254,0.249,0.986,0.819,0.558,0.053,0.549,0.292,0.299,0.425,0.667,0.513,0.6,0.56,0.676,0.929,0.372,0.692,0.005,0.168,0.109,0.98,0.703,0.26,0.664,0.859,0.857,0.74,0.241,0.777,0.557,0.531,0.601,0.414,0.007,0.64,0.155,0.21,0.925,0.678
2020-02-01 19:55:27,0.171,0.847,0.82,0.358,0.443,0.161,0.687,0.395,0.869,0.173,0.947,0.363,0.574,0.611,0.383,0.709,0.7,0.191,0.199,0.118,0.643,0.155,0.184,0.22,0.208,0.729,0.829,0.628,0.756,0.936,0.157,0.266,0.99,0.793,0.151,0.899,0.995,0.413,0.635,0.536,0.761,0.351,0.015,0.755,0.384,0.375,0.978,0.008,0.825,0.669,0.651,0.048,0.726,0.393,0.974,0.818,0.113,0.397,0.335,0.507,0.474,0.236,0.921,0.28,0.006,0.173,0.297,0.54,0.125,0.812,0.23,0.755,0.567,0.384,0.658,0.872,0.666,0.698,0.178,0.201,0.751,0.838,0.982,0.656,0.55,0.945,0.843,0.168,0.645,0.273,0.291,0.885,0.877,0.881,0.677,0.058,0.634,0.849,0.957,0.467,0.696,0.07,0.041,0.302,0.189,0.953,0.494,0.859,0.076,0.908,0.053,0.117,0.816,0.775,0.583,0.34,0.842,0.135,0.687,0.891,0.951,0.451,0.503,0.785,0.014,0.966,0.806,0.198,0.236,0.862,0.235,0.042,0.936,0.002,0.698,0.941,0.432,0.975,0.889,0.979,0.21,0.159,0.741,0.793,0.968,0.562,0.386,0.754,0.594,0.423,0.001,0.961,0.888,0.312,0.699,0.663,0.61,0.578,0.378,0.119,0.446,0.944,0.874,0.091,0.959,0.044,0.685,0.377,0.357,0.183,0.916,0.399,0.257,0.462,0.881,0.613,0.25,0.891,0.071,0.73,0.694,0.735,0.427,0.084,0.307,0.063,0.38,0.756,0.995,0.964,0.07,0.874,0.434,0.697,0.661,0.84,0.997,0.254,0.221,0.964,0.295,0.913,0.284,0.767,0.156,0.538,0.416,0.007,0.014,0.809,0.33,0.187,0.316,0.55,0.299,0.883,0.564,0.712,0.607,0.322,0.265,0.802,0.742,0.099,0.832,0.054,0.061,0.856,0.281,0.51,0.835,0.518,0.441,0.81,0.636,0.691,0.63,0.363,0.832,0.276,0.951,0.656,0.501,0.224,0.179,0.565,0.753,0.772,0.43,0.192,0.277,0.041,0.684,0.201,0.131,0.957,0.66,0.927,0.199,0.638,0.611,0.011,0.726,0.189,0.506,0.839,0.359,0.646,0.901,0.932,0.028,0.296,0.671,0.104,0.75,0.205,0.775,0.424,0.493,0.186,0.019,0.771,0.978,0.913,0.81,0.922,0.495,0.188,0.598,0.309,0.044,0.946,0.499,0.248,0.769,0.654,0.4,0.982,0.648,0.877,0.796,0.164,0.4,0.306,0.486,0.407,0.37,0.017,0.674,0.404,0.68,0.541,0.619,0.404,0.703,0.823,0.945,0.522,0.632,0.641,0.416,0.73,0.836,0.007,0.684,0.708,0.57,0.374,0.586,0.704,0.199,0.553,0.231,0.215,0.863,0.834,0.291,0.353,0.687,0.591,0.182,0.725,0.559,0.379,0.894,0.336,0.75,0.758,0.983,0.905,0.813,0.483,0.119,0.825,0.524,0.303,0.295,0.474,0.224,0.611,0.073,0.01,0.06,0.96,0.762,0.779,0.677,0.222,0.967,0.484,0.989,0.315,0.589,0.912,0.409,0.954,0.033,0.017,0.526,0.755,0.903,0.785,0.917,0.882,0.12,0.381,0.572,0.943,0.983,0.668,0.762,0.218,0.492,0.8,0.053,0.003,0.204,0.565,0.717,0.754,0.463,0.578,0.955,0.474,0.514,0.643,0.569,0.865,0.389,0.829,0.348,0.19,0.502,0.72,0.33,0.587,0.511,0.366,0.479,0.727,0.367,0.105,0.638,0.3,0.806,0.319,0.897,0.873,0.372,0.542,0.934,0.67,0.495,0.379,0.362,0.279,0.505,0.12,0.287,0.148,0.021,0.53,0.516,0.608,0.719,0.622,0.733,0.621,0.582,0.419,0.65,0.742,0.611,0.918,0.179,0.813,0.751,0.096,0.078,0.525,0.929,0.77,0.81,0.958,0.452,0.135,0.332,0.973,0.985,0.776,0.087,0.752,0.029,0.818,0.579,0.17,0.546,0.549,0.273,0.351,0.788,0.621,0.512,0.372,0.055,0.767,0.602,0.521,0.913,0.882,0.733,0.301,0.378,0.954,0.296,0.011,0.969,0.846,0.874,0.316,0.53,0.686,0.49,0.835,0.603,0.936,0.329,0.662,0.076,0.805,0.76,0.594
2020-02-01 19:55:27,0.246,0.055,0.609,0.2,0.462,0.001,0.879,0.412,0.595,0.64,0.141,0.926,0.334,0.908,0.721,0.31,0.112,0.013,0.347,0.599,0.544,0.571,0.052,0.077,0.996,0.109,0.453,0.75,0.599,0.275,0.78,0.117,0.444,0.447,0.683,0.821,0.322,0.108,0.503,0.815,0.865,0.865,0.706,0.891,0.754,0.886,0.204,0.931,0.303,0.669,0.627,0.044,0.588,0.872,0.425,0.439,0.015,0.335,0.399,0.527,0.972,0.62,0.096,0.772,0.313,0.516,0.535,0.517,0.3,0.189,0.426,0.154,0.726,0.244,0.193,0.107,0.29,0.99,0.674,0.258,0.541,0.222,0.58,0.651,0.361,0.066,0.508,0.322,0.717,0.433,0.485,0.555,0.249,0.048,0.858,0.722,0.553,0.599,0.653,0.222,0.48,0.881,0.78,0.893,0.728,0.323,0.073,0.561,0.689,0.668,0.063,0.841,0.894,0.223,0.68,0.446,0.582,0.624,0.115,0.624,0.346,0.332,0.256,0.619,0.374,0.344,0.624,0.151,0.301,0.267,0.175,0.109,0.291,0.032,0.631,0.974,0.054,0.224,0.709,0.223,0.754,0.903,0.833,0.471,0.511,0.674,0.964,0.507,0.077,0.464,0.143,0.175,0.752,0.079,0.428,0.472,0.164,0.227,0.972,0.199,0.475,0.661,0.14,0.488,0.234,0.162,0.42,0.499,0.095,0.129,0.402,0.484,0.536,0.167,0.069,0.362,0.919,0.85,0.101,0.88,0.682,0.822,0.824,0.498,0.052,0.866,0.882,0.083,0.303,0.347,0.608,0.529,0.762,0.109,0.862,0.495,0.604,0.908,0.747,0.586,0.44,0.367,0.738,0.464,0.27,0.367,0.782,0.163,0.608,0.619,0.514,0.93,0.792,0.179,0.221,0.631,0.291,0.838,0.183,0.381,0.37,0.836,0.995,0.289,0.832,0.301,0.762,0.422,0.539,0.61,0.85,0.721,0.04,0.864,0.428,0.269,0.649,0.357,0.493,0.265,0.097,0.32,0.303,0.658,0.676,0.999,0.842,0.611,0.705,0.749,0.584,0.678,0.235,0.84,0.764,0.304,0.706,0.444,0.779,0.955,0.995,0.62,0.738,0.1,0.763,0.383,0.147,0.515,0.38,0.438,0.457,0.966,0.195,0.818,0.143,0.624,0.055,0.329,0.007,0.24,0.581,0.721,0.469,0.26,0.731,0.681,0.412,0.616,0.842,0.929,0.867,0.899,0.178,0.143,0.441,0.016,0.932,0.902,0.784,0.312,0.603,0.011,0.199,0.652,0.624,0.6,0.621,0.434,0.055,0.973,0.161,0.146,0.048,0.691,0.486,0.727,0.113,0.165,0.316,0.003,0.221,0.01,0.141,0.13,0.741,0.114,0.006,0.019,0.567,0.37,0.581,0.629,0.445,0.947,0.025,0.965,0.761,0.253,0.005,0.429,0.589,0.747,0.403,0.98,0.129,0.756,0.165,0.514,0.456,0.976,0.956,0.968,0.43,0.065,0.416,0.597,0.189,0.708,0.131,0.973,0.312,0.316,0.244,0.561,0.055,0.684,0.827,0.665,0.444,0.4,0.997,0.619,0.853,0.634,0.614,0.389,0.693,0.338,0.524,0.095,0.963,0.705,0.953,0.301,0.377,0.056,0.184,0.853,0.525,0.848,0.217,0.898,0.651,0.001,0.66,0.031,0.516,0.127,0.884,0.728,0.393,0.339,0.504,0.023,0.565,0.109,0.763,0.773,0.832,0.084,0.064,0.017,0.894,0.819,0.516,0.819,0.317,0.372,0.99,0.243,0.517,0.198,0.245,0.453,0.772,0.92,0.449,0.562,0.165,0.441,0.259,0.536,0.486,0.821,0.94,0.332,0.43,0.534,0.521,0.101,0.765,0.643,0.367,0.459,0.026,0.203,0.678,0.274,0.672,0.62,0.739,0.604,0.125,0.118,0.703,0.029,0.243,0.985,0.213,0.595,0.669,0.062,0.592,0.68,0.457,0.936,0.909,0.049,0.864,0.183,0.811,0.199,0.868,0.587,0.945,0.382,0.568,0.179,0.002,0.939,0.782,0.401,0.052,0.369,0.046,0.364,0.873,0.354,0.244,0.669,0.482,0.333,0.571,0.076,0.27,0.086,0.066,0.358,0.934,0.756,0.995,0.049,0.705,0.549,0.976,0.935,0.976,0.828,0.258,0.51,0.968,0.242
2020-02-01 19:55:27,0.729,0.747,0.612,0.174,0.144,0.764,0.544,0.579,0.855,0.421,0.083,0.063,0.773,0.051,0.93,0.449,0.304,0.486,0.472,0.374,0.389,0.974,0.405,0.443,0.824,0.725,0.078,0.417,0.182,0.834,0.035,0.446,0.154,0.245,0.446,0.92,0.921,0.646,0.198,0.671,0.171,0.982,0.702,0.652,0.869,0.999,0.808,0.776,0.099,0.553,0.851,0.555,0.798,0.137,0.383,0.015,0.685,0.531,0.319,0.79,0.143,0.166,0.103,0.368,0.99,0.669,0.034,0.888,0.431,0.926,0.486,0.019,0.365,0.762,0.081,0.253,0.477,0.567,0.031,0.226,0.073,0.873,0.818,0.913,0.79,0.883,0.001,0.689,0.336,0.081,0.731,0.103,0.794,0.385,0.84,0.595,0.38,0.082,0.975,0.097,0.631,0.945,0.023,0.484,0.175,0.603,0.031,0.878,0.492,0.066,0.534,0.386,0.391,0.633,0.637,0.759,0.879,0.729,0.089,0.152,0.016,0.461,0.925,0.832,0.98,0.868,0.254,0.205,0.559,0.5,0.38,0.039,0.992,0.261,0.551,0.584,0.546,0.421,0.917,0.204,0.482,0.446,0.968,0.258,0.74,0.438,0.73,0.065,0.888,0.98,0.204,0.481,0.063,0.496,0.283,0.442,0.847,0.519,0.289,0.806,0.833,0.425,0.787,0.369,0.795,0.905,0.904,0.08,0.515,0.46,0.091,0.55,0.924,0.368,0.549,0.586,0.069,0.358,0.278,0.071,0.742,0.367,0.665,0.623,0.891,0.586,0.764,0.168,0.457,0.321,0.329,0.293,0.205,0.647,0.758,0.697,0.459,0.87,0.701,0.11,0.723,0.281,0.805,0.477,0.795,0.903,0.898,0.11,0.576,0.18,0.231,0.216,0.651,0.456,0.69,0.843,0.787,0.034,0.82,0.9,0.507,0.987,0.272,0.424,0.708,0.106,0.44,0.16,0.782,0.273,0.477,0.274,0.958,0.359,0.883,0.491,0.989,0.826,0.529,0.898,0.217,0.0,0.572,0.991,0.171,0.121,0.891,0.827,0.647,0.153,0.325,0.142,0.886,0.628,0.753,0.437,0.469,0.226,0.246,0.131,0.898,0.623,0.866,0.146,0.002,0.758,0.447,0.563,0.988,0.801,0.456,0.202,0.252,0.773,0.433,0.136,0.72,0.692,0.642,0.323,0.925,0.947,0.939,0.926,0.559,0.368,0.987,0.616,0.346,0.771,0.324,0.454,0.582,0.766,0.93,0.19,0.059,0.7,0.015,0.992,0.106,0.037,0.768,0.742,0.686,0.438,0.893,0.801,0.256,0.012,0.144,0.811,0.248,0.517,0.612,0.678,0.766,0.763,0.63,0.042,0.889,0.857,0.027,0.737,0.117,0.868,0.758,0.774,0.079,0.05,0.979,0.796,0.014,0.06,0.05,0.88,0.162,0.229,0.83,0.795,0.561,0.037,0.083,0.926,0.147,0.662,0.717,0.923,0.469,0.932,0.336,0.026,0.77,0.865,0.199,0.426,0.103,0.049,0.55,0.111,0.613,0.128,0.794,0.048,0.078,0.873,0.547,0.372,0.418,0.489,0.862,0.657,0.319,0.399,0.762,0.883,0.385,0.998,0.899,0.848,0.924,0.865,0.265,0.351,0.85,0.487,0.148,0.786,0.439,0.871,0.247,0.699,0.189,0.368,0.643,0.84,0.346,0.807,0.298,0.729,0.246,0.002,0.682,0.085,0.342,0.27,0.742,0.789,0.321,0.401,0.472,0.839,0.637,0.225,0.182,0.853,0.902,0.83,0.87,0.761,0.578,0.626,0.804,0.638,0.124,0.12,0.215,0.79,0.003,0.408,0.169,0.137,0.044,0.402,0.18,0.62,0.128,0.583,0.831,0.478,0.096,0.396,0.983,0.761,0.893,0.78,0.881,0.038,0.148,0.368,0.235,0.592,0.051,0.632,0.173,0.212,0.449,0.423,0.045,0.987,0.511,0.677,0.702,0.757,0.45,0.796,0.793,0.836,0.247,0.387,0.542,0.477,0.304,0.417,0.791,0.736,0.75,0.729,0.311,0.083,0.182,0.224,0.27,0.332,0.509,0.581,0.097,0.904,0.24,0.446,0.754,0.784,0.612,0.519,0.631,0.188,0.922,0.201,0.59,0.266,0.448,0.51,0.744,0.576,0.39,0.37,0.311,0.664,0.177,0.993,0.455,0.461
2020-02-01 19:55:27,0.824,0.404,0.64,0.526,0.612,0.122,0.167,0.043,0.406,0.063,0.621,0.37,0.305,0.302,0.214,0.432,0.608,0.629,0.017,0.07,0.009,0.432,0.25,0.798,0.422,0.608,0.274,0.763,0.367,0.706,0.19,0.175,0.48,0.801,0.709,0.465,0.421,0.346,0.997,0.629,0.277,0.835,0.712,0.316,0.079,0.338,0.954,0.15,0.158,0.645,0.775,0.289,0.403,0.081,0.062,0.134,0.84,0.646,0.458,0.015,0.557,0.1,0.458,0.056,0.113,0.792,0.276,0.446,0.682,0.427,0.243,0.991,0.462,0.056,0.753,0.001,0.513,0.724,0.187,0.72,0.093,0.098,0.333,0.132,0.525,0.198,0.226,0.927,0.35,0.043,0.434,0.039,0.045,0.751,0.698,0.041,0.429,0.257,0.11,0.325,0.613,0.207,0.438,0.385,0.691,0.566,0.272,0.389,0.157,0.771,0.199,0.874,0.002,0.151,0.004,0.39,0.794,0.446,0.188,0.209,0.21,0.736,0.208,0.611,0.222,0.861,0.182,0.261,0.664,0.353,0.991,0.444,0.651,0.992,0.195,0.872,0.069,0.65,0.969,0.932,0.103,0.575,0.743,0.316,0.339,0.85,0.825,0.295,0.456,0.913,0.928,0.101,0.767,0.253,0.982,0.76,0.994,0.557,0.634,0.606,0.756,0.517,0.874,0.77,0.214,0.038,0.375,0.757,0.433,0.67,0.908,0.526,0.899,0.374,0.854,0.421,0.889,0.541,0.994,0.716,0.267,0.083,0.36,0.05,0.595,0.024,0.447,0.021,0.145,0.766,0.503,0.358,0.979,0.143,0.894,0.645,0.766,0.654,0.65,0.639,0.788,0.127,0.526,0.996,0.314,0.344,0.448,0.111,0.807,0.547,0.309,0.983,0.577,0.825,0.185,0.787,0.602,0.002,0.852,0.089,0.162,0.788,0.731,0.686,0.081,0.469,0.621,0.727,0.914,0.306,0.533,0.997,0.245,0.349,0.578,0.997,0.877,0.895,0.72,0.255,0.356,0.016,0.63,0.22,0.709,0.439,0.932,0.924,0.764,0.698,0.935,0.796,0.916,0.971,0.232,0.655,0.491,0.918,0.25,0.881,0.983,0.445,0.569,0.633,0.672,0.583,0.785,0.023,0.995,0.866,0.096,0.906,0.247,0.317,0.024,0.96,0.979,0.099,0.907,0.781,0.609,0.016,0.694,0.639,0.626,0.569,0.394,0.413,0.15,0.653,0.473,0.0,0.221,0.161,0.481,0.156,0.706,0.662,0.052,0.223,0.629,0.395,0.246,0.564,0.512,0.473,0.779,0.419,0.604,0.528,0.863,0.606,0.433,0.928,0.476,0.759,0.937,0.045,0.998,0.008,0.741,0.495,0.19,0.294,0.362,0.476,0.706,0.471,0.957,0.301,0.16,0.195,0.796,0.377,0.833,0.639,0.327,0.446,0.111,0.84,0.144,0.334,0.555,0.994,0.678,0.916,0.155,0.817,0.987,0.363,0.882,0.769,0.454,0.67,0.244,0.586,0.49,0.499,0.098,0.637,0.674,0.602,0.55,0.085,0.141,0.096,0.994,0.935,0.697,0.257,0.53,0.755,0.935,0.949,0.84,0.46,0.881,0.326,0.72,0.267,0.002,0.445,0.95,0.948,0.006,0.7,0.771,0.746,0.1,0.385,0.809,0.582,0.884,0.907,0.855,0.915,0.496,0.095,0.722,0.796,0.26,0.725,0.65,0.655,0.157,0.749,0.97,0.222,0.245,0.25,0.74,0.943,0.907,0.48,0.59,0.794,0.055,0.789,0.521,0.794,0.76,0.11,0.911,0.905,0.612,0.294,0.827,0.105,0.94,0.904,0.735,0.469,0.023,0.217,0.401,0.759,0.564,0.704,0.822,0.735,0.617,0.567,0.267,0.979,0.58,0.759,0.733,0.45,0.994,0.816,0.865,0.24,0.865,0.702,0.833,0.923,0.964,0.71,0.659,0.592,0.134,0.016,0.527,0.149,0.796,0.896,0.196,0.83,0.869,0.837,0.018,0.696,0.165,0.356,0.915,0.7,0.278,0.828,0.225,0.869,0.432,0.513,0.443,0.924,0.317,0.305,0.489,0.483,0.104,0.009,0.846,0.643,0.487,0.881,0.046,0.462,0.688,0.021,0.827,0.313,0.238,0.505,0.934,0.597,0.104,0.853,0.788,0.167,0.124,0.417,0.783,0.514
2020-02-01 19:55:27,0.34,0.664,0.735,0.759,0.826,0.261,0.095,0.336,0.541,0.817,0.638,0.883,0.92,0.735,0.721,0.746,0.701,0.395,0.707,0.95,0.58,0.044,0.893,0.102,0.962,0.755,0.695,0.351,0.659,0.489,0.732,0.104,0.815,0.217,0.776,0.443,0.493,0.346,0.231,0.063,0.872,0.569,0.264,0.191,0.783,0.052,0.985,0.306,0.33,0.614,0.277,0.593,0.344,0.756,0.252,0.608,0.73,0.027,0.324,0.416,0.475,0.462,0.619,0.5,0.411,0.869,0.411,0.674,0.003,0.072,0.636,0.483,0.904,0.44,0.787,0.787,0.69,0.344,0.555,0.237,0.372,0.216,0.715,0.885,0.746,0.659,0.794,0.67,0.092,0.172,0.546,0.341,0.395,0.127,0.935,0.844,0.409,0.827,0.288,0.942,0.908,0.535,0.771,0.136,0.642,0.001,0.295,0.551,0.139,0.866,0.182,0.429,0.856,0.617,0.192,0.483,0.041,0.364,0.47,0.234,0.112,0.716,0.564,0.035,0.943,0.16,0.611,0.369,0.368,0.273,0.617,0.736,0.918,0.404,0.169,0.459,0.51,0.682,0.245,0.635,0.04,0.163,0.306,0.818,0.703,0.516,0.23,0.836,0.638,0.758,0.446,0.973,0.855,0.187,0.487,0.978,0.216,0.216,0.913,0.44,0.361,0.368,0.323,0.701,0.734,0.321,0.642,0.218,0.539,0.518,0.294,0.683,0.297,0.146,0.476,0.326,0.13,0.48,0.66,0.371,0.541,0.148,0.406,0.214,0.753,0.927,0.928,0.787,0.789,0.193,0.268,0.241,0.918,0.131,0.829,0.823,0.964,0.934,0.199,0.868,0.027,0.881,0.034,0.561,0.445,0.655,0.858,0.703,0.337,0.054,0.987,0.04,0.65,0.98,0.417,0.628,0.964,0.402,0.344,0.084,0.639,0.146,0.004,0.412,0.176,0.101,0.538,0.691,0.131,0.908,0.744,0.974,0.616,0.955,0.771,0.824,0.373,0.01,0.475,0.422,0.865,0.453,0.149,0.195,0.062,0.075,0.141,0.598,0.154,0.901,0.304,0.026,0.124,0.994,0.765,0.875,0.247,0.608,0.679,0.721,0.169,0.664,0.194,0.142,0.087,0.81,0.449,0.894,0.839,0.49,0.165,0.169,0.84,0.195,0.44,0.036,0.417,0.582,0.241,0.442,0.315,0.957,0.326,0.656,0.513,0.618,0.251,0.873,0.142,0.093,0.294,0.518,0.143,0.046,0.422,0.302,0.585,0.594,0.249,0.339,0.34,0.373,0.542,0.851,0.655,0.499,0.747,0.498,0.753,0.216,0.248,0.089,0.947,0.153,0.28,0.605,0.183,0.931,0.21,0.368,0.033,0.945,0.246,0.567,0.047,0.53,0.558,0.39,0.575,0.174,0.187,0.852,0.737,0.908,0.543,0.612,0.343,0.798,0.221,0.828,0.355,0.039,0.617,0.408,0.198,0.186,0.561,0.568,0.38,0.369,0.825,0.138,0.455,0.693,0.909,0.934,0.456,0.297,0.624,0.041,0.421,0.345,0.717,0.327,0.443,0.736,0.442,0.95,0.434,0.593,0.971,0.881,0.195,0.856,0.319,0.805,0.662,0.899,0.602,0.049,0.881,0.428,0.628,0.937,0.356,0.29,0.457,0.041,0.112,0.047,0.056,0.523,0.929,0.655,0.798,0.983,0.768,0.276,0.867,0.627,0.575,0.891,0.602,0.906,0.913,0.875,0.797,0.531,0.571,0.461,0.528,0.885,0.447,0.372,0.51,0.188,0.503,0.075,0.729,0.278,0.084,0.979,0.739,0.799,0.625,0.463,0.509,0.935,0.044,0.69,0.624,0.548,0.713,0.813,0.19,0.388,0.4,0.357,0.942,0.309,0.232,0.132,0.74,0.605,0.252,0.805,0.49,0.259,0.523,0.157,0.387,0.651,0.821,0.62,0.453,0.806,0.556,0.808,0.121,0.243,0.348,0.998,0.184,0.297,0.778,0.381,0.379,0.071,0.457,0.158,0.284,0.683,0.42,0.984,0.088,0.808,0.808,0.572,0.455,0.517,0.771,0.826,0.487,0.317,0.666,0.392,0.673,0.341,0.643,0.776,0.154,0.442,0.256,0.675,0.463,0.526,0.658,0.209,0.654,0.879,0.942,0.379,0.043,0.155,0.14,0.644,0.501,0.544,0.511,0.452,0.905,0.432
