2020-02-01 19:55:27,0.953,0.548,0.208,0.55,0.37,0.092,0.315,0.287,0.111,0.194,0.607,0.444,0.62,0.408,0.404,0.169,0.087,0.789,0.228,0.986,0.193,0.561,0.668,0.771,0.726,0.805,0.869,0.075,0.21,0.836,0.346,0.972,0.169,0.578,0.384,0.305,0.277,0.994,0.475,0.87,0.288,0.621,0.866,0.259,0.389,0.276,0.669,0.249,0.216,0.002,0.073,0.852,0.084,0.312,0.898,0.946,0.434,0.548,0.575,0.225,0.129,0.406,0.846,0.304,0.068,0.264,0.273,0.611,0.135,0.291,0.553,0.866,0.772,0.426,0.403,0.456,0.306,0.479,0.55,0.092,0.568,0.206,0.953,0.092,0.355,0.325,0.829,0.871,0.318,0.813,0.578,0.733,0.551,0.361,0.855,0.437,0.987,0.467,0.176,0.855,0.349,0.468,0.031,0.307,0.567,0.257,0.762,0.824,0.252,0.846,0.089,0.451,0.871,0.392,0.012,0.081,0.003,0.656,0.955,0.666,0.631,0.203,0.674,0.537,0.755,0.926,0.038,0.483,0.076,0.787,0.658,0.958,0.6,0.273,0.898,0.437,0.548,0.58,0.864,0.997,0.601,0.394,0.391,0.031,0.851,0.398,0.253,0.201,0.343,0.952,0.333,0.252,0.769,0.333,0.338,0.238,0.949,0.088,0.359,0.524,0.091,0.294,0.5,0.589,0.694,0.326,0.061,0.715,0.453,0.691,0.836,0.526,0.056,0.479,0.147,0.779,0.856,0.718,0.946,0.807,0.946,0.749,0.702,0.384,0.767,0.438,0.527,0.896,0.35,0.75,0.621,0.353,0.35,0.812,0.505,0.095,0.747,0.166,0.118,0.064,0.727,0.084,0.931,0.535,0.47,0.024,0.213,0.428,0.163,0.068,0.8,0.058,0.876,0.752,0.174,0.405,0.83,0.938,0.445,0.574,0.818,0.473,0.727,0.946,0.811,0.35,0.807,0.865,0.801,0.568,0.499,0.175,0.258,0.604,0.918,0.713,0.88,0.948,0.754,0.527,0.399,0.91,0.106,0.281,0.666,0.21,0.535,0.554,0.51,0.402,0.538,0.153,0.574,0.6,0.449,0.555,0.312,0.582,0.066,0.014,0.941,0.626,0.877,0.696,0.916,0.637,0.124,0.525,0.477,0.877,0.604,0.053,0.249,0.612,0.466,0.568,0.008,0.913,0.762,0.005,0.665,0.567,0.634,0.446,0.649,0.205,0.641,0.084,0.996,0.598,0.801,0.14,0.438,0.525,0.177,0.414,0.306,0.817,0.891,0.445,0.445,0.58,0.158,0.293,0.706,0.975,0.253,0.69,0.162,0.905,0.089,0.613,0.472,0.696,0.657,0.832,0.35,0.153,0.302,0.452,0.136,0.649,0.205,0.457,0.222,0.042,0.315,0.966,0.743,0.399,0.909,0.72,0.275,0.467,0.958,0.435,0.595,0.836,0.046,0.485,0.771,0.027,0.315,0.912,0.886,0.509,0.311,0.478,0.558,0.453,0.299,0.788,0.025,0.471,0.749,0.732,0.817,0.935,0.461,0.502,0.793,0.027,0.61,0.418,0.309,0.052,0.029,0.662,0.173,0.832,0.526,0.62,0.709,0.751,0.619,0.007,0.569,0.499,0.068,0.204,0.971,0.554,0.624,0.398,0.524,0.574,0.252,0.111,0.097,0.198,0.507,0.187,0.303,0.752,0.777,0.252,0.35,0.234,0.501,0.822,0.493,0.719,0.436,0.915,0.158,0.385,0.108,0.702,0.364,0.653,0.184,0.456,0.586,0.34,0.609,0.573,0.595,0.64,0.515,0.658,0.286,0.232,0.516,0.227,0.772,0.383,0.726,0.522,0.638,0.085,0.366,0.341,0.968,0.759,0.688,0.093,0.132,0.362,0.892,0.406,0.843,0.559,0.728,0.605,0.963,0.668,0.806,0.421,0.679,0.162,0.337,0.665,0.179,0.524,0.559,0.729,0.361,0.744,0.611,0.076,0.029,0.321,0.214,0.962,0.067,0.123,0.861,0.222,0.107,0.247,0.496,0.746,0.716,0.574,0.696,0.571,0.925,0.499,0.495,0.552,0.182,0.147,0.093,0.209,0.341,0.434,0.434,0.473,0.713,0.599,0.039,0.168,0.711,0.325,0.403,0.274,0.41,0.724,0.457,0.501,0.075,0.236,0.355,0.791,0.495,0.703,0.204,0.997,0.269,0.543,0.466,0.636
2020-02-01 19:55:27,0.619,0.663,0.77,0.548,0.283,0.999,0.925,0.537,0.106,0.099,0.326,0.624,0.207,0.474,0.221,0.488,0.992,0.064,0.748,0.539,0.261,0.367,0.405,0.626,0.077,0.298,0.276,0.843,0.478,0.252,0.811,0.25,0.218,0.44,0.764,0.556,0.418,0.78,0.841,0.979,0.484,0.737,0.213,0.502,0.791,0.347,0.578,0.921,0.669,0.608,0.945,0.875,0.216,0.305,0.439,0.49,0.401,0.697,0.855,0.947,0.942,0.259,0.549,0.386,0.329,0.172,0.115,0.136,0.67,0.623,0.381,0.478,0.082,0.18,0.17,0.356,0.787,0.441,0.991,0.797,0.844,0.874,0.136,0.365,0.677,0.157,0.2,0.734,0.021,0.723,0.503,0.12,0.098,0.79,0.39,0.065,0.273,0.583,0.036,0.919,0.74,0.734,0.294,0.428,0.151,0.579,0.358,0.781,0.382,0.843,0.657,0.918,0.401,0.504,0.775,0.662,0.825,0.808,0.195,0.454,0.601,0.018,0.862,0.799,0.547,0.186,0.696,0.414,0.692,0.775,0.822,0.72,0.662,0.209,0.998,0.625,0.8,0.873,0.776,0.655,0.92,0.053,0.299,0.519,0.779,0.483,0.74,0.734,0.746,0.416,0.822,0.605,0.105,0.831,0.304,0.355,0.923,0.954,0.215,0.294,0.511,0.118,0.412,0.173,0.762,0.07,0.678,0.509,0.569,0.047,0.153,0.416,0.733,0.584,0.71,0.814,0.785,0.716,0.309,0.442,0.816,0.025,0.283,0.889,0.57,0.317,0.983,0.879,0.549,0.465,0.266,0.023,0.597,0.296,0.625,0.735,0.497,0.234,0.618,0.174,0.115,0.422,0.124,0.465,0.061,0.482,0.964,0.433,0.387,0.579,0.741,0.566,0.055,0.387,0.166,0.382,0.153,0.541,0.31,0.156,0.773,0.808,0.969,0.879,0.291,0.598,0.152,0.311,0.509,0.846,0.842,0.76,0.603,0.342,0.521,0.59,0.458,0.932,0.971,0.876,0.148,0.889,0.867,0.408,0.164,0.654,0.389,0.653,0.11,0.104,0.909,0.418,0.644,0.22,0.634,0.167,0.648,0.932,0.917,0.856,0.403,0.472,0.606,0.839,0.626,0.178,0.407,0.669,0.039,0.332,0.791,0.118,0.729,0.641,0.698,0.603,0.832,0.539,0.595,0.425,0.887,0.02,0.799,0.305,0.232,0.811,0.426,0.601,0.458,0.777,0.502,0.158,0.627,0.79,0.0,0.024,0.935,0.138,0.924,0.845,0.974,0.042,0.578,0.262,0.503,0.626,0.098,0.676,0.726,0.788,0.453,0.873,0.51,0.763,0.96,0.839,0.501,0.187,0.738,0.972,0.262,0.19,0.769,0.01,0.479,0.227,0.354,0.562,0.544,0.985,0.991,0.615,0.567,0.559,0.473,0.192,0.758,0.265,0.018,0.649,0.25,0.164,0.807,0.151,0.814,0.24,0.802,0.326,0.269,0.894,0.624,0.053,0.137,0.049,0.697,0.384,0.827,0.202,0.612,0.145,0.412,0.119,0.339,0.285,0.559,0.149,0.702,0.63,0.71,0.759,0.958,0.797,0.857,0.847,0.739,0.457,0.756,0.894,0.044,0.804,0.716,0.054,0.985,0.962,0.81,0.378,0.51,0.998,0.843,0.489,0.179,0.491,0.04,0.959,0.368,0.635,0.272,0.019,0.365,0.23,0.798,0.846,0.894,0.88,0.437,0.72,0.16,0.37,0.839,0.744,0.053,0.045,0.896,0.758,0.215,0.976,0.282,0.05,0.537,0.42,0.71,0.306,0.59,0.976,0.286,0.229,0.886,0.944,0.777,0.844,0.573,0.329,0.536,0.09,0.952,0.803,0.758,0.267,0.346,0.611,0.276,0.788,0.208,0.042,0.967,0.531,0.645,0.811,0.201,0.49,0.052,0.972,0.27,0.518,0.17,0.133,0.13,0.985,0.957,0.822,0.228,0.404,0.039,0.112,0.551,0.461,0.518,0.656,0.241,0.958,0.419,0.943,0.647,0.011,0.556,0.591,0.061,0.204,0.905,0.175,0.892,0.805,0.624,0.926,0.734,0.493,0.191,0.372,0.609,0.524,0.252,0.734,0.315,0.372,0.655,0.098,0.116,0.567,0.823,0.098,0.616,0.903,0.358,0.68,0.465,0.086,0.776,0.083,0.505,0.874,0.211,0.355
2020-02-01 19:55:27,0.898,0.297,0.961,0.849,0.242,0.167,0.082,0.855,0.755,0.664,0.56,0.633,0.53,0.453,0.008,0.624,0.55,0.236,0.148,0.26,0.002,0.051,0.975,0.945,0.618,0.878,0.997,0.956,0.508,0.474,0.825,0.03,0.29,0.806,0.687,0.395,0.422,0.334,0.533,0.074,0.93,0.311,0.568,0.423,0.07,0.574,0.25,0.48,0.865,0.303,0.074,0.885,0.289,0.997,0.629,0.618,0.365,0.321,0.674,0.44,0.75,0.455,0.595,0.037,0.023,0.228,0.103,0.959,0.41,0.937,0.485,0.59,0.128,0.504,0.669,0.811,0.993,0.616,0.391,0.156,0.714,0.096,0.588,0.451,0.726,0.967,0.378,0.599,0.84,0.145,0.869,0.265,0.656,0.877,0.087,0.6,0.897,0.87,0.635,0.538,0.094,0.787,0.384,0.287,0.65,0.908,0.008,0.249,0.99,0.261,0.78,0.108,0.518,0.917,0.86,0.639,0.875,0.245,0.91,0.974,0.11,0.628,0.021,0.676,0.259,0.656,0.228,0.881,0.079,0.303,0.458,0.183,0.191,0.644,0.864,0.783,0.281,0.163,0.363,0.556,0.382,0.942,0.769,0.264,0.168,0.85,0.904,0.704,0.34,0.474,0.517,0.9,0.71,0.159,0.333,0.739,0.358,0.634,0.356,0.604,0.962,0.424,0.64,0.475,0.307,0.411,0.616,0.035,0.314,0.531,0.149,0.687,0.558,0.746,0.272,0.489,0.29,0.922,0.841,0.367,0.125,0.035,0.75,0.992,0.781,0.41,0.14,0.886,0.323,0.426,0.617,0.516,0.041,0.449,0.675,0.517,0.171,0.582,0.951,0.353,0.023,0.142,0.665,0.277,0.542,0.358,0.319,0.584,0.675,0.335,0.158,0.9,0.8,0.558,0.261,0.44,0.994,0.806,0.298,0.063,0.75,0.35,0.047,0.582,0.118,0.148,0.655,0.261,0.108,0.99,0.941,0.23,0.567,0.693,0.724,0.316,0.429,0.221,0.434,0.355,0.118,0.246,0.953,0.075,0.977,0.594,0.289,0.286,0.163,0.343,0.485,0.509,0.843,0.053,0.798,0.866,0.17,0.825,0.289,0.343,0.192,0.764,0.507,0.751,0.77,0.969,0.943,0.936,0.427,0.032,0.307,0.579,0.752,0.596,0.365,0.898,0.694,0.826,0.446,0.017,0.11,0.375,0.785,0.909,0.159,0.615,0.874,0.947,0.81,0.037,0.97,0.66,0.548,0.594,0.78,0.011,0.03,0.822,0.377,0.985,0.126,0.118,0.234,0.979,0.591,0.463,0.107,0.007,0.065,0.454,0.992,0.695,0.558,0.114,0.463,0.95,0.285,0.59,0.129,0.844,0.513,0.365,0.355,0.813,0.467,0.904,0.644,0.055,0.409,0.049,0.76,0.298,0.63,0.872,0.9,0.491,0.06,0.745,0.67,0.948,0.367,0.14,0.531,0.509,0.145,0.66,0.525,0.901,0.174,0.338,0.616,0.181,0.762,0.993,0.097,0.352,0.677,0.1,0.892,0.895,0.784,0.2,0.566,0.012,0.003,0.89,0.842,0.861,0.845,0.509,0.033,0.797,0.156,0.085,0.256,0.564,0.157,0.324,0.301,0.186,0.039,0.363,0.026,0.907,0.03,0.288,0.657,0.844,0.322,0.446,0.878,0.19,0.112,0.385,0.888,0.253,0.492,0.385,0.889,0.034,0.116,0.926,0.645,0.18,0.921,0.268,0.786,0.719,0.99,0.502,0.217,0.99,0.736,0.078,0.564,0.639,0.423,0.555,0.366,0.682,0.384,0.095,0.546,0.994,0.876,0.154,0.521,0.133,0.162,0.231,0.118,0.494,0.46,0.304,0.492,0.733,0.071,0.756,0.691,0.067,0.582,0.746,0.131,0.807,0.673,0.405,0.771,0.676,0.557,0.586,0.771,0.941,0.046,0.324,0.712,0.796,0.455,0.493,0.947,0.05,0.671,0.901,0.035,0.443,0.493,0.068,0.248,0.848,0.799,0.908,0.216,0.455,0.199,0.389,0.707,0.167,0.314,0.953,0.005,0.203,0.175,0.469,0.595,0.864,0.394,0.605,0.493,0.523,0.203,0.671,0.172,0.272,0.129,0.493,0.142,0.657,0.521,0.938,0.299,0.345,0.324,0.919,0.264,0.729,0.636,0.662,0.82,0.643,0.974,0.906,0.13,0.116
2020-02-01 19:55:27,0.628,0.427,0.179,0.122,0.327,0.618,0.537,0.658,0.38,0.572,0.04,0.012,0.912,0.863,0.176,0.591,0.644,0.298,0.534,0.276,0.936,0.14,0.835,0.666,0.674,0.814,0.609,0.135,0.144,0.56,0.532,0.791,0.605,0.57,0.466,0.823,0.289,0.709,0.172,0.066,0.445,0.544,0.836,0.852,0.375,0.802,0.734,0.021,0.224,0.823,0.181,0.543,0.402,0.582,0.415,0.379,0.13,0.926,0.684,0.557,0.182,0.022,0.667,0.992,0.783,0.546,0.527,0.394,0.304,0.513,0.051,0.788,0.826,0.054,0.789,0.956,0.207,0.037,0.995,0.854,0.721,0.084,0.917,0.968,0.025,0.806,0.637,0.259,0.095,0.732,0.911,0.272,0.332,0.917,0.571,0.881,0.136,0.146,0.337,0.428,0.157,0.407,0.053,0.972,0.99,0.076,0.648,0.892,0.894,0.034,0.429,0.143,0.916,0.643,0.571,0.494,0.925,0.687,0.074,0.399,0.074,0.18,0.584,0.0,0.405,0.478,0.699,0.558,0.895,0.429,0.825,0.893,0.925,0.019,0.567,0.398,0.867,0.351,0.909,0.232,0.891,0.881,0.675,0.149,0.241,0.441,0.814,0.64,0.998,0.616,0.078,0.711,0.943,0.847,0.583,0.342,0.435,0.229,0.762,0.663,0.001,0.911,0.084,0.969,0.686,0.545,0.114,0.188,0.142,0.77,0.132,0.796,0.504,0.701,0.045,0.813,0.249,0.495,0.77,0.996,0.09,0.969,0.006,0.033,0.552,0.92,0.221,0.988,0.115,0.335,0.718,0.897,0.837,0.058,0.879,0.881,0.871,0.965,0.537,0.1,0.326,0.542,0.043,0.876,0.726,0.356,0.478,0.637,0.254,0.024,0.666,0.67,0.128,0.999,0.512,0.48,0.183,0.866,0.87,0.85,0.271,0.848,0.776,0.422,0.874,0.22,0.422,0.653,0.959,0.88,0.183,0.889,0.276,0.238,0.311,0.692,0.342,0.135,0.643,0.856,0.236,0.795,0.919,0.803,0.893,0.348,0.28,0.063,0.794,0.991,0.163,0.753,0.57,0.503,0.29,0.258,0.741,0.085,0.109,0.771,0.89,0.963,0.849,0.849,0.102,0.19,0.115,0.518,0.514,0.136,0.915,0.887,0.241,0.969,0.798,0.605,0.444,0.432,0.48,0.538,0.156,0.666,0.069,0.128,0.634,0.953,0.64,0.428,0.206,0.171,0.691,0.574,0.821,0.566,0.79,0.533,0.387,0.977,0.804,0.483,0.003,0.941,0.338,0.101,0.32,0.518,0.223,0.376,0.199,0.274,0.776,0.396,0.913,0.145,0.435,0.646,0.553,0.229,0.969,0.084,0.615,0.13,0.092,0.916,0.941,0.375,0.279,0.714,0.845,0.447,0.197,0.252,0.186,0.813,0.07,0.472,0.051,0.864,0.701,0.233,0.308,0.118,0.293,0.726,0.045,0.532,0.275,0.01,0.518,0.14,0.864,0.729,0.918,0.886,0.736,0.194,0.248,0.712,0.362,0.134,0.646,0.287,0.29,0.475,0.055,0.863,0.827,0.626,0.806,0.344,0.747,0.633,0.842,0.231,0.28,0.898,0.612,0.957,0.111,0.544,0.832,0.308,0.007,0.869,0.475,0.214,0.077,0.179,0.481,0.747,0.829,0.88,0.907,0.846,0.93,0.301,0.55,0.258,0.822,0.558,0.469,0.905,0.742,0.931,0.795,0.246,0.809,0.728,0.005,0.131,0.557,0.257,0.083,0.599,0.401,0.567,0.995,0.333,0.126,0.655,0.505,0.189,0.198,0.494,0.861,0.788,0.799,0.916,0.172,0.493,0.024,0.413,0.95,0.893,0.745,0.677,0.692,0.258,0.968,0.433,0.271,0.749,0.804,0.72,0.56,0.754,0.853,0.941,0.772,0.695,0.986,0.679,0.449,0.731,0.681,0.453,0.499,0.809,0.1,0.032,0.389,0.892,0.331,0.742,0.071,0.235,0.724,0.891,0.878,0.097,0.901,0.1,0.311,0.84,0.369,0.092,0.792,0.719,0.183,0.791,0.793,0.898,0.615,0.404,0.865,0.016,0.79,0.443,0.269,0.089,0.198,0.405,0.073,0.606,0.315,0.838,0.758,0.894,0.42,0.539,0.427,0.908,0.495,0.132,0.563,0.744,0.668,0.615,0.659,0.213,0.096,0.021
2020-02-01 19:55:27,0.523,0.471,0.106,0.024,0.013,0.106,0.904,0.652,0.175,0.548,0.09,0.753,0.234,0.889,0.493,0.366,0.3,0.312,0.751,0.919,0.51,0.951,0.831,0.034,0.516,0.494,0.083,0.186,0.683,0.152,0.677,0.798,0.788,0.146,0.78,0.877,0.398,0.837,0.313,0.901,0.488,0.887,0.703,0.345,0.142,0.922,0.334,0.878,0.617,0.994,0.55,0.26,0.263,0.99,0.148,0.796,0.26,0.668,0.977,0.777,0.785,0.865,0.417,0.535,0.989,0.468,0.737,0.107,0.136,0.48,0.859,0.837,0.454,0.477,0.12,0.227,0.603,0.474,0.698,0.248,0.22,0.296,0.822,0.348,0.153,0.272,0.699,0.748,0.318,0.183,0.806,0.247,0.279,0.935,0.304,0.068,0.991,0.906,0.054,0.975,0.997,0.458,0.682,0.433,0.197,0.801,0.45,0.066,0.565,0.834,0.415,0.795,0.822,0.163,0.414,0.272,0.393,0.869,0.026,0.934,0.358,0.647,0.78,0.785,0.127,0.712,0.933,0.593,0.705,0.477,0.353,0.426,0.292,0.806,0.338,0.313,0.316,0.808,0.323,0.617,0.172,0.958,0.265,0.684,0.372,0.696,0.731,0.719,0.081,0.02,0.891,0.752,0.819,0.456,0.687,0.684,0.246,0.025,0.266,0.588,0.154,0.972,0.372,0.089,0.276,0.115,0.859,0.264,0.545,0.007,0.231,0.509,0.3,0.88,0.78,0.671,0.124,0.028,0.265,0.875,0.212,0.55,0.537,0.997,0.858,0.643,0.345,0.798,0.601,0.292,0.79,0.555,0.099,0.985,0.658,0.558,0.409,0.69,0.393,0.633,0.777,0.576,0.022,0.985,0.314,0.929,0.464,0.377,0.274,0.668,0.53,0.352,0.383,0.399,0.065,0.864,0.482,0.921,0.174,0.589,0.534,0.494,0.939,0.528,0.749,0.638,0.632,0.369,0.142,0.677,0.668,0.912,0.922,0.371,0.057,0.494,0.646,0.739,0.394,0.605,0.883,0.914,0.774,0.531,0.769,0.509,0.631,0.728,0.726,0.139,0.726,0.712,0.673,0.082,0.241,0.745,0.46,0.28,0.107,0.219,0.734,0.736,0.739,0.495,0.482,0.528,0.155,0.436,0.11,0.948,0.58,0.299,0.753,0.274,0.856,0.785,0.711,0.768,0.446,0.751,0.888,0.205,0.585,0.09,0.629,0.744,0.605,0.598,0.763,0.904,0.52,0.034,0.196,0.612,0.515,0.958,0.353,0.249,0.927,0.409,0.301,0.438,0.557,0.465,0.187,0.846,0.169,0.51,0.701,0.121,0.995,0.639,0.01,0.229,0.753,0.371,0.629,0.768,0.945,0.292,0.096,0.57,0.858,0.691,0.168,0.922,0.029,0.182,0.158,0.568,0.316,0.357,0.693,0.906,0.604,0.647,0.698,0.348,0.576,0.976,0.08,0.111,0.843,0.583,0.703,0.283,0.201,0.251,0.782,0.253,0.309,0.739,0.748,0.84,0.912,0.308,0.572,0.443,0.163,0.009,0.713,0.82,0.897,0.086,0.901,0.358,0.151,0.005,0.298,0.398,0.707,0.272,0.585,0.348,0.66,0.315,0.42,0.459,0.388,0.789,0.187,0.72,0.337,0.399,0.963,0.784,0.842,0.841,0.928,0.169,0.643,0.263,0.916,0.237,0.262,0.177,0.909,0.825,0.143,0.63,0.692,0.711,0.182,0.697,0.222,0.209,0.224,0.818,0.973,0.746,0.503,0.812,0.756,0.354,0.009,0.905,0.54,0.574,0.013,0.225,0.563,0.199,0.864,0.395,0.079,0.434,0.64,0.581,0.705,0.896,0.706,0.363,0.808,0.054,0.555,0.78,0.901,0.94,0.883,0.533,0.736,0.533,0.998,0.043,0.663,0.014,0.063,0.492,0.885,0.667,0.709,0.299,0.5,0.648,0.791,0.512,0.996,0.032,0.132,0.489,0.637,0.401,0.436,0.213,0.716,0.659,0.07,0.147,0.99,0.499,0.581,0.315,0.718,0.498,0.489,0.386,0.332,0.016,0.32,0.56,0.277,0.683,0.023,0.618,0.785,0.877,0.19,0.155,0.935,0.086,0.02,0.266,0.685,0.995,0.267,0.953,0.885,0.041,0.091,0.014,0.519,0.749,0.823,0.93,0.803,0.111,0.518,0.386,0.917,0.829,0.719,0.965
2020-02-01 19:55:27,0.621,0.118,0.105,0.807,0.178,0.614,0.366,0.877,0.069,0.209,0.135,0.248,0.142,0.407,0.48,0.233,0.049,0.501,0.291,0.861,0.451,0.658,0.867,0.859,0.583,0.677,0.201,0.156,0.429,0.582,0.566,0.584,0.353,0.83,0.787,0.354,0.404,0.951,0.827,0.739,0.672,0.336,0.217,0.822,0.841,0.734,0.825,0.044,0.986,0.738,0.826,0.952,0.351,0.674,0.443,0.653,0.603,0.009,0.881,0.8,0.882,0.062,0.756,0.388,0.222,0.515,0.931,0.477,0.322,0.742,0.629,0.042,0.584,0.791,0.412,0.645,0.473,0.641,0.484,0.08,0.471,0.039,0.573,0.583,0.071,0.28,0.213,0.91,0.786,0.919,0.891,0.229,0.82,0.537,0.928,0.551,0.42,0.526,0.711,0.006,0.724,0.231,0.884,0.328,0.264,0.139,0.337,0.723,0.074,0.068,0.099,0.058,0.197,0.914,0.406,0.149,0.603,0.669,0.968,0.347,0.627,0.808,0.713,0.651,0.831,0.857,0.44,0.53,0.988,0.832,0.363,0.982,0.219,0.515,0.164,0.706,0.488,0.193,0.315,0.061,0.073,0.449,0.15,0.891,0.737,0.684,0.174,0.667,0.263,0.916,0.132,0.545,0.115,0.87,0.193,0.539,0.769,0.543,0.292,0.336,0.621,0.074,0.555,0.165,0.47,0.155,0.994,0.56,0.287,0.912,0.644,0.319,0.363,0.622,0.078,0.257,0.854,0.714,0.377,0.267,0.906,0.138,0.991,0.858,0.292,0.409,0.803,0.272,0.54,0.309,0.084,0.315,0.709,0.049,0.383,0.26,0.187,0.092,0.704,0.42,0.555,0.977,0.16,0.089,0.248,0.943,0.295,0.775,0.728,0.894,0.415,0.814,0.684,0.782,0.096,0.77,0.106,0.279,0.524,0.998,0.881,0.055,0.344,0.568,0.414,0.27,0.048,0.518,0.965,0.899,0.952,0.221,0.183,0.805,0.563,0.63,0.394,0.002,0.634,0.493,0.187,0.995,0.213,0.835,0.593,0.238,0.169,0.681,0.067,0.415,0.297,0.893,0.088,0.069,0.226,0.594,0.07,0.201,0.316,0.301,0.867,0.858,0.579,0.42,0.461,0.784,0.334,0.944,0.453,0.197,0.911,0.798,0.646,0.443,0.865,0.254,0.298,0.886,0.54,0.738,0.499,0.222,0.388,0.391,0.691,0.426,0.057,0.732,0.424,0.349,0.862,0.033,0.689,0.842,0.138,0.151,0.15,0.139,0.926,0.815,0.917,0.849,0.189,0.557,0.372,0.615,0.47,0.566,0.676,0.454,0.232,0.808,0.279,0.164,0.865,0.503,0.809,0.96,0.807,0.819,0.162,0.784,0.295,0.134,0.099,0.101,0.128,0.073,0.079,0.848,0.858,0.351,0.698,0.379,0.792,0.97,0.895,0.316,0.586,0.384,0.602,0.792,0.6,0.475,0.575,0.847,0.656,0.819,0.738,0.064,0.172,0.333,0.216,0.297,0.845,0.614,0.325,0.016,0.371,0.687,0.532,0.236,0.503,0.367,0.868,0.036,0.084,0.888,0.811,0.237,0.553,0.461,0.293,0.515,0.923,0.386,0.961,0.57,0.261,0.553,0.895,0.274,0.503,0.3,0.59,0.872,0.288,0.024,0.622,0.677,0.686,0.064,0.372,0.478,0.882,0.039,0.599,0.74,0.514,0.762,0.536,0.492,0.326,0.754,0.857,0.96,0.257,0.999,0.608,0.062,0.135,0.238,0.079,0.264,0.481,0.495,0.887,0.971,0.661,0.727,0.493,0.545,0.349,0.264,0.507,0.165,0.12,0.76,0.806,0.596,0.544,0.955,0.743,0.924,0.374,0.46,0.869,0.906,0.635,0.446,0.313,0.545,0.481,0.427,0.953,0.877,0.72,0.151,0.051,0.021,0.29,0.942,0.636,0.786,0.689,0.614,0.214,0.64,0.424,0.136,0.98,0.62,0.349,0.049,0.52,0.886,0.077,0.67,0.053,0.682,0.743,0.659,0.348,0.912,0.94,0.099,0.442,0.339,0.851,0.74,0.845,0.317,0.038,0.602,0.076,0.891,0.462,0.701,0.668,0.732,0.394,0.718,0.561,0.236,0.613,0.647,0.221,0.637,0.707,0.523,0.204,0.488,0.716,0.459,0.558,0.447,0.267,0.507,0.181,0.91,0.155,0.956
2020-02-01 19:55:27,0.266,0.145,0.717,0.556,0.721,0.553,0.735,0.796,0.353,0.068,0.15,0.073,0.756,0.591,0.18,0.564,0.952,0.194,0.65,0.641,0.254,0.169,0.268,0.315,0.148,0.461,0.392,0.394,0.382,0.255,0.929,0.732,0.581,0.604,0.509,0.027,0.995,0.458,0.325,0.807,0.848,0.784,0.959,0.586,0.137,0.109,0.867,0.471,0.023,0.062,0.791,0.042,0.561,0.936,0.69,0.732,0.395,0.676,0.898,0.715,0.823,0.3,0.702,0.166,0.927,0.859,0.997,0.519,0.567,0.203,0.112,0.491,0.135,0.241,0.581,0.837,0.409,0.542,0.069,0.635,0.345,0.509,0.064,0.561,0.292,0.504,0.126,0.166,0.296,0.703,0.286,0.927,0.792,0.661,0.225,0.904,0.018,0.249,0.187,0.702,0.312,0.926,0.095,0.343,0.456,0.066,0.702,0.035,0.662,0.053,0.196,0.316,0.986,0.032,0.61,0.584,0.795,0.646,0.102,0.214,0.448,0.243,0.379,0.345,0.107,0.762,0.782,0.556,0.297,0.86,0.782,0.944,0.402,0.817,0.566,0.791,0.147,0.232,0.904,0.512,0.123,0.834,0.774,0.533,0.739,0.334,0.409,0.262,0.95,0.976,0.033,0.921,0.396,0.539,0.123,0.34,0.348,0.726,0.169,0.536,0.702,0.411,0.87,0.821,0.166,0.858,0.523,0.757,0.379,0.185,0.344,0.892,0.769,0.922,0.583,0.275,0.716,0.461,0.228,0.661,0.469,0.576,0.28,0.53,0.305,0.475,0.81,0.781,0.443,0.464,0.099,0.696,0.682,0.136,0.129,0.299,0.959,0.711,0.15,0.132,0.618,0.678,0.428,0.936,0.839,0.654,0.667,0.885,0.9,0.893,0.808,0.151,0.766,0.315,0.228,0.607,0.233,0.77,0.726,0.626,0.715,0.24,0.81,0.483,0.847,0.239,0.328,0.849,0.92,0.352,0.766,0.477,0.416,0.871,0.008,0.782,0.508,0.601,0.404,0.026,0.907,0.411,0.65,0.544,0.903,0.435,0.198,0.537,0.899,0.116,0.901,0.763,0.048,0.847,0.701,0.368,0.668,0.303,0.243,0.769,0.003,0.16,0.455,0.678,0.736,0.021,0.692,0.672,0.603,0.048,0.453,0.489,0.798,0.547,0.047,0.373,0.265,0.151,0.691,0.65,0.008,0.414,0.586,0.55,0.665,0.186,0.028,0.768,0.705,0.358,0.597,0.876,0.367,0.122,0.932,0.493,0.951,0.218,0.142,0.579,0.062,0.317,0.893,0.79,0.772,0.989,0.308,0.535,0.275,0.214,0.477,0.945,0.442,0.089,0.867,0.349,0.406,0.849,0.833,0.818,0.496,0.22,0.553,0.054,0.943,0.751,0.262,0.975,0.202,0.646,0.626,0.648,0.961,0.296,0.509,0.763,0.287,0.567,0.481,0.335,0.61,0.324,0.799,0.878,0.549,0.567,0.86,0.178,0.921,0.126,0.416,0.081,0.436,0.336,0.275,0.788,0.809,0.406,0.74,0.313,0.22,0.357,0.136,0.733,0.33,0.172,0.447,0.343,1.0,0.531,0.446,0.426,0.74,0.856,0.778,0.884,0.196,0.974,0.821,0.066,0.675,0.494,0.984,1.0,0.68,0.331,0.685,0.575,0.615,0.936,0.552,0.306,0.129,0.511,0.674,0.559,0.565,0.122,0.393,0.19,0.953,0.709,0.939,0.28,0.478,0.098,0.48,0.31,0.73,0.861,0.873,0.859,0.304,0.017,0.723,0.27,0.991,0.858,0.791,0.997,0.005,0.662,0.346,0.759,0.854,0.67,0.482,0.966,0.688,0.632,0.832,0.176,0.993,0.777,0.047,0.065,0.218,0.246,0.353,0.723,0.23,0.629,0.699,0.891,0.093,0.66,0.758,0.141,0.044,0.58,0.74,0.714,0.755,0.836,0.228,0.603,0.83,0.395,0.971,0.488,0.396,0.296,0.433,0.034,0.301,0.605,0.23,0.466,0.973,0.684,0.463,0.611,0.196,0.504,0.699,0.13,0.235,0.009,0.584,0.527,0.489,0.018,0.391,0.027,0.497,0.798,0.486,0.71,0.241,0.817,0.536,0.138,0.479,0.646,0.49,0.419,0.402,0.948,0.852,0.973,0.402,0.92,0.344,0.34,0.328,0.836,0.48,0.786,0.318,0.644,0.836,0.35
2020-02-01 19:55:27,0.129,0.465,0.731,0.585,0.033,0.994,0.275,0.003,0.632,0.139,0.982,0.938,0.692,0.121,0.844,0.684,0.051,0.823,0.792,0.861,0.382,0.847,0.816,0.375,0.589,0.221,0.066,0.704,0.064,0.007,0.521,0.898,0.537,0.572,0.826,0.625,0.238,0.387,0.041,0.545,0.26,0.681,0.516,0.996,0.977,0.38,0.465,0.57,0.142,0.767,0.218,0.195,0.2,0.018,0.202,0.46,0.499,0.585,0.349,0.5,0.353,0.764,0.665,0.772,0.867,0.68,0.721,0.308,0.457,0.246,0.228,0.038,0.184,0.157,0.005,0.77,0.66,0.253,0.597,0.327,0.366,0.316,0.661,0.641,0.333,0.538,0.302,0.492,0.148,0.14,0.819,0.061,0.339,0.591,0.119,0.908,0.527,0.2,0.769,0.821,0.816,0.932,0.496,0.481,0.753,0.779,0.142,0.729,0.289,0.468,0.101,0.268,0.286,0.676,0.462,0.26,0.338,0.605,0.629,0.005,0.821,0.467,0.685,0.489,0.888,0.717,0.579,0.026,0.65,0.461,0.05,0.155,0.134,0.031,0.058,0.715,0.681,0.629,0.968,0.927,0.997,0.38,0.061,0.504,0.17,0.635,0.573,0.795,0.433,0.392,0.697,0.858,0.637,0.441,0.151,0.818,0.78,0.153,0.846,0.77,0.573,0.724,0.95,0.867,0.021,0.029,0.316,0.781,0.489,0.984,0.156,0.701,0.469,0.593,0.147,0.017,0.439,0.437,0.191,0.244,0.663,0.611,0.972,0.798,0.114,0.555,0.579,0.597,0.431,0.38,0.53,0.58,0.352,0.495,0.283,0.892,0.389,0.563,0.415,0.423,0.751,0.839,0.945,0.494,0.089,0.72,0.274,0.334,0.63,0.767,0.164,0.254,0.689,0.083,0.603,0.719,0.462,0.791,0.414,0.703,0.457,0.022,0.067,0.279,0.596,0.941,0.872,0.771,0.923,0.832,0.36,0.658,0.563,0.698,0.321,0.908,0.108,0.419,0.811,0.064,0.644,0.622,0.925,0.863,0.521,0.581,0.759,0.67,0.016,0.808,0.357,0.072,0.486,0.9,0.172,0.714,0.611,0.825,0.898,0.303,0.647,0.457,0.019,0.846,0.72,0.925,0.861,0.721,0.152,0.623,0.595,0.661,0.109,0.084,0.996,0.693,0.403,0.559,0.781,0.561,0.14,0.861,0.404,0.288,0.242,0.994,0.782,0.379,0.576,0.073,0.87,0.508,0.713,0.741,0.426,0.768,0.976,0.891,0.497,0.293,0.796,0.058,0.233,0.496,0.538,0.778,0.908,0.456,0.196,0.149,0.196,0.294,0.403,0.935,0.307,0.989,0.523,0.879,0.329,0.255,0.704,0.72,0.539,0.233,0.389,0.108,0.098,0.558,0.832,0.71,0.942,0.481,0.598,0.966,0.349,0.626,0.02,0.717,0.288,0.324,0.052,0.081,0.143,0.364,0.394,0.754,0.653,0.06,0.965,0.042,0.256,0.855,0.394,0.438,0.817,0.466,0.012,0.218,0.637,0.918,0.259,0.557,0.228,0.156,0.747,0.985,0.613,0.753,0.635,0.544,0.137,0.812,0.291,0.021,0.74,0.125,0.112,0.95,0.19,0.171,0.34,0.453,0.69,0.991,0.218,0.644,0.208,0.764,0.084,0.155,0.659,0.226,0.492,0.328,0.394,0.069,0.656,0.551,0.208,0.166,0.194,0.578,0.775,0.356,0.583,0.705,0.742,0.606,0.538,0.717,0.008,0.826,0.497,0.136,0.567,0.17,0.902,0.937,0.726,0.489,0.431,0.501,0.669,0.148,0.221,0.285,0.078,0.106,0.452,0.878,0.802,0.259,0.578,0.518,0.287,0.649,0.563,0.056,0.091,0.111,0.141,0.944,0.871,0.852,0.537,0.869,0.376,0.744,0.864,0.626,0.717,0.601,0.677,0.357,0.211,0.525,0.812,0.576,0.104,0.739,0.028,0.824,0.027,0.383,0.698,0.154,0.724,0.404,0.579,0.349,0.674,0.038,0.075,0.935,0.706,0.848,0.85,0.929,0.434,0.319,0.756,0.997,0.397,0.602,0.606,0.19,0.099,0.575,0.664,0.125,0.682,0.439,0.663,0.417,0.077,0.339,0.035,0.584,0.237,0.135,0.493,0.067,0.791,0.462,0.685,0.848,0.445,0.326,0.75,0.603,0.901,0.063
2020-02-01 19:55:27,0.675,0.618,0.169,0.964,0.275,0.035,0.844,0.477,0.076,0.115,0.46,0.243,0.385,0.873,0.838,0.041,0.468,0.601,0.581,0.02,0.562,0.516,0.521,0.872,0.842,0.87,0.901,0.917,0.826,0.214,0.255,0.3,0.627,0.507,0.399,0.171,0.067,0.572,0.44,0.861,0.321,0.849,0.874,0.324,0.93,0.801,0.079,0.005,0.69,0.316,0.467,0.162,0.376,0.298,0.828,0.345,0.582,0.602,0.693,0.944,0.171,0.665,0.413,0.495,0.185,0.749,0.601,0.24,0.972,0.025,0.307,0.219,0.976,0.482,0.994,0.324,0.5,0.742,0.743,0.809,0.468,0.436,0.821,0.233,0.342,0.18,0.415,0.422,0.194,0.409,0.776,0.388,0.933,0.273,0.52,0.888,0.553,0.766,0.455,0.121,0.695,0.126,0.894,1.0,0.923,0.04,0.769,0.164,0.833,0.033,0.24,0.315,0.906,0.346,0.364,0.644,0.077,0.752,0.951,0.499,0.643,0.387,0.608,0.405,0.278,0.862,0.889,0.483,0.045,0.054,0.696,0.068,0.074,0.506,0.691,0.158,0.316,0.167,0.93,0.717,0.833,0.991,0.221,0.542,0.861,0.493,0.619,0.48,0.802,0.1,0.298,0.71,0.025,0.309,0.379,0.933,0.399,1.0,0.514,0.304,0.299,0.129,0.32,0.414,0.986,0.439,0.763,0.83,0.513,0.305,0.023,0.481,0.688,0.97,0.808,0.763,0.771,0.695,0.857,0.915,0.22,0.379,0.068,0.501,0.92,0.596,0.516,0.26,0.509,0.028,0.733,0.372,0.485,0.032,0.704,0.632,0.439,0.341,0.034,0.356,0.507,0.57,0.138,0.403,0.233,0.569,0.708,0.099,0.394,0.817,0.261,0.728,0.918,0.314,0.837,0.581,0.474,0.822,0.925,0.753,0.222,0.16,0.476,0.811,0.283,0.08,0.862,0.189,0.624,0.047,0.779,0.487,0.46,0.762,0.182,0.699,0.803,0.218,0.306,0.47,0.356,0.933,0.301,0.71,0.768,0.083,0.944,0.813,0.613,0.343,0.598,0.36,0.697,0.189,0.976,0.53,0.837,0.41,0.444,0.339,0.35,0.314,0.991,0.829,0.608,0.088,0.528,0.301,0.213,0.167,0.238,0.026,0.561,0.333,0.575,0.724,0.776,0.191,0.35,0.323,0.172,0.501,0.132,0.775,0.204,0.165,0.697,0.884,0.007,0.545,0.118,0.626,0.07,0.722,0.069,0.395,0.595,0.205,0.391,0.191,0.453,0.345,0.272,0.941,0.06,0.717,0.716,0.205,0.554,0.154,0.192,0.523,0.249,0.896,0.765,0.552,0.135,0.267,0.122,0.365,0.633,0.774,0.692,0.023,0.62,0.506,0.84,0.474,0.684,0.422,0.045,0.629,0.735,0.096,0.364,0.049,0.919,0.546,0.723,0.784,0.873,0.995,0.445,0.751,0.421,0.838,0.629,0.484,0.958,0.015,0.772,0.887,0.419,0.497,0.05,0.224,0.709,0.333,0.133,0.125,0.31,0.933,0.85,0.349,0.798,0.82,0.759,0.01,0.053,0.161,0.78,0.869,0.267,0.663,0.33,0.638,0.844,0.138,0.014,0.419,0.588,0.057,0.614,0.212,0.496,0.31,0.563,0.916,0.708,0.379,0.37,0.962,0.457,0.768,0.691,0.407,0.72,0.627,0.463,0.122,0.101,0.504,0.647,0.234,0.691,0.755,0.224,0.377,0.404,0.468,0.02,0.033,0.02,0.252,0.544,0.397,0.604,0.437,0.702,0.65,0.177,0.1,0.778,0.896,0.047,0.815,0.517,0.745,0.299,0.018,0.012,0.02,0.063,0.15,0.463,0.837,0.066,0.14,0.98,0.052,0.628,0.778,0.454,0.281,0.121,0.175,0.803,0.363,0.381,0.811,0.835,0.349,0.749,0.278,0.272,0.345,0.479,0.578,0.574,0.699,0.22,0.284,0.09,0.572,0.717,0.455,0.63,0.861,0.468,0.092,0.669,0.939,0.34,0.885,0.261,0.152,0.241,0.648,0.448,0.562,0.687,0.695,0.066,0.976,0.539,0.581,0.125,0.701,0.086,0.589,0.231,0.226,0.43,0.82,0.026,0.741,0.016,0.225,0.448,0.46,0.3,0.697,0.334,0.429,0.514,0.08,0.354,0.351,0.325,0.29,0.482,0.613
2020-02-01 19:55:27,0.54,0.273,0.703,0.562,0.486,0.825,0.39,0.606,0.215,0.792,0.514,0.742,0.608,0.626,0.202,0.407,0.257,0.417,0.791,0.329,0.467,0.153,0.8,0.069,0.41,0.978,0.067,0.862,0.556,0.113,0.867,0.71,0.141,0.482,0.864,0.465,0.339,0.839,0.367,0.803,0.296,0.112,0.529,0.876,0.918,0.001,0.1,0.247,0.332,0.899,0.462,0.03,0.223,0.105,0.865,0.6,0.217,0.674,0.296,0.31,0.495,0.922,0.058,0.933,0.739,0.921,0.584,0.317,0.673,0.677,0.55,0.586,0.427,0.155,0.386,0.392,0.766,0.302,0.229,0.578,0.596,0.901,0.425,0.732,0.525,0.294,0.303,0.874,0.621,0.096,0.764,0.704,0.687,0.629,0.612,0.398,0.681,0.12,0.634,0.426,0.259,0.289,0.886,0.748,0.401,0.365,0.918,0.493,0.069,0.503,0.592,0.911,0.012,0.62,0.409,0.121,0.117,0.719,0.542,0.693,0.414,0.732,0.547,0.379,0.183,0.603,0.53,0.883,0.529,0.595,0.194,0.818,0.503,0.384,0.771,0.66,0.925,0.844,0.427,0.344,0.826,0.83,0.55,0.438,0.566,0.913,0.832,0.996,0.489,0.679,0.515,0.672,0.248,0.416,0.694,0.533,0.682,0.94,0.959,0.858,0.112,0.607,0.607,0.86,0.535,0.623,0.148,0.301,0.21,0.098,0.043,0.288,0.93,0.427,0.249,0.814,0.133,0.387,0.337,0.727,0.297,0.88,0.556,0.204,0.498,0.873,0.314,0.271,0.319,0.764,0.297,0.302,0.093,0.258,0.177,0.136,0.802,0.096,0.602,0.593,0.206,0.13,0.918,0.132,0.611,0.62,0.02,0.608,0.977,0.355,0.142,0.5,0.301,0.621,0.442,0.426,0.357,0.202,0.494,0.602,0.5,0.08,0.373,0.2,0.178,0.215,0.463,0.865,0.847,0.967,0.59,0.197,0.224,0.113,0.689,0.715,0.192,0.332,0.716,0.468,0.752,0.044,0.726,0.07,0.59,0.737,0.188,0.724,0.925,0.392,0.23,0.402,0.543,0.976,0.745,0.052,0.555,0.749,0.174,0.086,0.475,0.422,0.447,0.284,0.217,0.264,0.775,0.976,0.913,0.662,0.829,0.977,0.804,0.347,0.125,0.084,0.055,0.751,0.384,0.501,0.356,0.169,0.232,0.499,0.777,0.595,0.223,0.584,0.704,0.089,0.2,0.792,0.575,0.001,0.492,0.912,0.551,0.634,0.887,0.974,0.62,0.711,0.704,0.679,0.265,0.074,0.026,0.333,0.771,0.708,0.078,0.212,0.156,0.623,0.831,0.999,0.684,0.14,0.507,0.211,0.402,0.317,0.553,0.228,0.81,0.598,0.825,0.062,0.814,0.922,0.29,0.577,0.928,0.982,0.025,0.969,0.57,0.587,0.739,0.252,0.336,0.407,0.705,0.732,0.888,0.33,0.082,0.99,0.806,0.711,0.598,0.187,0.857,0.093,0.488,0.762,0.53,0.29,0.658,0.433,0.951,0.83,0.647,0.247,0.193,0.633,0.354,0.321,0.593,0.544,0.754,0.846,0.449,0.255,0.368,0.795,0.042,0.433,0.851,0.696,0.452,0.2,0.048,0.091,0.466,0.622,0.538,0.585,0.553,0.036,0.262,0.366,0.91,0.261,0.372,0.077,0.882,0.655,0.51,0.237,0.714,0.01,0.017,0.594,0.086,0.43,0.041,0.554,0.418,0.397,0.342,0.172,0.316,0.32,0.571,0.601,0.76,0.618,0.337,0.599,0.335,0.434,0.108,0.845,0.67,0.94,0.804,0.103,0.349,0.324,0.976,0.424,0.283,0.988,0.571,0.919,0.025,0.333,0.306,0.912,0.68,0.375,0.202,0.186,0.064,0.691,0.275,0.298,0.134,0.453,0.078,0.259,0.413,0.489,0.649,0.995,0.939,0.689,0.776,0.672,0.306,0.286,0.632,0.086,0.559,0.146,0.775,0.011,0.023,0.385,0.195,0.083,0.695,0.235,0.449,0.376,0.751,0.066,0.878,0.31,0.383,0.052,0.113,0.252,0.772,0.67,0.194,0.239,0.93,0.952,0.355,0.189,0.927,0.915,0.907,0.803,0.893,0.767,0.821,0.022,0.96,0.927,0.866,0.589,0.001,0.807,0.986,0.095,0.169,0.509,0.862,0.306
2020-02-01 19:55:27,0.188,0.27,0.042,0.36,0.959,0.167,0.3,0.706,0.194,0.462,0.795,0.242,0.059,0.688,0.177,0.933,0.714,0.548,0.701,0.882,0.481,0.435,0.687,0.6,0.045,0.919,0.406,0.7,0.21,0.92,0.841,0.247,0.041,0.17,0.468,0.495,0.706,0.319,0.768,0.395,0.603,0.297,0.829,0.515,0.238,0.326,0.694,0.463,0.689,0.832,0.211,0.503,0.493,0.557,0.626,0.617,0.533,0.672,0.919,0.802,0.126,0.425,0.721,0.839,0.895,0.335,0.823,0.481,0.752,0.089,0.136,0.686,0.336,0.657,0.268,0.698,0.118,0.018,0.311,0.918,0.051,0.067,0.438,0.05,0.307,0.186,0.891,0.153,0.767,0.366,0.984,0.576,0.807,0.113,0.963,0.156,0.784,0.155,0.649,0.778,0.741,0.301,0.336,0.925,0.95,0.844,0.015,0.343,0.355,0.884,0.883,0.564,0.063,0.614,0.821,0.887,0.493,0.488,0.926,0.46,0.266,0.671,0.212,0.779,0.919,0.444,0.608,0.206,0.11,0.773,0.295,0.732,0.765,0.606,0.305,0.762,0.331,0.593,0.932,0.411,0.548,0.27,0.065,0.513,0.358,0.139,0.778,0.18,0.218,0.46,0.357,0.668,0.453,0.777,0.161,0.317,0.157,0.955,0.04,0.46,0.544,0.3,0.616,0.195,0.099,0.636,0.311,0.589,0.795,0.323,0.335,0.339,0.635,0.931,0.838,0.553,0.449,0.14,0.559,0.794,0.012,0.017,0.682,0.563,0.439,0.672,0.837,0.043,0.327,0.343,0.914,0.48,0.074,0.59,0.37,0.058,0.097,0.858,0.018,0.627,0.146,0.198,0.887,0.766,0.708,0.298,0.691,0.947,0.811,0.753,0.61,0.088,0.814,0.835,0.977,0.472,0.627,0.637,0.574,0.359,0.541,0.495,0.935,0.824,0.369,0.422,0.41,0.777,0.559,0.144,0.366,0.257,0.93,0.733,0.793,0.569,0.512,0.988,0.364,0.841,0.15,0.47,0.081,0.574,0.355,0.425,0.896,0.678,0.946,0.21,0.798,0.484,0.879,0.051,0.432,0.731,0.092,0.464,0.725,0.219,0.167,0.172,0.852,0.345,0.247,0.286,0.866,0.441,0.756,0.12,0.361,0.257,0.624,0.676,0.795,0.177,0.151,0.764,0.452,0.857,0.197,0.549,0.104,0.828,0.373,0.253,0.163,0.455,0.217,0.968,0.303,0.581,0.834,0.477,0.68,0.217,0.76,0.616,0.851,0.673,0.792,0.899,0.692,0.288,0.981,0.43,0.777,0.758,0.182,0.865,0.138,0.481,0.101,0.991,0.166,0.703,0.903,0.193,0.134,0.082,0.853,0.934,0.908,0.203,0.555,0.602,0.323,0.574,0.486,0.175,0.217,0.306,0.122,0.146,0.953,0.047,0.616,0.121,0.689,0.633,0.827,0.772,0.732,0.293,0.985,0.632,0.158,0.425,0.134,0.893,0.938,0.049,0.096,0.508,0.425,0.256,0.071,0.09,0.51,0.868,0.088,0.74,0.015,0.129,0.68,0.517,0.91,0.198,0.064,0.4,0.864,0.788,0.987,0.57,0.231,0.108,0.894,0.52,0.23,0.69,0.884,0.815,0.396,0.109,0.293,0.559,0.631,0.968,0.576,0.529,0.547,0.322,0.73,0.229,0.517,0.668,0.4,0.706,0.104,0.729,0.622,0.326,0.574,0.655,0.63,0.308,0.46,0.292,0.82,0.727,0.769,0.713,0.009,0.222,0.038,0.092,0.274,0.272,0.462,0.095,0.701,0.232,0.798,0.218,0.198,0.451,0.571,0.274,0.91,0.198,0.634,0.905,0.573,0.345,0.142,0.906,0.307,0.449,0.41,0.294,0.611,0.542,0.911,0.561,0.631,0.926,0.451,0.649,0.565,0.379,0.587,0.981,0.583,0.125,0.833,0.155,0.644,0.462,0.776,0.288,0.976,0.058,0.823,0.999,0.073,0.65,0.692,0.175,0.453,0.451,0.207,0.524,0.148,0.482,0.237,0.017,0.931,0.728,0.121,0.742,0.056,0.382,0.653,0.885,0.579,0.701,0.413,0.503,0.785,0.406,0.663,0.76,0.02,0.539,0.312,0.918,0.969,0.907,0.625,0.035,0.403,0.33,0.987,0.114,0.144,0.092,0.903,0.516,0.76,0.752,0.656,0.393
2020-02-01 19:55:27,0.275,0.168,0.76,0.145,0.034,0.706,0.11,0.198,0.757,0.513,0.343,0.792,0.992,0.009,0.071,0.466,0.196,0.558,0.228,0.536,0.285,0.099,0.765,0.666,0.365,0.119,0.961,0.859,0.286,0.427,0.656,0.104,0.294,0.261,0.043,0.815,0.854,0.643,0.637,0.206,0.126,0.848,0.429,0.988,0.208,0.855,0.765,0.857,0.7,0.814,0.731,0.984,0.372,0.014,0.463,0.096,0.585,0.523,0.732,0.066,0.716,0.365,0.143,0.223,0.68,0.606,0.505,0.695,0.318,0.716,0.867,0.759,0.615,0.345,0.515,0.946,0.621,0.672,0.367,0.38,0.296,0.582,0.126,0.353,0.881,0.265,0.9,0.345,0.227,0.255,0.054,0.299,0.117,0.619,0.468,0.635,0.824,0.338,0.463,0.855,0.606,0.621,0.519,0.109,0.718,0.367,0.227,0.744,0.512,0.385,0.015,0.121,0.588,0.485,0.365,0.291,0.519,0.718,0.346,0.909,0.962,0.705,0.807,0.893,0.883,0.923,0.0,0.806,0.171,0.115,0.279,0.21,0.077,0.998,0.518,0.676,0.009,0.558,0.33,0.207,0.641,0.56,0.696,0.568,0.717,0.082,0.559,0.31,0.601,0.697,0.445,0.491,0.626,0.099,0.233,0.728,0.95,0.696,0.282,0.326,0.093,0.228,0.242,0.429,0.29,0.883,0.893,0.182,0.058,0.403,0.492,0.687,0.441,0.795,0.885,0.471,0.846,0.514,0.384,0.507,0.465,0.525,0.983,0.63,0.116,0.973,0.226,0.054,0.993,0.056,0.686,0.234,0.864,0.47,0.423,0.307,0.59,0.297,0.691,0.991,0.18,0.812,0.84,0.161,0.303,0.955,0.177,0.994,0.116,0.394,0.942,0.741,0.323,0.694,0.074,0.593,0.444,0.232,0.884,0.201,0.873,0.863,0.503,0.044,0.406,0.871,0.947,0.773,0.226,0.04,0.533,0.12,0.989,0.199,0.343,0.865,0.434,0.841,0.293,0.131,0.744,0.167,0.724,0.162,0.423,0.84,0.418,0.025,0.818,0.038,0.593,0.022,0.2,0.378,0.631,0.356,0.072,0.682,0.704,0.825,0.179,0.611,0.994,0.426,0.158,0.886,0.762,0.966,0.607,0.331,0.214,0.413,0.699,0.179,0.059,0.657,0.1,0.422,0.979,0.03,0.673,0.94,0.143,0.247,0.267,0.389,0.185,0.027,0.247,0.346,0.252,0.184,0.133,0.184,0.475,0.893,0.335,0.299,0.476,0.497,0.267,0.593,0.717,0.224,0.818,0.689,0.214,0.273,0.613,0.936,0.559,0.985,0.093,0.638,0.254,0.311,0.049,0.538,0.071,0.739,0.259,0.988,0.355,0.136,0.08,0.139,0.791,0.724,0.612,0.047,0.219,0.884,0.395,0.076,0.02,0.856,0.803,0.714,0.223,0.241,0.089,0.537,0.59,0.75,0.264,0.104,0.313,0.678,0.914,0.614,0.89,0.417,0.124,0.282,0.048,0.192,0.105,0.872,0.024,0.282,0.485,0.881,0.645,0.564,0.392,0.896,0.932,0.205,0.383,0.606,0.836,0.52,0.965,0.409,0.525,0.016,0.082,0.486,0.709,0.703,0.863,0.135,0.77,0.298,0.359,0.803,0.94,0.688,0.701,0.709,0.157,0.735,0.727,0.45,0.237,0.694,0.73,0.823,0.98,0.088,0.519,0.295,0.264,0.612,0.246,0.329,0.728,0.256,0.346,0.594,0.667,0.344,0.637,0.99,0.599,0.858,0.162,0.868,0.055,0.402,0.777,0.743,0.583,0.08,0.224,0.908,0.129,0.274,0.139,0.008,0.83,0.451,0.155,0.698,0.947,0.567,0.26,0.195,0.863,0.809,0.467,0.663,0.296,0.532,0.305,0.475,0.944,0.732,0.939,0.065,0.247,0.62,0.175,0.432,0.303,0.134,0.317,0.299,0.504,0.914,0.149,0.254,0.784,0.78,0.034,0.858,0.862,0.581,0.081,0.165,0.242,0.451,0.424,0.89,0.226,0.459,0.937,0.738,0.919,0.217,0.436,0.612,0.258,0.111,0.918,0.934,0.707,0.081,0.191,0.226,0.774,0.33,0.247,0.34,0.849,0.424,0.589,0.032,0.963,0.73,0.435,0.221,0.462,0.151,0.762,0.836,0.954,0.452,0.166,0.491,0.715,0.852
2020-02-01 19:55:27,0.248,0.365,0.074,0.567,0.948,0.141,0.821,0.169,0.075,0.503,0.116,0.074,0.506,0.205,0.893,0.725,0.976,0.696,0.264,0.751,0.102,0.801,0.485,0.017,0.547,0.578,0.464,0.987,0.507,0.362,0.383,0.196,0.491,0.17,0.773,0.111,0.779,0.567,0.116,0.857,0.793,0.435,0.488,0.327,0.663,0.854,0.659,0.541,0.693,0.539,0.117,0.401,0.189,0.263,0.882,0.823,0.419,0.889,0.67,0.084,0.16,0.718,0.995,0.754,0.882,0.162,0.619,0.521,0.243,0.06,0.476,0.231,0.962,0.262,0.474,0.391,0.882,0.725,0.42,0.498,0.853,0.551,0.315,0.71,0.476,0.098,0.428,0.059,0.628,0.419,0.363,0.87,0.348,0.581,0.429,0.4,0.955,0.912,0.291,0.045,0.633,0.039,0.747,0.786,0.153,0.367,0.509,0.271,0.444,0.913,0.64,0.898,0.026,0.356,0.327,0.867,0.918,0.072,0.717,0.332,0.778,0.29,0.29,0.461,0.915,0.863,0.483,0.654,0.691,0.23,0.916,0.99,0.372,0.81,0.749,0.553,0.356,0.926,0.086,0.279,0.712,0.947,0.566,0.236,0.454,0.504,0.113,0.647,0.216,0.142,0.456,0.467,0.213,0.841,0.83,0.729,0.456,0.738,0.492,0.845,0.814,0.461,0.717,0.64,0.306,0.663,0.516,0.711,0.707,0.967,0.18,0.805,0.352,0.632,0.858,0.99,0.021,0.186,0.11,0.362,0.265,0.07,0.051,0.987,0.471,0.626,0.286,0.572,0.059,0.213,0.236,0.581,0.182,0.466,0.431,0.172,0.692,0.44,0.859,0.218,0.374,0.852,0.591,0.176,0.599,0.658,0.026,0.159,0.805,0.985,0.026,0.804,0.195,0.648,0.344,0.991,0.418,0.643,0.291,0.182,0.199,0.875,0.392,0.925,0.879,0.234,0.962,0.232,0.587,0.996,0.715,0.271,0.505,0.804,0.933,0.699,0.481,0.904,0.298,0.006,0.864,0.306,0.257,0.451,0.817,0.863,0.272,0.124,0.541,0.004,0.794,0.464,0.721,0.95,0.653,0.625,0.788,0.14,0.901,0.457,0.686,0.672,0.473,0.74,0.212,0.897,0.538,0.112,0.163,0.942,0.536,0.325,0.117,0.009,0.365,0.23,0.937,0.471,0.857,0.014,0.334,0.465,0.356,0.123,0.492,0.659,0.869,0.114,0.547,0.163,0.756,0.209,0.784,0.43,0.934,0.527,0.52,0.452,0.617,0.37,0.134,0.238,0.553,0.295,0.776,0.114,0.525,0.375,0.735,0.228,0.461,0.918,0.016,0.687,0.74,0.876,0.776,0.474,0.101,0.529,0.547,0.871,0.473,0.283,0.606,0.075,0.374,0.587,0.715,0.364,0.766,0.963,0.378,0.507,0.609,0.082,0.963,0.022,0.59,0.034,0.006,0.068,0.773,0.532,0.668,0.901,0.849,0.004,0.313,0.621,0.738,0.7,0.138,0.145,0.105,0.945,0.352,0.276,0.08,0.882,0.78,0.5,0.231,0.809,0.215,0.619,0.689,0.424,0.121,0.676,0.715,0.484,0.773,0.953,0.077,0.055,0.129,0.285,0.441,0.331,0.568,0.032,0.349,0.487,0.601,0.49,0.993,0.102,0.107,0.571,0.445,0.133,0.194,0.048,0.487,0.792,0.664,0.101,0.742,0.049,0.548,0.98,0.693,0.941,0.576,0.508,0.184,0.508,0.454,0.396,0.154,0.33,0.598,0.792,0.567,0.91,0.624,0.003,0.617,0.988,0.941,0.289,0.301,0.632,0.419,0.827,0.161,0.01,0.466,0.107,0.068,0.495,0.981,0.985,0.806,0.886,0.14,0.402,0.188,0.775,0.763,0.683,0.724,0.989,0.719,0.109,0.94,0.803,0.216,0.076,0.5,0.877,0.116,0.005,0.869,0.233,0.882,0.081,0.756,0.572,0.861,0.556,0.839,0.075,0.336,0.211,0.605,0.867,0.405,0.951,0.988,0.093,0.301,0.002,0.776,0.785,0.518,0.449,0.986,0.004,0.177,0.797,0.986,0.94,0.187,0.064,0.144,0.676,0.054,0.277,0.792,0.707,0.616,0.809,0.111,0.383,0.421,0.187,0.339,0.207,0.556,0.256,0.096,0.543,0.585,0.045,0.953,0.934,0.388,0.73,0.216,0.011
2020-02-01 19:55:27,0.427,0.326,0.231,0.754,0.928,0.933,0.408,0.912,0.531,0.509,0.586,0.629,0.373,0.458,0.011,0.826,0.308,0.174,0.873,0.609,0.291,0.843,0.301,0.403,0.25,0.498,0.469,0.252,0.213,0.616,0.432,0.443,0.517,0.952,0.984,0.243,0.38,0.643,0.714,0.701,0.865,0.464,0.294,0.352,0.746,0.503,0.844,0.46,0.019,0.457,0.693,0.624,0.559,0.014,0.082,0.482,0.189,0.688,0.516,0.761,0.674,0.029,0.881,0.306,0.624,0.606,0.129,0.285,0.442,0.148,0.269,0.713,0.253,0.642,0.347,0.279,0.539,0.306,0.506,0.666,0.166,0.167,0.278,0.311,0.03,0.772,0.293,0.175,0.982,0.471,0.847,0.715,0.51,0.451,0.418,0.6,0.604,0.995,0.858,0.122,0.927,0.082,0.469,0.563,0.446,0.827,0.049,0.741,0.833,0.966,0.711,0.345,0.019,0.331,0.795,0.5,0.892,0.64,0.031,0.738,0.715,0.365,0.099,0.978,0.466,0.34,0.465,0.516,0.178,0.101,0.839,0.853,0.047,0.848,0.605,0.689,0.424,0.093,0.993,0.049,0.17,0.863,0.933,0.367,0.561,0.163,0.119,0.607,0.325,0.731,0.47,0.094,0.967,0.042,0.729,0.106,0.56,0.576,0.758,0.555,0.191,0.729,0.328,0.48,0.45,0.523,0.071,0.014,0.479,0.348,0.899,0.276,0.647,0.455,0.396,0.757,0.101,0.519,0.344,0.095,0.874,0.805,0.724,0.59,0.557,0.761,0.441,0.521,0.606,0.126,0.132,0.088,0.917,0.931,0.588,0.993,0.287,0.783,0.162,0.7,0.832,0.09,0.155,0.148,0.804,0.402,0.099,0.909,0.931,0.736,0.031,0.089,0.494,0.567,0.642,0.732,0.158,0.324,0.16,0.582,0.031,0.267,0.535,0.921,0.271,0.675,0.296,0.76,0.118,0.023,0.915,0.388,0.347,0.721,0.306,0.343,0.034,0.927,0.715,0.383,0.198,0.017,0.979,0.485,0.154,0.782,0.184,0.265,0.662,0.827,0.267,0.906,0.698,0.21,0.26,0.697,0.897,0.356,0.834,0.189,0.525,0.533,0.744,0.322,0.64,0.183,0.318,0.089,0.629,0.107,0.623,0.443,0.254,0.697,0.596,0.867,0.634,0.814,0.184,0.85,0.001,0.106,0.94,0.782,0.483,0.126,0.394,0.346,0.106,0.014,0.443,0.684,0.564,0.671,0.61,0.249,0.833,0.189,0.972,0.35,0.306,0.324,0.346,0.867,0.052,0.18,0.677,0.724,0.187,0.41,0.145,0.144,0.618,0.774,0.047,0.72,0.184,0.519,0.887,0.892,0.428,0.302,0.171,0.228,0.858,0.212,0.631,0.056,0.039,0.083,0.941,0.679,0.657,0.798,0.526,0.118,0.602,0.305,0.734,0.094,0.693,0.062,0.74,0.441,0.919,0.497,0.509,0.681,0.1,0.407,0.778,0.058,0.226,0.525,0.064,0.011,0.038,0.511,0.57,0.884,0.108,0.222,0.909,0.645,0.827,0.73,0.697,0.416,0.622,0.557,0.571,0.202,0.974,0.002,0.234,0.636,0.353,0.653,0.608,0.038,0.545,0.141,0.552,0.707,0.449,0.414,0.167,0.007,0.647,0.838,0.456,0.432,0.042,0.962,0.667,0.598,0.69,0.078,0.745,0.582,0.439,0.332,0.169,0.387,0.704,0.837,0.389,0.504,0.028,0.185,0.009,0.657,0.759,0.246,0.415,0.088,0.773,0.562,0.922,0.567,0.008,0.244,0.569,0.278,0.677,0.192,0.556,0.611,0.391,0.023,0.652,0.304,0.787,0.99,0.481,0.34,0.8,0.514,0.33,0.168,0.904,0.497,0.306,0.469,0.176,0.006,0.952,0.796,0.198,0.239,0.365,0.397,0.204,0.757,0.248,0.464,0.149,0.302,0.088,0.083,0.658,0.232,0.648,0.217,0.951,0.703,0.284,0.227,0.767,0.113,0.936,0.676,0.686,0.812,0.408,0.244,0.255,0.17,0.966,0.041,0.604,0.766,0.209,0.629,0.846,0.56,0.522,0.544,0.263,0.44,0.384,0.067,0.964,0.96,0.195,0.929,0.464,0.387,0.063,0.078,0.222,0.686,0.188,0.036,0.754,0.792,0.642,0.25,0.933,0.548,0.816,0.359
2020-02-01 19:55:27,0.514,0.23,0.803,0.791,0.403,0.534,0.464,0.844,0.379,0.655,0.548,0.609,0.567,0.85,0.908,0.209,0.7,0.449,0.045,0.791,0.682,0.581,0.623,0.948,0.823,0.96,0.345,0.643,0.314,0.958,0.613,0.374,0.035,0.743,0.579,0.004,0.196,0.047,0.822,0.979,0.686,0.188,0.96,0.846,0.377,0.055,0.416,0.123,0.556,0.102,0.392,0.16,0.104,0.804,0.18,0.763,0.351,0.526,0.035,0.793,0.388,0.133,0.374,0.044,0.986,0.747,0.428,0.761,0.684,0.915,0.16,0.202,0.102,0.023,0.967,0.623,0.65,0.443,0.452,0.83,0.539,0.724,0.443,0.929,0.931,0.566,0.329,0.393,0.623,0.325,0.991,0.08,0.218,0.837,0.094,0.581,0.442,0.941,0.604,0.25,0.219,0.046,0.772,0.442,0.338,0.745,0.6,0.831,0.233,0.443,0.75,0.873,0.839,0.623,0.408,0.532,0.588,0.193,0.924,0.208,0.368,0.095,0.016,0.175,0.049,0.233,0.685,0.855,0.618,0.35,0.542,0.707,0.261,0.935,0.892,0.993,0.06,0.107,0.624,0.934,0.866,0.729,0.876,0.119,0.27,0.087,0.955,0.431,0.82,0.801,0.308,0.747,0.96,0.038,0.141,0.094,0.744,0.945,0.74,0.734,0.243,0.901,0.806,0.409,0.132,0.357,0.014,0.629,0.661,0.209,0.038,0.301,0.592,0.372,0.321,0.413,0.54,0.146,0.164,0.615,0.653,0.683,0.883,0.419,0.593,0.945,0.322,0.545,0.947,0.155,0.174,0.818,0.618,0.417,0.925,0.882,0.829,0.119,0.898,0.181,0.107,0.079,0.076,0.322,0.917,0.138,0.37,0.57,0.688,0.169,0.748,0.821,0.337,0.599,0.389,0.565,0.758,0.835,0.228,0.448,0.946,0.477,0.124,0.341,0.041,0.533,0.61,0.133,0.124,0.913,0.861,0.335,0.75,0.413,0.596,0.787,0.109,0.799,0.76,0.629,0.955,0.17,0.068,0.683,0.01,0.93,0.347,0.121,0.24,0.196,0.231,0.849,0.637,0.799,0.792,0.665,0.883,0.65,0.966,0.638,0.848,0.333,0.84,0.159,0.851,0.533,0.888,0.054,0.974,0.195,0.217,0.576,0.935,0.302,0.792,0.323,0.015,0.948,0.845,0.832,0.379,0.194,0.27,0.007,0.809,0.55,0.917,0.4,0.832,0.582,0.189,0.898,0.125,0.137,0.386,0.266,0.691,0.045,0.963,0.611,0.871,0.143,0.172,0.636,0.245,0.028,0.961,0.053,0.524,0.722,0.695,0.336,0.077,0.307,0.01,0.941,0.615,0.582,0.467,0.549,0.843,0.972,0.499,0.24,0.441,0.726,0.083,0.144,0.408,0.671,0.309,0.856,0.575,0.507,0.006,0.285,0.533,0.958,0.286,0.472,0.92,0.734,0.481,0.247,0.78,0.354,0.09,0.548,0.248,0.752,0.192,0.262,0.718,0.963,0.38,0.722,0.907,0.574,0.484,0.112,0.216,0.136,0.525,0.426,0.949,0.108,0.188,0.48,0.549,0.817,0.821,0.673,0.469,0.282,0.25,0.444,0.162,0.268,0.744,0.2,0.217,0.035,0.303,0.419,0.236,0.083,0.546,0.857,0.454,0.217,0.843,0.9,0.941,0.756,0.243,0.97,0.36,0.575,0.638,0.951,0.09,0.361,0.41,0.398,0.006,0.292,0.138,0.621,0.628,0.045,0.752,0.344,0.495,0.131,0.334,0.383,0.829,0.259,0.904,0.22,0.233,0.685,0.756,0.906,0.895,0.542,0.954,0.134,0.639,0.469,0.48,0.125,0.582,0.711,0.208,0.539,0.83,0.052,0.444,0.213,0.083,0.639,0.646,0.846,0.343,0.348,0.61,0.554,0.372,0.489,0.083,0.358,0.784,0.427,0.682,0.394,0.773,0.857,0.903,0.283,0.611,0.24,0.232,0.295,0.021,0.324,0.974,0.256,0.892,0.402,0.057,0.869,0.619,0.255,0.38,0.043,0.846,0.448,0.186,0.169,0.122,0.73,0.402,0.929,0.088,0.12,0.673,0.691,0.641,0.455,0.988,0.993,0.733,0.697,0.367,0.673,0.957,0.143,0.136,0.269,0.354,0.847,0.921,0.117,0.663,0.065,0.362,0.363,0.666,0.49,0.527,0.544
2020-02-01 19:55:27,0.678,0.884,0.958,0.25,0.107,0.731,0.367,0.621,0.42,0.497,0.695,0.857,0.724,0.457,0.05,0.532,0.395,0.242,0.917,0.203,0.016,0.626,0.421,0.986,0.592,0.368,0.36,0.249,0.793,0.952,0.246,0.208,0.643,0.659,0.553,0.185,0.93,0.946,0.706,0.702,0.942,0.933,0.223,0.456,0.714,0.7,0.892,0.019,0.492,0.272,0.906,0.236,0.544,0.663,0.233,0.641,0.385,0.928,0.053,0.72,0.596,0.845,0.512,0.326,0.564,0.709,0.034,0.798,0.629,0.501,0.236,0.604,0.062,0.428,0.339,0.434,0.403,0.375,0.432,0.225,0.424,0.047,0.364,0.1,0.413,0.623,0.116,0.606,0.053,0.425,0.821,0.063,0.193,0.432,0.875,0.619,0.257,0.339,0.834,0.821,0.85,0.887,0.316,0.756,0.772,0.604,0.938,0.724,0.368,0.92,0.575,0.604,0.05,0.564,0.178,0.584,0.203,0.358,0.285,0.58,0.933,0.246,0.424,0.117,0.875,0.904,0.27,0.548,0.318,0.604,0.499,0.99,0.187,0.293,0.18,0.561,0.173,0.196,0.448,0.668,0.132,0.935,0.042,0.337,0.542,0.989,0.982,0.578,0.812,0.233,0.432,0.312,0.665,0.653,0.195,0.232,0.059,0.411,0.895,0.205,0.345,0.5,0.083,0.939,0.457,0.418,0.297,0.223,0.666,0.209,0.085,0.667,0.064,0.255,0.318,0.5,0.645,0.379,0.236,0.782,0.02,0.996,0.039,0.968,0.774,0.291,0.254,0.876,0.6,0.307,0.562,0.578,0.642,0.633,0.572,0.45,0.964,0.872,0.181,0.588,0.615,0.827,0.89,0.444,0.74,0.687,0.56,0.885,0.449,0.085,0.446,0.973,0.481,0.513,0.663,0.356,0.74,0.143,0.549,0.705,0.12,0.178,0.767,0.66,0.876,0.161,0.037,0.598,0.746,0.3,0.198,0.104,0.831,0.232,0.844,0.347,0.336,0.552,0.025,0.656,0.619,0.476,0.303,0.641,0.836,0.41,0.136,0.002,0.217,0.6,0.583,0.532,0.08,0.378,0.504,0.932,0.141,0.676,0.141,0.649,0.11,0.527,0.064,0.767,0.126,0.563,0.592,0.08,0.706,0.553,0.242,0.08,0.942,0.439,0.512,0.127,0.835,0.182,0.483,0.252,0.577,0.233,0.237,0.851,0.827,0.948,0.629,0.479,0.616,0.959,0.999,0.846,0.331,0.647,0.996,0.931,0.829,0.998,0.068,0.548,0.638,0.192,0.219,0.361,0.381,0.838,0.856,0.209,0.117,0.486,0.261,0.437,0.812,0.739,0.976,0.297,0.812,0.0,0.723,0.669,0.882,0.633,0.941,0.102,0.073,0.016,0.491,0.603,0.125,0.48,0.439,0.518,0.129,0.84,0.267,0.015,0.626,0.441,0.582,0.58,0.014,0.868,0.03,0.308,0.07,0.754,0.131,0.773,0.075,0.301,0.455,0.818,0.254,0.236,0.353,0.371,0.572,0.495,0.244,0.192,0.057,0.504,0.718,0.889,0.261,0.106,0.914,0.618,0.433,0.6,0.991,0.835,0.482,0.611,0.19,0.657,0.683,0.702,0.037,0.188,0.985,0.856,0.529,0.145,0.912,0.899,0.127,0.491,0.172,0.63,0.936,0.008,0.819,0.592,0.211,0.713,0.2,0.385,0.045,0.995,0.903,0.374,0.697,0.393,0.124,0.226,0.589,0.209,0.269,0.488,0.523,0.276,0.43,0.368,0.322,0.205,0.37,0.201,0.751,0.379,0.488,0.169,0.751,0.249,0.542,0.813,0.939,0.852,0.387,0.993,0.562,0.39,0.416,0.382,0.229,0.157,0.427,0.909,0.947,0.477,0.574,0.062,0.378,0.974,0.428,0.663,0.0,0.912,0.85,0.491,0.76,0.98,0.57,0.633,0.682,0.346,0.71,0.114,0.656,0.444,0.479,0.068,0.685,0.229,0.316,0.042,0.196,0.785,0.572,0.273,0.49,0.262,0.099,0.276,0.721,0.841,0.184,0.201,0.273,0.334,0.643,0.46,0.896,0.772,0.51,0.928,0.477,0.298,0.826,0.083,0.679,0.169,0.979,0.029,0.812,0.456,0.256,0.977,0.218,0.261,0.158,0.662,0.944,0.692,0.091,0.356,0.252,0.827,0.334,0.519,0.454,0.221
2020-02-01 19:55:27,0.728,0.522,0.071,0.296,0.235,0.457,0.587,0.226,0.209,0.884,0.414,0.856,0.806,0.104,0.928,0.219,0.492,0.203,0.122,0.048,0.751,0.963,0.575,0.241,0.36,0.718,0.46,0.337,0.183,0.127,0.24,0.456,0.588,0.997,0.341,0.143,0.611,0.892,0.333,0.509,0.123,0.477,0.977,0.357,0.654,0.938,0.069,0.107,0.133,0.033,0.155,0.806,0.895,0.911,0.073,0.454,0.569,0.985,0.677,0.583,0.783,0.472,0.568,0.374,0.303,0.519,0.997,0.324,0.919,0.138,0.357,0.77,0.339,0.821,0.257,0.208,0.96,0.781,0.861,0.639,0.496,0.406,0.383,0.003,0.722,0.753,0.997,0.907,0.556,0.454,0.177,0.428,0.893,0.442,0.288,0.896,0.521,0.835,0.1,0.21,0.88,0.712,0.54,0.135,0.207,0.789,0.556,0.773,0.996,0.983,0.523,0.208,0.019,0.958,0.204,0.736,0.68,0.509,0.781,0.033,0.332,0.661,0.725,0.837,0.83,0.674,0.675,0.005,0.065,0.093,0.074,0.29,0.213,0.219,0.248,0.628,0.378,0.277,0.436,0.313,0.999,0.035,0.612,0.157,0.965,0.179,0.518,0.583,0.618,0.893,0.92,0.099,0.077,0.989,0.612,0.939,0.907,0.391,0.79,0.253,0.242,0.513,0.275,0.114,0.674,0.99,0.151,0.695,0.79,0.713,0.498,0.217,0.62,0.301,0.499,0.708,0.776,0.533,0.322,0.035,0.781,0.437,0.896,0.555,0.081,0.566,0.634,0.677,0.204,0.047,0.997,0.962,0.161,0.877,0.573,0.087,0.197,0.633,0.745,0.612,0.045,0.577,0.363,0.991,0.242,0.78,0.337,0.785,0.727,0.49,0.524,0.642,0.486,0.617,0.739,0.803,0.423,0.15,0.936,0.705,0.996,0.945,0.986,0.813,0.795,0.491,0.256,0.544,0.809,0.09,0.255,0.942,0.354,0.608,0.667,0.559,0.433,0.421,0.909,0.031,0.244,0.295,0.069,0.087,0.452,0.159,0.666,0.201,0.236,0.375,0.635,0.129,0.373,0.267,0.486,0.527,0.917,0.709,0.761,0.397,0.716,0.287,0.804,0.236,0.23,0.914,0.337,0.406,0.387,0.066,0.063,0.107,0.309,0.206,0.28,0.939,0.272,0.151,0.997,0.181,0.076,0.51,0.286,0.75,0.969,0.929,0.514,0.654,0.275,0.23,0.873,0.091,0.188,0.505,0.103,0.555,0.431,0.21,0.556,0.192,0.547,0.367,0.556,0.136,0.779,0.241,0.441,0.313,0.201,0.595,0.368,0.689,0.346,0.507,0.238,0.762,0.878,0.223,0.646,0.877,0.957,0.214,0.218,0.736,0.168,0.575,0.658,0.341,0.43,0.226,0.89,0.679,0.412,0.367,0.249,0.246,0.036,0.49,0.639,0.84,0.301,0.201,0.672,0.891,0.174,0.968,0.866,0.918,0.51,0.676,0.247,0.96,0.299,0.862,0.821,0.328,0.532,0.604,0.46,0.993,0.361,0.719,0.605,0.265,0.272,0.314,0.098,0.407,0.696,0.052,0.448,0.26,0.591,0.023,0.645,0.566,0.584,0.145,0.724,0.161,0.14,0.484,0.921,0.441,0.022,0.115,0.241,0.629,0.417,0.841,0.084,0.385,0.731,0.953,0.075,0.919,0.285,0.771,0.647,0.045,0.078,0.017,0.194,0.094,0.317,0.437,0.641,0.391,0.142,0.737,0.011,0.955,0.956,0.861,0.439,0.555,0.54,0.283,0.427,0.145,0.745,0.035,0.354,0.06,0.005,0.795,0.391,0.758,0.334,0.012,0.874,0.19,0.993,0.336,0.631,0.842,0.641,0.122,0.259,0.257,0.415,0.538,0.12,0.363,0.316,0.037,0.014,0.252,0.816,0.588,0.501,0.264,0.614,0.411,0.12,0.246,0.314,0.465,0.061,0.369,0.483,0.317,0.853,0.849,0.427,0.65,0.73,0.892,0.515,0.203,0.737,0.293,0.468,0.471,0.001,0.323,0.917,0.552,0.261,0.35,0.162,0.827,0.371,0.031,0.409,0.827,0.987,0.157,0.178,0.289,0.476,0.679,0.332,0.071,0.38,0.243,0.144,0.783,0.105,0.952,0.265,0.147,0.186,0.202,0.223,0.113,0.157,0.859,0.026,0.873,0.874,0.314
2020-02-01 19:55:27,0.621,0.596,0.168,0.81,0.786,0.261,0.511,0.895,0.16,0.074,0.821,0.673,0.989,0.802,0.986,0.295,0.852,0.655,0.279,0.784,0.016,0.664,0.52,0.739,0.232,0.614,0.612,0.901,0.901,0.789,0.875,0.342,0.883,0.914,0.68,0.693,0.221,0.426,0.957,0.239,0.349,0.614,0.493,0.936,0.799,0.867,0.632,0.866,0.62,0.214,0.713,0.592,0.107,0.709,0.863,0.819,0.465,0.916,0.407,0.163,0.424,0.982,0.157,0.365,0.523,0.929,0.037,0.717,0.085,0.693,0.758,0.197,0.431,0.04,0.679,0.823,0.228,0.288,0.955,0.179,0.103,0.122,0.41,0.78,0.81,0.834,0.96,0.042,0.658,0.135,0.681,0.873,0.528,0.445,0.95,0.631,0.919,0.058,0.363,0.884,0.036,0.428,0.838,0.126,0.245,0.971,0.553,0.566,0.699,0.427,0.218,0.726,0.019,0.672,0.345,0.962,0.413,0.375,0.161,0.022,0.339,0.617,0.421,0.823,0.244,0.408,0.577,0.033,0.829,0.722,0.095,0.976,0.698,0.601,0.057,0.786,0.293,0.193,0.024,0.65,0.325,0.232,0.774,0.35,0.768,0.021,0.283,0.444,0.289,0.555,0.181,0.475,0.119,0.359,0.521,0.393,0.582,0.983,0.289,0.574,0.721,0.806,0.845,0.49,0.347,0.837,0.219,0.41,0.392,0.297,0.522,0.889,0.976,0.538,0.834,0.072,0.84,0.404,0.381,0.909,0.554,0.982,0.127,0.197,0.277,0.881,0.688,0.332,0.473,0.795,0.918,0.485,0.532,0.232,0.624,0.227,0.265,0.415,0.096,0.63,0.979,0.09,0.125,0.843,0.847,0.156,0.103,0.059,0.839,0.695,0.89,0.39,0.574,0.606,0.129,0.419,0.337,0.194,0.05,0.209,0.808,0.62,0.01,0.908,0.889,0.771,0.282,0.073,0.415,0.113,0.222,0.522,0.58,0.081,0.452,0.397,0.096,0.86,0.355,0.76,0.17,0.829,0.08,0.446,0.166,0.552,0.277,0.219,0.489,0.092,0.318,0.977,0.361,0.272,0.936,0.349,0.232,0.163,0.147,0.498,0.573,0.366,0.505,0.489,0.443,0.067,0.821,0.366,0.998,0.473,0.271,0.335,0.371,0.277,0.69,0.966,0.159,0.688,0.903,0.575,0.713,0.186,0.525,0.107,0.68,0.806,0.306,0.596,0.097,0.601,0.129,0.878,0.252,0.391,0.063,0.367,0.46,0.184,0.89,0.897,0.91,0.18,0.442,0.544,0.807,0.654,0.03,0.884,0.723,0.301,0.508,0.907,0.177,0.413,0.316,0.347,0.378,0.39,0.945,0.497,0.939,0.943,0.149,0.885,0.19,0.408,0.861,0.033,0.681,0.018,0.68,0.598,0.546,0.325,0.999,0.602,0.745,0.245,0.58,0.046,0.44,0.785,0.906,0.73,0.92,0.949,0.978,0.433,0.018,0.215,0.332,0.25,0.375,0.1,0.4,0.249,0.125,0.913,0.329,0.544,0.925,0.284,0.868,0.071,0.658,0.988,0.278,0.092,0.646,0.734,0.653,0.696,0.068,0.681,0.556,0.804,0.368,0.004,0.878,0.443,0.729,0.954,0.651,0.168,0.946,0.777,0.183,0.099,0.794,0.125,0.968,0.871,0.948,0.893,0.086,0.711,0.397,0.508,0.088,0.761,0.429,0.171,0.179,0.703,0.907,0.283,0.011,0.14,0.603,0.781,0.631,0.073,0.153,0.758,0.128,0.288,0.648,0.373,0.602,0.356,0.655,0.981,0.546,0.92,0.258,0.597,0.502,0.587,0.358,0.333,0.264,0.221,0.856,0.153,0.968,0.257,0.127,0.929,0.116,0.055,0.156,0.512,0.521,0.654,0.407,0.057,0.909,0.514,0.81,0.226,0.889,0.175,0.524,0.561,0.249,0.512,0.311,0.844,0.878,0.199,0.091,0.429,0.841,0.687,0.315,0.194,0.943,0.522,0.959,0.283,0.876,0.018,0.886,0.322,0.123,0.546,0.782,0.852,0.807,0.822,0.276,0.754,0.666,0.43,0.937,0.488,0.849,0.395,0.024,0.247,0.279,0.655,0.935,0.399,0.92,0.897,0.57,0.393,0.477,0.104,0.405,0.533,0.136,0.612,0.741,0.065,0.394,0.511,0.941,0.992,0.425,0.215
2020-02-01 19:55:27,0.648,0.268,0.085,0.146,0.85,0.004,0.461,0.193,0.808,0.744,0.8,0.022,0.659,0.032,0.018,0.207,0.36,0.115,0.721,0.742,0.867,0.422,0.709,0.055,0.186,0.466,0.004,0.841,0.587,0.807,0.188,0.729,0.143,0.778,0.833,0.249,0.158,0.439,0.339,0.232,0.785,0.996,0.283,0.186,0.732,0.629,0.947,0.565,0.161,0.445,0.042,0.62,0.876,0.371,0.225,0.824,0.415,0.904,0.804,0.937,0.024,0.388,0.545,0.006,0.085,0.697,0.655,0.541,0.325,0.731,0.958,0.551,0.434,0.131,0.549,0.726,0.322,0.534,0.555,0.479,0.419,0.795,0.337,0.593,0.089,0.388,0.929,0.545,0.335,0.988,0.748,0.986,0.193,0.561,0.789,0.615,0.565,0.656,0.192,0.498,0.963,0.779,0.648,0.122,0.496,0.829,0.562,0.292,0.868,0.853,0.31,0.555,0.681,0.988,0.239,0.388,0.587,0.401,0.914,0.589,0.682,0.981,0.882,0.908,0.874,0.416,0.056,0.388,0.221,0.707,0.358,0.829,0.296,0.979,0.787,0.611,0.992,0.097,0.161,0.18,0.657,0.005,0.969,0.902,0.151,0.43,0.662,0.424,0.368,0.27,0.492,0.233,0.042,0.062,0.73,0.651,0.686,0.484,0.968,0.766,0.131,0.952,0.41,0.46,0.585,0.843,0.095,0.122,0.913,0.319,0.951,0.645,0.477,0.283,0.031,0.095,0.741,0.831,0.913,0.011,0.117,0.569,0.616,0.985,0.563,0.501,0.898,0.537,0.563,0.423,0.952,0.927,0.772,0.062,0.647,0.08,0.312,0.089,0.76,0.794,0.723,0.118,0.412,0.301,0.339,0.114,0.806,0.125,0.62,0.782,0.721,0.933,0.523,0.633,0.449,0.214,0.457,0.066,0.527,0.988,0.881,0.455,0.712,0.021,0.574,0.273,0.223,0.531,0.611,0.042,0.851,0.903,0.665,0.583,0.32,0.171,0.859,0.678,0.956,0.561,0.426,0.881,0.71,0.655,0.438,0.278,0.667,0.352,0.32,0.652,0.808,0.841,0.828,0.197,0.856,0.131,0.053,0.315,0.81,0.681,0.49,0.524,0.62,0.109,0.288,0.95,0.005,0.294,0.316,0.814,0.347,0.645,0.692,0.269,0.232,0.736,0.481,0.628,0.607,0.6,0.906,0.658,0.965,0.951,0.36,0.112,0.68,0.767,0.541,0.946,0.585,0.268,0.35,0.493,0.083,0.914,0.01,0.766,0.175,0.776,0.893,0.832,0.098,0.188,0.786,0.44,0.132,0.87,0.273,0.907,0.055,0.254,0.453,0.479,0.546,0.61,0.888,0.004,0.427,0.727,0.475,0.597,0.147,0.668,0.147,0.625,0.112,0.233,0.476,0.958,0.997,0.647,0.341,0.065,0.863,0.453,0.965,0.055,0.768,0.128,0.733,0.519,0.133,0.632,0.783,0.019,0.642,0.607,0.019,0.762,0.464,0.889,0.852,0.198,0.453,0.482,0.69,0.671,0.15,0.58,0.744,0.235,0.086,0.413,0.325,0.22,0.454,0.352,0.026,0.995,0.119,0.791,0.696,0.115,0.737,0.394,0.953,0.179,0.306,0.487,0.325,0.964,0.177,0.213,0.202,0.161,0.333,0.743,0.289,0.176,0.657,0.049,0.323,0.611,0.626,0.426,0.144,0.26,0.123,0.991,0.938,0.203,0.981,0.11,0.852,0.908,0.039,0.178,0.05,0.01,0.233,0.913,0.971,0.384,0.311,0.949,0.206,0.412,0.752,0.249,0.725,0.279,0.51,0.983,0.516,0.635,0.008,0.108,0.667,0.108,0.42,0.626,0.805,0.307,0.882,0.676,0.779,0.189,0.216,0.991,0.885,0.111,0.225,0.157,0.515,0.767,0.321,0.312,0.296,0.33,0.314,0.484,0.919,0.794,0.375,0.555,0.623,0.685,0.894,0.44,0.292,0.48,0.155,0.962,0.969,0.634,0.488,0.021,0.038,0.997,0.62,0.419,0.062,0.574,0.263,0.276,0.874,0.464,0.903,0.842,0.815,0.627,0.353,0.708,0.794,0.657,0.509,0.187,0.288,0.473,0.932,0.597,0.592,0.395,0.94,0.246,0.444,0.568,0.759,0.681,0.073,0.519,0.879,0.233,0.13,0.372,0.268,0.694,0.499,0.663,0.292,0.817
2020-02-01 19:55:27,0.403,0.124,0.978,0.618,0.191,0.542,0.413,0.691,0.981,0.205,0.347,0.622,0.558,0.743,0.274,0.435,0.454,0.574,0.055,0.94,0.451,0.582,0.48,0.461,0.548,0.728,0.464,0.165,0.235,0.644,0.453,0.746,0.611,0.993,0.799,0.797,0.451,0.472,0.491,0.399,0.262,0.291,0.349,0.04,0.589,0.293,0.733,0.273,0.811,0.985,0.056,0.394,0.5,0.089,0.995,0.004,0.079,0.855,0.541,0.562,0.18,0.742,0.428,0.914,0.778,0.176,0.906,0.456,0.026,0.147,0.659,0.782,0.85,0.063,0.469,0.911,0.583,0.788,0.818,0.77,0.28,0.415,0.192,0.738,0.311,0.823,0.453,0.641,0.257,0.482,0.666,0.078,0.141,0.667,0.608,0.889,0.213,0.851,0.066,0.209,0.329,0.175,0.521,0.887,0.901,0.781,0.72,0.186,0.231,0.634,0.557,0.106,0.26,0.61,0.46,0.334,0.471,0.896,0.783,0.906,0.722,0.683,0.398,0.722,0.344,0.352,0.304,0.894,0.117,0.584,0.096,0.945,0.187,0.461,0.587,0.926,0.967,0.974,0.634,0.016,0.264,0.956,0.043,0.667,0.448,0.772,0.531,0.427,0.217,0.173,0.656,0.095,0.44,0.154,0.915,0.307,0.243,0.715,0.989,0.66,0.896,0.893,0.809,0.746,0.378,0.571,0.517,0.334,0.865,0.329,0.864,0.111,0.74,0.872,0.173,0.176,0.34,0.359,0.643,0.118,0.743,0.379,0.934,0.597,0.313,0.302,0.421,0.553,0.121,0.218,0.321,0.262,0.71,0.374,0.409,0.148,0.753,0.26,0.275,0.573,0.231,0.374,0.842,0.271,0.896,0.611,0.858,0.881,0.57,0.642,0.546,0.634,0.845,0.854,0.338,0.19,0.347,0.807,0.519,0.308,0.763,0.478,0.425,0.575,1.0,0.386,0.632,0.514,0.511,0.062,0.245,0.809,0.567,0.518,0.851,0.588,0.046,0.686,0.178,0.786,0.147,0.35,0.322,0.59,0.112,0.134,0.594,0.372,0.781,0.88,0.035,0.281,0.886,0.623,0.182,0.126,0.519,0.624,0.827,0.509,0.287,0.542,0.378,0.267,0.357,0.11,0.467,0.538,0.079,0.192,0.565,0.57,0.38,0.723,0.429,0.723,0.361,0.704,0.474,0.595,0.005,0.481,0.265,0.06,0.948,0.267,0.758,0.902,0.223,0.552,0.098,0.573,0.166,0.813,0.382,0.153,0.367,0.192,0.418,0.703,0.236,0.581,0.892,0.055,0.913,0.792,0.277,0.225,0.275,0.553,0.094,0.813,0.918,0.566,0.435,0.661,0.886,0.723,0.567,0.463,0.275,0.978,0.966,0.92,0.02,0.549,0.645,0.336,0.151,0.571,0.812,0.196,0.824,0.179,0.135,0.627,0.921,0.687,0.256,0.434,0.665,0.967,0.65,0.75,0.136,0.743,0.023,0.61,0.511,0.481,0.751,0.392,0.473,0.459,0.405,0.368,0.742,0.67,0.767,0.154,0.851,0.98,0.913,0.804,0.981,0.261,0.342,0.188,0.665,0.188,0.085,0.099,0.704,0.566,0.251,0.335,0.355,0.2,0.055,0.856,0.702,0.421,0.8,0.793,0.619,0.212,0.125,0.592,0.232,0.268,0.195,0.133,0.14,0.293,0.983,0.175,0.38,0.816,0.133,0.008,0.72,0.461,0.506,0.531,0.363,0.761,0.362,0.925,0.228,0.411,0.163,0.361,0.137,0.959,0.598,0.721,0.109,0.586,0.979,0.107,0.059,0.176,0.71,0.399,0.459,0.69,0.974,0.57,0.874,0.448,0.831,0.895,0.319,0.72,0.548,0.985,0.41,0.745,0.634,0.468,0.25,0.649,0.197,0.343,0.482,0.762,0.972,0.083,0.042,0.875,0.751,0.096,0.194,0.64,0.963,0.324,0.546,0.183,0.925,0.288,0.197,0.078,0.352,0.238,0.851,0.368,0.789,0.391,0.076,0.287,0.176,0.422,0.14,0.78,0.577,0.166,0.071,0.462,0.599,0.405,0.856,0.087,0.646,0.32,0.958,0.491,0.963,0.819,0.957,0.478,0.208,0.762,0.011,0.972,0.643,0.688,0.715,0.166,0.204,0.373,0.273,0.972,0.235,0.034,0.091,0.657,0.817,0.154,0.687,0.492,0.376,0.638
2020-02-01 19:55:27,0.305,0.407,0.302,0.809,0.702,0.155,0.326,0.256,0.017,0.008,0.76,0.861,0.931,0.619,0.968,0.286,0.189,0.539,0.779,0.885,0.23,0.232,0.887,0.127,0.795,0.251,0.735,0.687,0.55,0.254,0.173,0.996,0.574,0.636,0.644,0.791,0.764,0.097,0.49,0.895,0.111,0.424,0.364,0.81,0.929,0.313,0.767,0.41,0.775,0.915,0.832,0.172,0.032,0.739,0.831,0.338,0.578,0.241,0.559,0.587,0.459,0.759,0.321,0.73,0.442,0.134,0.827,0.405,0.317,0.889,0.328,0.25,0.365,0.201,0.381,0.699,0.134,0.306,0.189,0.732,0.85,0.392,0.407,0.898,0.974,0.027,0.795,0.865,0.781,0.298,0.366,0.992,0.775,0.147,0.009,0.911,0.183,0.083,0.715,0.493,0.189,0.625,0.25,0.696,0.239,0.151,0.379,0.245,0.075,0.334,0.813,0.866,0.202,0.42,0.455,0.385,0.24,0.902,0.377,0.336,0.995,0.313,0.71,0.32,0.775,0.136,0.228,0.593,0.688,0.926,0.22,0.743,0.696,0.189,0.391,0.816,0.474,0.345,0.513,0.54,0.918,0.128,0.767,0.75,0.684,0.612,0.992,0.643,0.75,0.852,0.402,0.246,0.533,0.067,0.046,0.475,0.413,0.103,0.09,0.619,0.438,0.403,0.065,0.606,0.186,0.013,0.612,0.833,0.441,0.797,0.28,0.696,0.223,0.31,0.294,0.563,0.577,0.593,0.205,0.181,0.914,0.674,0.127,0.928,0.749,0.408,0.903,0.856,0.013,0.122,0.172,0.41,0.172,0.501,0.648,0.269,0.275,0.708,0.554,0.648,0.294,0.804,0.697,0.333,0.337,0.982,0.465,0.724,0.14,0.709,0.765,0.528,0.96,0.933,0.426,0.237,0.154,0.198,0.462,0.334,0.283,0.66,0.721,0.889,0.109,0.479,0.008,0.632,0.516,0.379,0.468,0.527,0.796,0.254,0.508,0.024,0.242,0.996,0.916,0.847,0.886,0.299,0.829,0.019,0.181,0.013,0.12,0.192,0.559,0.101,0.654,0.835,0.546,0.237,0.047,0.652,0.344,0.891,0.906,0.928,0.254,0.935,0.773,0.101,0.03,0.204,0.239,0.423,0.939,0.719,0.917,0.329,0.971,0.329,0.869,0.568,0.813,0.514,0.152,0.746,0.588,0.924,0.755,0.015,0.178,0.76,0.537,0.814,0.169,0.585,0.697,0.886,0.669,0.438,0.116,0.493,0.567,0.581,0.576,0.002,0.614,0.743,0.186,0.832,0.629,0.945,0.358,0.731,0.674,0.819,0.131,0.395,0.858,0.951,0.945,0.858,0.323,0.378,0.482,0.544,0.675,0.502,0.907,0.814,0.852,0.208,0.893,0.597,0.965,0.422,0.81,0.959,0.989,0.643,0.191,0.812,0.154,0.007,0.424,0.886,0.038,0.348,0.252,0.419,0.217,0.459,0.946,0.74,0.644,0.259,0.518,0.286,0.569,0.682,0.627,0.01,0.975,0.132,0.114,0.099,0.575,0.469,0.0,0.246,0.248,0.95,0.179,0.934,0.116,0.971,0.959,0.006,0.468,0.513,0.219,0.396,0.056,0.878,0.73,0.285,0.493,0.181,0.144,0.758,0.324,0.308,0.243,0.245,0.978,0.806,0.075,0.558,0.321,0.074,0.244,0.914,0.952,0.387,0.59,0.914,0.394,0.301,0.188,0.353,0.661,0.884,0.744,0.226,0.282,0.149,0.132,0.665,0.268,0.256,0.546,0.119,0.824,0.944,0.65,0.616,0.235,0.826,0.351,0.036,0.505,0.797,0.151,0.048,0.999,0.103,0.695,0.293,0.25,0.407,0.144,0.151,0.737,0.287,0.117,0.136,0.32,0.46,0.807,0.079,0.055,0.272,0.991,0.778,0.272,0.595,0.892,0.563,0.079,0.525,0.304,0.881,0.986,0.922,0.052,0.354,0.511,0.841,0.228,0.09,0.3,0.286,0.047,0.394,0.65,0.119,0.147,0.332,0.741,0.647,0.263,0.739,0.01,0.327,0.289,0.959,0.469,0.568,0.869,0.605,1.0,0.784,0.688,0.133,0.185,0.189,0.072,0.884,0.995,0.156,0.458,0.167,0.053,0.944,0.177,0.61,0.15,0.941,0.546,0.597,0.303,0.523,0.136,0.291,0.537,0.006,0.814,0.034
2020-02-01 19:55:27,0.597,0.354,0.178,0.92,0.174,0.003,0.787,0.923,0.713,0.418,0.352,0.202,0.287,0.209,0.884,0.828,0.223,0.73,0.231,0.616,0.064,0.436,0.149,0.719,0.871,0.712,0.356,0.421,0.061,0.054,0.143,0.442,0.03,0.39,0.952,0.757,0.347,0.736,0.056,0.35,0.343,0.53,0.642,0.62,0.625,0.927,0.156,0.248,0.331,0.184,0.176,0.073,0.299,0.615,0.921,0.794,0.028,0.283,0.273,0.752,0.099,0.732,0.72,0.862,0.579,0.915,0.26,0.434,0.171,0.328,0.41,0.673,0.843,0.342,0.971,0.53,0.211,0.026,0.814,0.952,0.241,0.178,0.546,0.063,0.066,0.012,0.345,0.578,0.04,0.055,0.453,0.563,0.562,0.358,0.379,0.298,0.063,0.226,0.318,0.901,0.859,0.65,0.269,0.763,0.645,0.888,0.375,0.804,0.831,0.592,0.082,0.157,0.738,0.18,0.849,0.056,0.018,0.288,0.159,0.925,0.952,0.832,0.229,0.201,0.753,0.647,0.755,0.462,0.415,0.086,0.503,0.081,0.714,0.788,0.606,0.22,0.422,0.887,0.707,0.51,0.24,0.52,0.444,0.863,0.182,0.483,0.844,0.931,0.64,0.42,0.554,0.881,0.078,0.668,0.55,0.082,0.139,0.677,0.09,0.178,0.062,0.803,0.356,0.446,0.172,0.705,0.171,0.989,0.651,0.387,0.762,0.381,0.043,0.903,0.66,0.625,0.033,0.045,0.991,0.762,0.671,0.754,0.606,0.099,0.008,0.561,0.207,0.243,0.64,0.397,0.495,0.674,0.249,0.993,0.14,0.985,0.916,0.377,0.081,0.743,0.289,0.714,0.543,0.289,0.545,0.735,0.477,0.629,0.541,0.494,0.386,0.523,0.804,0.106,0.666,0.381,0.457,0.74,0.268,0.587,0.828,0.347,0.319,0.007,0.202,0.017,0.83,0.232,0.481,0.363,0.134,0.885,0.438,0.857,0.723,0.463,0.397,0.13,0.215,0.042,0.434,0.733,0.921,0.016,0.979,0.532,0.096,0.181,0.514,0.859,0.16,0.488,0.969,0.187,0.014,0.574,0.153,0.622,0.111,0.821,0.941,0.889,0.133,0.183,0.217,0.956,0.231,0.099,0.845,0.052,0.518,0.211,0.476,0.704,0.91,0.786,0.58,0.208,0.428,0.011,0.5,0.273,0.963,0.81,0.595,0.361,0.412,0.769,0.241,0.827,0.506,0.651,0.093,0.35,0.588,0.393,0.872,0.371,0.672,0.167,0.043,0.887,0.567,0.364,0.751,0.523,0.911,0.727,0.311,0.368,0.298,0.581,0.045,0.912,0.221,0.435,0.997,0.685,0.819,0.882,0.958,0.466,0.493,0.176,0.866,0.283,0.028,0.873,0.655,0.517,0.02,0.082,0.302,0.329,0.705,0.131,0.29,0.487,0.965,0.942,0.821,0.473,0.166,0.733,0.272,0.639,0.103,0.478,0.029,0.037,0.888,0.358,0.402,0.995,0.712,0.619,0.987,0.444,0.584,0.179,0.844,0.603,0.888,0.888,0.92,0.072,0.109,0.903,0.804,0.698,0.011,0.935,0.156,0.171,0.383,0.361,0.898,0.163,0.455,0.231,0.567,0.309,0.1,0.028,0.631,0.925,0.768,0.746,0.562,0.863,0.397,0.578,0.121,0.991,0.172,0.576,0.534,0.327,0.997,0.493,0.18,0.016,0.801,0.658,0.543,0.211,0.201,0.731,0.671,0.122,0.566,0.037,0.851,0.295,0.061,0.475,0.881,0.471,0.04,0.962,0.148,0.796,0.896,0.228,0.082,0.592,0.518,0.74,0.509,0.455,0.056,0.325,0.814,0.499,0.132,0.897,0.12,0.179,0.044,0.589,0.852,0.004,0.594,0.11,0.825,0.314,0.314,0.927,0.93,0.234,0.009,0.17,0.365,0.381,0.688,0.076,0.792,0.189,0.149,0.688,0.413,0.928,0.869,0.549,0.934,0.607,0.99,0.944,0.78,0.156,0.408,0.629,0.864,0.872,0.713,0.639,0.199,0.208,0.597,0.167,0.519,0.438,0.687,0.759,0.267,0.381,0.555,0.033,0.468,0.238,0.468,0.727,0.728,0.741,0.337,0.586,0.524,0.881,0.476,0.277,0.856,0.937,0.041,0.71,0.636,0.204,0.628,0.217,0.986,0.528,0.571,0.992
2020-02-01 19:55:27,0.184,0.853,0.22,0.75,0.605,0.061,0.571,0.864,0.525,0.341,0.334,0.644,0.284,0.503,0.902,0.404,0.585,0.512,0.773,0.657,0.985,0.897,0.523,0.868,0.702,0.203,0.888,0.739,0.375,0.768,0.896,0.911,0.624,0.045,0.521,0.316,0.583,0.434,0.149,0.176,0.342,0.035,0.502,0.035,0.658,0.97,0.34,0.556,0.678,0.33,0.088,0.198,0.359,0.508,0.605,0.133,0.746,0.157,0.197,0.934,0.418,0.705,0.908,0.393,0.52,0.82,0.927,0.564,0.697,0.775,0.826,0.898,0.864,0.545,0.05,0.261,0.138,0.971,0.566,0.047,0.995,0.509,0.333,0.773,0.747,0.418,0.902,0.645,0.412,0.729,0.476,0.966,0.974,0.784,0.156,0.616,0.707,0.756,0.398,0.367,0.068,0.652,0.477,0.313,0.577,0.04,0.022,0.293,0.09,0.501,0.936,0.905,0.37,0.446,0.314,0.915,0.173,0.357,0.75,0.844,0.819,0.149,0.8,0.349,0.274,0.399,0.371,0.63,0.701,0.589,0.661,0.568,0.545,0.717,0.459,0.204,0.172,0.795,0.795,0.422,0.413,0.467,0.146,0.612,0.397,0.088,0.947,0.422,0.937,0.542,0.91,0.484,0.157,0.152,0.644,0.801,0.501,0.006,0.433,0.276,0.18,0.858,0.163,0.326,0.062,0.018,0.319,0.139,0.98,0.382,0.206,0.961,0.905,0.994,0.543,0.468,0.315,0.824,0.486,0.556,0.851,0.53,0.118,0.298,0.484,0.418,0.787,0.967,0.467,0.397,0.467,0.642,0.465,0.805,0.647,0.288,0.989,0.981,0.715,0.412,0.092,0.224,0.269,0.424,0.161,0.4,0.764,0.493,0.693,0.886,0.288,0.794,0.561,0.026,0.12,0.725,0.748,0.815,0.577,0.144,0.977,0.47,0.53,0.758,0.807,0.255,0.67,0.593,0.641,0.701,0.379,0.183,0.139,0.876,0.058,0.47,0.461,0.188,0.692,0.166,0.733,0.166,0.184,0.768,0.681,0.293,0.161,0.81,0.36,0.199,0.422,0.484,0.922,0.939,0.587,0.975,0.456,0.887,0.44,0.783,0.626,0.179,0.592,0.347,0.564,0.121,0.137,0.716,0.882,0.91,0.425,0.436,0.671,0.047,0.18,0.918,0.389,0.301,0.863,0.605,0.472,0.123,0.275,0.783,0.36,0.042,0.804,0.882,0.318,0.361,0.447,0.808,0.072,0.155,0.512,0.52,0.047,0.879,0.156,0.737,0.134,0.069,0.441,0.616,0.944,0.409,0.243,0.217,0.681,0.396,0.178,0.059,0.518,0.777,0.167,0.377,0.99,0.138,0.93,0.439,0.8,0.232,0.641,0.359,0.659,0.301,0.186,0.346,0.741,0.311,0.126,0.744,0.675,0.736,0.932,0.068,0.953,0.476,0.121,0.118,0.883,0.154,0.804,0.385,0.741,0.099,0.719,0.773,0.791,0.286,0.223,0.96,0.467,0.475,0.354,0.938,0.608,0.937,0.201,0.917,0.454,0.83,0.874,0.448,0.254,0.618,0.477,0.516,0.635,0.064,0.113,0.404,0.109,0.706,0.834,0.326,0.816,0.648,0.054,0.961,0.195,0.218,0.738,0.961,0.842,0.727,0.731,0.316,0.68,0.138,0.693,0.307,0.983,0.762,0.089,0.939,0.807,0.176,0.331,0.154,0.118,0.105,0.35,0.493,0.327,0.354,0.145,0.25,0.318,0.626,0.473,0.444,0.411,0.033,0.413,0.8,0.46,0.108,0.58,0.358,0.281,0.73,0.684,0.488,0.367,0.525,0.456,0.615,0.051,0.485,0.718,0.251,0.078,0.63,0.223,0.336,0.699,0.913,0.993,0.176,0.398,0.483,0.316,0.144,0.577,0.671,0.087,0.03,0.337,0.656,0.159,0.367,0.984,0.124,0.768,0.528,0.578,0.973,0.108,0.605,0.896,0.66,0.012,0.251,0.553,0.581,0.302,0.226,0.494,0.382,0.615,0.788,0.385,0.051,0.918,0.002,0.681,0.865,0.709,0.701,0.717,0.802,0.34,0.787,0.002,0.284,0.361,0.614,0.901,0.003,0.996,0.285,0.745,0.725,0.234,0.638,0.681,0.687,0.361,0.981,0.258,0.741,0.511,0.107,0.455,0.558,0.612,0.756,0.984,0.326,0.414,0.881
2020-02-01 19:55:27,0.157,0.609,0.138,0.064,0.503,0.363,0.75,0.716,0.476,0.197,0.617,0.636,0.864,0.579,0.949,0.389,0.788,0.033,0.442,0.085,0.92,0.212,0.616,0.805,0.335,0.263,0.677,0.433,0.783,0.282,0.32,0.71,0.057,0.086,0.399,0.216,0.206,0.817,0.845,0.834,0.675,0.991,0.936,0.744,0.109,0.977,0.509,0.748,0.287,0.395,0.757,0.256,0.308,0.488,0.864,0.857,0.62,0.083,0.901,0.853,0.26,0.11,0.613,0.615,0.973,0.057,0.312,0.29,0.092,0.091,0.614,0.743,0.6,0.494,0.45,0.158,0.972,0.409,0.82,0.02,0.684,0.893,0.978,0.837,0.72,0.118,0.297,0.678,0.909,0.128,0.372,0.6,0.894,0.749,0.886,0.737,0.034,0.932,0.545,0.599,0.898,0.129,0.056,0.422,0.653,0.712,0.567,0.785,0.179,0.607,0.526,0.892,0.676,0.007,0.73,0.472,0.752,0.157,0.009,0.555,0.003,0.84,0.949,0.44,0.718,0.096,0.279,0.821,0.767,0.866,0.128,0.655,0.319,0.551,0.83,0.328,0.79,0.914,0.14,0.778,0.767,0.248,0.451,0.484,0.75,0.147,0.826,0.996,0.801,0.714,0.272,0.068,0.659,0.506,0.911,0.21,0.395,0.558,0.802,0.609,0.715,0.509,0.147,0.596,0.751,0.556,0.767,0.507,0.413,0.931,0.334,0.498,0.309,0.922,0.247,0.144,0.547,0.561,0.463,0.299,0.476,0.332,0.456,0.53,0.301,0.04,0.251,0.74,0.954,0.773,0.185,0.234,0.907,0.422,0.752,0.984,0.923,0.756,0.609,0.246,0.628,0.872,0.733,0.49,0.743,0.848,0.194,0.026,0.283,0.267,0.908,0.725,0.843,0.202,0.727,0.51,0.626,0.054,0.013,0.276,0.212,0.165,0.714,0.65,0.233,0.284,0.421,0.172,0.837,0.216,0.621,0.755,0.331,0.364,0.301,0.339,1.0,0.027,0.787,0.477,0.87,0.889,0.538,0.262,0.629,0.931,0.279,0.865,0.898,0.743,0.056,0.848,0.728,0.545,0.373,0.829,0.365,0.429,0.499,0.78,0.514,0.698,0.619,0.367,0.634,0.184,0.068,0.073,0.423,0.1,0.944,0.29,0.049,0.435,0.5,0.568,0.097,0.809,0.337,0.804,0.853,0.192,0.294,0.505,0.754,0.056,0.31,0.876,0.698,0.866,0.728,0.073,0.622,0.921,0.004,0.245,0.03,0.207,0.509,0.024,0.672,0.556,0.228,0.203,0.795,0.043,0.851,0.044,0.71,0.48,0.443,0.674,0.008,0.959,0.271,0.728,0.856,0.379,0.237,0.975,0.329,0.552,0.606,0.437,0.368,0.036,0.626,0.032,0.221,0.13,0.535,0.399,0.107,0.202,0.515,0.004,0.081,0.892,0.819,0.226,0.356,0.767,0.801,0.903,0.902,0.124,0.722,0.717,0.996,0.98,0.335,0.212,0.495,0.222,0.93,0.668,0.74,0.358,0.164,0.423,0.962,0.109,0.597,0.269,0.953,0.442,0.813,0.217,0.653,0.96,0.827,0.66,0.348,0.246,0.484,0.917,0.573,0.14,0.824,0.06,0.217,0.835,0.441,0.071,0.608,0.255,0.135,0.183,0.081,0.643,0.09,0.644,0.386,0.244,0.861,0.094,0.165,0.178,0.257,0.014,0.866,0.859,0.727,0.452,0.835,0.067,0.499,0.033,0.507,0.67,0.842,0.989,0.267,0.696,0.379,0.083,0.015,0.352,0.711,0.902,0.459,0.216,0.187,0.996,0.396,0.127,0.608,0.267,0.234,0.839,0.728,0.213,0.906,0.631,0.025,0.445,0.821,0.587,0.871,0.751,0.077,0.083,0.175,0.867,0.932,0.119,0.179,0.674,0.685,0.336,0.217,0.532,0.481,0.733,0.993,0.47,0.051,0.933,0.726,0.858,0.049,0.517,0.939,0.459,0.282,0.371,0.056,0.061,0.82,0.471,0.046,0.138,0.559,0.434,0.32,0.577,0.399,0.186,0.746,0.844,0.718,0.221,0.085,0.227,0.953,0.671,0.57,0.274,0.153,0.424,0.474,0.263,0.567,0.8,0.953,0.762,0.939,0.259,0.365,0.487,0.674,0.335,0.459,0.374,0.526,0.307,0.094,0.085,0.806,0.289,0.885,0.136
2020-02-01 19:55:27,0.237,0.783,0.662,0.628,0.122,0.787,0.654,0.032,0.43,0.096,0.251,0.666,0.524,0.991,0.685,0.575,0.619,0.216,0.761,0.389,0.632,0.943,0.463,0.803,0.11,0.549,0.722,0.307,0.73,0.464,0.128,0.91,0.709,0.604,0.573,0.252,0.342,0.656,0.238,0.692,0.453,0.425,0.786,0.618,0.185,0.029,0.139,0.158,0.603,0.745,0.343,0.885,0.979,0.828,0.91,0.094,0.692,0.367,0.136,0.179,0.296,0.478,0.404,0.649,0.887,0.503,0.743,0.947,0.931,0.635,0.795,0.641,0.371,0.86,0.662,0.57,0.035,0.809,0.386,0.5,0.243,0.062,0.072,0.641,0.673,0.851,0.432,0.858,0.504,0.714,0.78,0.464,0.625,0.5,0.37,0.101,0.912,0.964,0.507,0.03,0.566,0.146,0.751,0.001,0.914,0.638,0.26,0.937,0.033,0.027,0.176,0.321,0.5,0.879,0.844,0.606,0.175,0.958,0.168,0.552,0.635,0.394,0.37,0.174,0.253,0.22,0.903,0.942,0.35,0.756,0.878,0.242,0.545,0.623,0.435,0.284,0.824,0.694,0.363,0.456,0.786,0.009,0.632,0.039,0.444,0.54,0.102,0.051,0.272,0.924,0.108,0.523,0.192,0.716,0.537,0.57,0.952,0.234,0.083,0.9,0.787,0.292,0.584,0.004,0.379,0.976,0.724,0.46,0.813,0.859,0.152,0.324,0.206,0.923,0.822,0.812,0.329,0.405,0.304,0.63,0.905,0.985,0.015,0.479,0.361,0.671,0.502,0.428,0.078,0.18,0.482,0.068,0.415,0.196,0.012,0.682,0.056,0.809,0.509,0.661,0.159,0.986,0.232,0.198,0.21,0.835,0.628,0.824,0.922,0.782,0.732,0.439,0.722,0.531,0.77,0.82,0.977,0.493,0.67,0.806,0.045,0.985,0.74,0.423,0.023,0.434,0.62,0.689,0.818,0.995,0.502,0.147,0.515,0.616,0.827,0.209,0.784,0.618,0.364,0.378,0.418,0.897,0.538,0.013,0.025,0.04,0.791,0.842,0.111,0.282,0.947,0.276,0.998,0.289,0.855,0.843,0.869,0.847,0.607,0.261,0.458,0.863,0.016,0.751,0.043,0.518,0.628,0.255,0.28,0.057,0.741,0.93,0.721,0.056,0.156,0.828,0.939,0.268,0.342,0.242,0.06,0.355,0.167,0.823,0.062,0.266,0.266,0.803,0.568,0.503,0.447,0.146,0.865,0.719,0.448,0.061,0.207,0.099,0.147,0.912,0.969,0.263,0.217,0.392,0.935,0.593,0.925,0.028,0.611,0.994,0.376,0.014,0.811,0.235,0.17,0.682,0.217,0.701,0.31,0.857,0.2,0.415,0.687,0.361,0.71,0.86,0.747,0.503,0.083,0.861,0.221,0.348,0.284,0.366,0.422,0.665,0.872,0.735,0.253,0.28,0.759,0.15,0.722,0.548,0.859,0.903,0.057,0.555,0.547,0.597,0.299,0.723,0.774,0.767,0.311,0.749,0.653,0.822,0.92,0.161,0.58,0.351,0.598,0.255,0.522,0.581,0.217,0.589,0.984,0.425,0.02,0.714,0.239,0.212,0.014,0.988,0.243,0.668,0.955,0.122,0.099,0.727,0.709,0.083,0.008,0.527,0.544,0.408,0.022,0.499,0.718,0.573,0.564,0.474,0.845,0.685,0.088,0.149,0.524,0.509,0.388,0.588,0.8,0.199,0.869,0.636,0.575,0.341,0.869,0.679,0.983,0.417,0.237,0.718,0.499,0.054,0.203,0.377,0.071,0.59,0.051,0.468,0.635,0.307,0.691,0.187,0.094,0.112,0.347,0.501,0.985,0.034,0.256,0.088,0.286,0.129,0.781,0.26,0.295,0.208,0.57,0.798,0.81,0.939,0.952,0.242,0.539,0.434,0.854,0.891,0.915,0.297,0.001,0.383,0.782,0.231,0.31,0.41,0.593,0.013,0.748,0.242,0.761,0.747,0.298,0.209,0.313,0.181,0.753,0.366,0.115,0.057,0.332,0.189,0.704,0.783,0.359,0.544,0.188,0.72,0.397,0.261,0.717,0.582,0.116,0.647,0.314,0.32,0.118,0.673,0.802,0.019,0.267,0.508,0.785,0.866,0.26,0.222,0.784,0.946,0.858,0.336,0.347,0.82,0.972,0.627,0.81,0.729,0.619,0.335,0.11,0.133
2020-02-01 19:55:27,0.135,0.865,0.094,0.541,0.732,0.811,0.924,0.307,0.982,0.599,0.122,0.044,0.834,0.864,0.5,0.231,0.141,0.838,0.091,0.854,0.622,0.742,0.277,0.959,0.033,0.821,0.57,0.268,0.119,0.958,0.311,0.851,0.932,0.432,0.987,0.003,0.856,0.322,0.336,0.979,0.104,0.213,0.768,0.047,0.549,0.57,0.721,0.894,0.522,0.109,0.96,0.451,0.444,0.096,0.733,0.376,0.574,0.686,0.464,0.732,0.319,0.282,0.888,0.578,0.527,0.673,0.125,0.105,0.891,0.977,0.277,0.565,0.46,0.45,0.004,0.919,0.085,0.956,0.553,0.859,0.437,0.7,0.201,0.639,0.395,0.298,0.529,0.882,0.843,0.71,0.75,0.426,0.545,0.323,0.804,0.466,0.896,0.92,0.189,0.505,0.636,0.685,0.342,0.619,0.855,0.498,0.316,0.358,0.427,0.057,0.682,0.038,0.393,0.507,0.563,0.401,0.076,0.939,0.55,0.828,0.398,0.144,0.777,0.193,0.123,0.946,0.249,0.106,0.32,0.768,0.689,0.226,0.05,0.468,0.636,0.437,0.062,0.561,0.173,0.313,0.49,0.862,0.955,0.257,0.025,0.785,0.511,0.267,0.856,0.518,0.085,0.502,0.815,0.784,0.911,0.657,0.708,0.833,0.525,0.93,0.246,0.729,0.787,0.24,0.085,0.532,0.77,0.315,0.911,0.767,0.05,0.851,0.101,0.123,0.664,0.565,0.648,0.476,0.19,0.052,0.304,0.735,0.884,0.573,0.642,0.773,0.442,0.413,0.961,0.524,0.505,0.809,0.284,0.721,0.791,0.121,0.093,0.523,0.133,0.895,0.797,0.018,0.924,0.55,0.937,0.294,0.106,0.501,0.865,0.772,0.071,0.593,0.838,0.587,0.958,0.176,0.301,0.538,0.855,0.398,0.492,0.053,0.972,0.266,0.546,0.339,0.454,0.06,0.975,0.889,0.195,0.399,0.906,0.826,0.876,0.332,0.166,0.344,0.383,0.539,0.543,0.457,0.1,0.474,0.431,0.665,0.136,0.643,0.399,0.449,0.831,0.397,0.777,0.584,0.155,0.69,0.046,0.151,0.213,0.648,0.113,0.898,0.4,0.105,0.992,0.387,0.764,0.527,0.479,0.314,0.776,0.155,0.72,0.838,0.543,0.206,0.687,0.545,0.443,0.321,0.634,0.472,0.464,0.428,0.164,0.106,0.802,0.022,0.695,0.317,0.016,0.7,0.841,0.447,0.662,0.387,0.996,0.221,0.233,0.418,0.281,0.271,0.046,0.502,0.063,0.453,0.655,0.039,0.402,0.687,0.481,0.712,0.389,0.224,0.731,0.214,0.082,0.084,0.76,0.367,0.631,0.978,0.51,0.705,0.579,0.58,0.832,0.122,0.515,0.534,0.451,0.683,0.926,0.122,0.799,0.509,0.234,0.905,0.825,0.3,0.739,0.188,0.217,0.341,0.91,0.2,0.127,0.219,0.118,0.599,0.212,0.354,0.992,0.97,0.006,0.229,0.854,0.056,0.151,0.494,0.321,0.273,0.999,0.981,0.126,0.864,0.888,0.53,0.861,0.91,0.715,0.842,0.667,0.982,0.165,0.831,0.131,0.267,0.962,0.843,0.35,0.633,0.372,0.823,0.551,0.198,0.521,0.944,0.7,0.92,0.384,0.594,0.595,0.863,0.658,0.743,0.137,0.558,0.595,0.226,0.439,0.805,0.036,0.508,0.403,0.147,0.228,0.55,0.719,0.11,0.89,0.725,0.199,0.054,0.013,0.19,0.843,0.399,0.552,0.983,0.541,0.863,0.358,0.15,0.395,0.394,0.614,0.605,0.44,0.912,0.543,0.216,0.93,0.558,0.686,0.701,0.047,0.698,0.1,0.597,0.495,0.82,0.598,0.223,0.273,0.175,0.55,0.326,0.627,0.024,0.328,0.764,0.827,0.496,0.057,0.843,0.709,0.39,0.68,0.389,0.521,0.014,0.975,0.759,0.81,0.198,0.321,0.855,0.322,0.878,0.661,0.244,0.547,0.589,0.093,0.885,0.308,0.134,0.502,0.302,0.377,0.19,0.394,0.309,0.81,0.405,0.367,0.312,0.796,0.185,0.695,0.655,0.185,0.626,0.656,0.606,0.222,0.952,0.723,0.818,0.922,0.891,0.423,0.596,0.196,0.083,0.51,0.535,0.012,0.644,0.235,0.85
2020-02-01 19:55:27,0.167,0.725,0.76,0.352,0.737,0.01,0.092,0.085,0.927,0.139,0.063,0.206,0.735,0.493,0.509,0.291,0.6,0.792,0.149,0.546,0.037,0.836,0.283,0.295,0.972,0.607,0.599,0.065,0.699,0.679,0.389,0.483,0.259,0.116,0.466,0.977,0.53,0.026,0.525,0.243,0.486,0.117,0.271,0.492,0.94,0.578,0.371,0.792,0.335,0.973,0.685,0.601,0.238,0.039,0.164,0.97,0.276,0.804,0.967,0.431,0.481,0.593,0.636,0.23,0.603,0.94,0.773,0.564,0.933,0.039,0.619,0.023,0.661,0.974,0.39,0.977,0.681,0.862,0.178,0.395,0.401,0.909,0.605,0.973,0.163,0.162,0.336,0.771,0.542,0.038,0.861,0.741,0.51,0.812,0.966,0.599,0.027,0.183,1.0,0.089,0.115,0.982,0.821,0.866,0.122,0.445,0.755,0.702,0.939,0.339,0.996,0.993,0.815,0.327,0.748,0.093,0.883,0.877,0.782,0.7,0.501,0.298,0.072,0.788,0.286,0.951,0.26,0.614,0.573,0.785,0.076,0.948,0.373,0.379,0.656,0.766,0.285,0.2,0.204,0.796,0.581,0.869,0.416,0.816,0.235,0.536,0.234,0.878,0.701,0.406,0.137,0.573,0.282,0.856,0.503,0.538,0.591,0.21,0.99,0.572,0.543,0.595,0.421,0.832,0.977,0.1,0.527,0.235,0.147,0.785,0.561,0.239,0.203,0.384,0.667,0.039,0.754,0.536,0.199,0.297,0.052,0.562,0.815,0.056,0.921,0.762,0.818,0.529,0.233,0.543,0.634,0.512,0.883,0.169,0.675,0.855,0.413,0.628,0.871,0.317,0.254,0.379,0.743,0.227,0.31,0.436,0.6,0.598,0.611,0.421,0.578,0.608,0.162,0.43,0.984,0.594,0.774,0.665,0.507,0.835,0.469,0.132,0.581,0.572,0.085,0.82,0.125,0.086,0.565,0.433,0.535,0.239,0.092,0.019,0.516,0.347,0.043,0.308,0.877,0.163,0.661,0.083,0.9,0.184,0.477,0.122,0.51,0.346,0.242,0.656,0.423,0.225,0.882,0.007,0.92,0.647,0.308,0.021,0.749,0.629,0.675,0.871,0.596,0.366,0.356,0.798,0.144,0.865,0.404,0.993,0.539,0.329,0.258,0.304,0.158,0.711,0.008,0.381,0.596,0.489,0.643,0.419,0.409,0.192,0.812,0.292,0.987,0.129,0.363,0.15,0.034,0.591,0.688,0.51,0.239,0.437,0.952,0.845,0.648,0.452,0.499,0.558,0.719,0.015,0.875,0.23,0.633,0.15,0.941,0.321,0.321,0.655,0.697,0.092,0.238,0.493,0.349,0.478,0.748,0.23,0.95,0.364,0.421,0.995,0.239,0.315,0.509,0.513,0.725,0.068,0.643,0.821,0.04,0.911,0.211,0.513,0.575,0.263,0.615,0.335,0.379,0.331,0.716,0.831,0.983,0.076,0.906,0.764,0.782,0.623,0.989,0.77,0.525,0.364,0.169,0.95,0.986,0.259,0.246,0.359,0.844,0.35,0.512,0.604,0.511,0.954,0.229,0.596,0.119,0.648,0.595,0.739,0.166,0.599,0.864,0.55,0.893,0.429,0.76,0.577,0.599,0.912,0.448,0.559,0.991,0.612,0.011,0.772,0.104,0.365,0.519,0.788,0.812,0.471,0.903,0.865,0.799,0.761,0.173,0.807,0.819,0.464,0.621,0.676,0.462,0.003,0.749,0.306,0.956,0.724,0.492,0.119,0.66,0.817,0.42,0.677,0.611,0.791,0.469,0.08,0.831,0.74,0.73,0.834,0.801,0.72,0.665,0.129,0.317,0.819,0.944,0.005,0.863,0.213,0.122,0.76,0.989,0.055,0.141,0.912,0.456,0.156,0.38,0.199,0.809,0.995,0.847,0.355,0.098,0.778,0.293,0.88,0.359,0.08,0.817,0.565,0.387,0.052,0.753,0.56,0.937,0.533,0.215,0.628,0.199,0.492,0.15,0.019,0.49,0.859,0.855,0.476,0.48,0.178,0.211,0.105,0.125,0.025,0.278,0.645,0.809,0.869,0.725,0.224,0.413,0.358,0.242,0.855,0.431,0.862,0.166,0.109,0.694,0.039,0.292,0.9,0.731,0.68,0.91,0.095,0.342,0.898,0.29,0.847,0.656,0.859,0.703,0.523,0.275,0.302,0.695,0.967
2020-02-01 19:55:27,0.301,0.244,0.158,0.476,0.094,0.454,0.247,0.673,0.247,0.891,0.512,0.516,0.994,0.657,0.54,0.986,0.614,0.046,0.927,0.798,0.895,0.099,0.49,0.63,0.325,0.894,0.626,0.968,0.357,0.937,0.211,0.821,0.524,0.557,0.821,0.074,0.232,0.547,0.214,0.258,0.234,0.099,0.438,0.505,0.218,0.496,0.51,0.73,0.501,0.059,0.476,0.936,0.074,0.859,0.208,0.77,0.844,0.621,0.361,0.413,0.194,0.977,0.004,0.54,0.32,0.712,0.527,0.077,0.453,0.683,0.31,0.801,0.591,0.513,0.872,0.35,0.205,0.305,0.489,0.866,0.746,0.262,0.748,0.43,0.423,0.084,0.579,0.323,0.98,0.601,0.91,0.504,0.1,0.916,0.412,0.524,0.108,0.243,0.478,0.513,0.975,0.92,0.477,0.566,0.462,0.354,0.288,0.117,0.323,0.731,0.554,0.818,0.088,0.489,0.156,0.89,0.531,0.243,0.973,0.589,0.773,0.177,0.463,0.153,0.618,0.991,0.856,0.896,0.819,0.503,0.082,0.997,0.133,0.945,0.941,0.276,0.993,0.101,0.339,0.312,0.149,0.805,0.074,0.288,0.162,0.546,0.191,0.541,0.33,0.441,0.204,0.828,0.636,0.681,0.327,0.244,0.327,0.108,0.39,0.294,0.328,0.16,0.804,0.727,0.956,0.744,0.403,0.675,0.685,0.877,0.93,0.986,0.839,0.666,0.786,0.114,0.034,0.169,0.7,0.816,0.343,0.028,0.756,0.708,0.526,0.301,0.06,0.926,0.402,0.924,0.187,0.897,0.827,0.793,0.744,0.55,0.439,0.657,0.182,0.149,0.139,0.426,0.162,0.869,0.311,0.828,0.269,0.655,0.306,0.616,0.656,0.526,0.95,0.773,0.328,0.736,0.16,0.915,0.313,0.487,0.823,0.254,0.418,0.678,0.56,0.962,0.735,0.998,0.97,0.259,0.915,0.866,0.85,0.705,0.935,0.161,0.636,0.821,0.376,0.823,0.249,0.192,0.155,0.657,0.177,0.3,0.848,0.155,0.085,0.192,0.592,0.849,0.111,0.587,0.494,0.097,0.305,0.843,0.36,0.296,0.807,0.184,0.67,0.57,0.257,0.94,0.493,0.567,0.727,0.243,0.011,0.262,0.436,0.628,0.011,0.274,0.741,0.76,0.761,0.278,0.72,0.61,0.009,0.744,0.217,0.645,0.779,0.984,0.296,0.738,0.968,0.004,0.467,0.676,0.415,0.309,0.968,0.462,0.829,0.856,0.831,0.645,0.409,0.315,0.894,0.281,0.624,0.593,0.11,0.907,0.944,0.98,0.215,0.71,0.508,0.994,0.289,0.366,0.345,0.445,0.448,0.466,0.847,0.699,0.456,0.415,0.293,0.007,0.842,0.879,0.341,0.706,0.311,0.459,0.801,0.064,0.935,0.259,0.873,0.422,0.218,0.228,0.216,0.923,0.299,0.567,0.498,0.971,0.935,0.485,0.649,0.929,0.731,0.901,0.322,0.352,0.82,0.856,0.347,0.371,0.691,0.565,0.351,0.32,0.018,0.533,0.26,0.773,0.921,0.528,0.69,0.026,0.757,0.679,0.285,0.908,0.241,0.518,0.132,0.384,0.888,0.901,0.557,0.523,0.422,0.019,0.783,0.87,0.366,0.472,0.512,0.757,0.022,0.983,0.685,0.463,0.732,0.332,0.295,0.195,0.561,0.402,0.634,0.728,0.918,0.079,0.009,0.678,0.319,0.684,0.782,0.008,0.765,0.349,0.787,0.862,0.029,0.801,0.453,0.017,0.379,0.879,0.975,0.251,0.472,0.082,0.365,0.18,0.419,0.693,0.236,0.893,0.512,0.135,0.765,0.61,0.795,0.181,0.509,0.005,0.507,0.676,0.483,0.752,0.143,0.114,0.831,0.999,0.136,0.773,0.807,0.54,0.825,0.004,0.068,0.634,0.206,0.627,0.754,0.176,0.329,0.445,0.685,0.282,0.859,0.018,0.318,0.979,0.3,0.832,0.373,0.139,0.146,0.118,0.296,0.14,0.708,0.788,0.853,0.591,0.922,0.189,0.039,0.944,0.339,0.376,0.78,0.34,0.994,0.969,0.071,0.231,0.75,0.874,0.21,0.274,0.107,0.363,0.894,0.083,0.533,0.473,0.591,0.172,0.431,0.14,0.023,0.305,0.305,0.469,0.633,0.417
2020-02-01 19:55:27,0.288,0.6,0.326,0.054,0.559,0.704,0.757,0.863,0.583,0.046,0.157,0.473,0.29,0.209,0.341,0.899,0.058,0.155,0.476,0.481,0.205,0.772,0.022,0.839,0.557,0.858,0.098,0.973,0.131,0.297,0.992,0.704,0.502,0.156,0.801,0.149,0.386,0.234,0.77,0.461,0.444,0.919,0.081,0.643,0.47,0.535,0.157,0.396,0.592,0.079,0.925,0.465,0.049,0.568,0.971,0.322,0.777,0.555,0.528,0.853,0.82,0.097,0.876,0.607,0.461,0.453,0.403,0.828,0.987,0.728,0.169,0.438,0.712,0.78,0.526,0.178,0.854,0.289,0.865,0.099,0.708,0.706,0.901,0.517,0.095,0.223,0.329,0.671,0.821,0.345,0.055,0.537,0.14,0.009,0.968,0.359,0.192,0.542,0.478,0.581,0.259,0.67,0.219,0.151,0.243,0.545,0.465,0.077,0.158,0.907,0.442,0.308,0.065,0.947,0.705,0.011,0.73,0.359,0.501,0.046,0.889,0.987,0.832,0.68,0.468,0.324,0.982,0.987,0.075,0.452,0.611,0.974,0.958,0.403,0.613,0.542,0.482,0.927,0.742,0.302,0.362,0.115,0.023,0.232,0.546,0.768,0.543,0.653,0.895,0.307,0.798,0.255,0.035,0.797,0.22,0.707,0.9,0.835,0.176,0.594,0.839,0.65,0.574,0.637,0.949,0.535,0.763,0.657,0.653,0.866,0.048,0.781,0.108,0.279,0.322,0.941,0.909,0.064,0.879,0.9,0.044,0.929,0.028,0.416,0.756,0.949,0.866,0.206,0.348,0.877,0.568,0.414,0.086,0.857,0.16,0.008,0.696,0.605,0.334,0.772,0.606,0.913,0.369,0.421,0.597,0.054,0.099,0.222,0.599,0.337,0.447,0.929,0.669,0.163,0.568,0.764,0.235,0.266,0.824,0.304,0.616,0.076,0.318,0.045,0.345,0.272,0.186,0.739,0.415,0.195,0.762,0.457,0.093,0.963,0.575,0.628,0.123,0.94,0.965,0.926,0.615,0.507,0.84,0.707,0.038,0.966,0.853,0.296,0.364,0.252,0.921,0.842,0.947,0.049,0.719,0.034,0.767,0.867,0.035,0.453,0.71,0.573,0.538,0.951,0.518,0.764,0.997,0.842,0.018,0.759,0.408,0.33,0.006,0.082,0.826,0.069,0.8,0.41,0.287,0.015,0.963,0.029,0.899,0.717,0.214,0.259,0.342,0.152,0.932,0.537,0.562,0.414,0.055,0.771,0.288,0.564,0.726,0.381,0.561,0.966,0.712,0.872,0.184,0.549,0.335,0.015,0.382,0.971,0.273,0.397,0.214,0.662,0.21,0.175,0.554,0.677,0.569,0.109,0.662,0.974,0.762,0.028,0.368,0.043,0.752,0.999,0.813,0.844,0.588,0.293,0.238,0.898,0.957,0.943,0.084,0.391,0.123,0.44,0.597,0.903,0.089,0.33,0.621,0.341,0.205,0.37,0.295,0.031,0.775,0.149,0.708,0.854,0.813,0.953,0.094,0.09,0.255,0.04,0.841,0.497,0.725,0.825,0.909,0.948,0.91,0.947,0.012,0.841,0.205,0.443,0.97,0.719,0.35,0.088,0.837,0.506,0.635,0.994,0.025,0.813,0.764,0.598,0.185,0.296,0.102,0.276,0.24,0.243,0.241,0.453,0.092,0.705,0.011,0.6,0.55,0.649,0.08,0.066,0.161,0.427,0.05,0.773,0.546,0.447,0.708,0.063,0.52,0.289,0.668,0.499,0.763,0.215,0.502,0.738,0.02,0.223,0.832,0.521,0.492,0.398,0.564,0.75,0.798,0.267,0.081,0.532,0.79,0.538,0.393,0.857,0.231,0.244,0.294,0.197,0.221,0.112,0.057,0.751,0.148,0.038,0.974,0.029,0.494,0.136,0.338,0.492,0.266,0.806,0.207,0.18,0.098,0.974,0.903,0.012,0.116,0.452,0.678,0.334,0.161,0.711,0.238,0.85,0.784,0.228,0.712,0.115,0.498,0.365,0.261,0.975,0.608,0.845,0.649,0.033,0.692,0.798,0.068,0.613,0.817,0.915,0.985,0.139,0.989,0.38,0.235,0.953,0.683,0.922,0.054,0.714,0.999,0.956,0.424,0.795,0.48,0.541,0.48,0.644,0.1,0.268,0.822,0.797,0.875,0.832,0.143,0.497,0.057,0.829,0.813,0.45,0.812,0.143
2020-02-01 19:55:27,0.145,0.206,0.834,0.571,0.211,0.048,0.94,0.476,0.657,0.333,0.958,0.404,0.256,0.139,0.332,0.714,0.554,0.12,0.194,0.945,0.027,0.759,0.288,0.133,0.478,0.751,0.744,0.904,0.266,0.726,0.552,0.975,0.279,0.442,0.829,0.661,0.179,0.139,0.204,0.105,0.815,0.688,0.319,0.955,0.314,0.552,0.334,0.578,0.962,0.973,0.422,0.151,0.659,0.165,0.022,0.344,0.364,0.68,0.134,0.773,0.398,0.708,0.962,0.996,0.708,0.928,0.171,0.156,0.727,0.434,0.936,0.098,0.202,0.447,0.456,0.618,0.339,0.541,0.19,0.072,0.881,0.404,0.632,0.616,0.147,0.669,0.228,0.426,0.477,0.186,0.368,0.118,0.348,0.514,0.423,0.203,0.707,0.544,0.854,0.401,0.242,0.932,0.436,0.258,0.755,0.031,0.886,0.322,0.479,0.22,0.393,0.827,0.534,0.225,0.738,0.131,0.493,0.447,0.098,0.182,0.174,0.772,0.402,0.859,0.221,0.461,0.566,0.948,0.275,0.854,0.078,0.894,0.174,0.199,0.726,0.778,0.092,0.492,0.176,0.395,0.502,0.198,0.304,0.738,0.915,0.53,0.549,0.407,0.576,0.41,0.895,0.757,0.485,0.787,0.591,0.607,0.564,0.221,0.265,0.923,0.592,0.839,0.818,0.148,0.62,0.898,0.346,0.513,0.886,0.092,0.978,0.01,0.394,0.405,0.17,0.249,0.41,0.334,0.419,0.718,0.744,0.153,0.601,0.23,0.289,0.474,0.803,0.924,0.814,0.06,0.788,0.074,0.152,0.947,0.367,0.358,0.698,0.763,0.276,0.613,0.663,0.464,0.999,0.658,0.741,0.471,0.667,0.559,0.678,0.044,0.967,0.017,0.794,0.362,0.815,0.971,0.538,0.004,0.023,0.243,0.864,0.163,0.656,0.445,0.302,0.542,0.828,0.524,0.585,0.148,0.506,0.974,0.7,0.574,0.345,0.373,0.009,0.978,0.887,0.798,0.743,0.392,0.629,0.772,0.895,0.634,0.005,0.07,0.824,0.67,0.943,0.003,0.498,0.858,0.199,0.898,0.139,0.593,0.976,0.223,0.197,0.77,0.431,0.48,0.269,0.774,0.391,0.565,0.084,0.975,0.832,0.69,0.963,0.987,0.46,0.933,0.751,0.439,0.994,0.464,0.222,0.586,0.542,0.205,0.056,0.372,0.304,0.609,0.397,0.733,0.674,0.052,0.708,0.91,0.591,0.918,0.527,0.766,0.625,0.305,0.189,0.961,0.446,0.255,0.096,0.578,0.645,0.169,0.845,0.46,0.49,0.031,0.219,0.761,0.862,0.2,0.149,0.251,0.595,0.027,0.133,0.873,0.861,0.333,0.973,0.158,0.406,0.196,0.516,0.886,0.556,0.917,0.58,0.568,0.946,0.828,0.112,0.893,0.739,0.735,0.643,0.929,0.409,0.45,0.218,0.802,0.018,0.543,0.765,0.443,0.883,0.887,0.781,0.314,0.215,0.754,0.828,0.303,0.082,0.914,0.426,0.83,0.366,0.507,0.242,0.177,0.496,0.222,0.414,0.288,0.186,0.273,0.047,0.597,0.712,0.02,0.534,0.36,0.239,0.124,0.384,0.697,0.255,0.049,0.45,0.207,0.128,0.725,0.807,0.838,0.701,0.171,0.024,0.932,0.437,0.779,0.982,0.182,0.915,0.55,0.1,0.682,0.139,0.306,0.978,0.468,0.969,0.273,0.757,0.341,0.258,0.495,0.158,0.997,0.445,0.658,0.835,0.619,0.441,0.448,0.831,0.577,0.667,0.078,0.366,0.423,0.785,0.305,0.326,0.139,0.961,0.336,0.313,0.103,0.932,0.957,0.269,0.786,0.867,0.546,0.257,0.499,0.339,0.725,0.584,0.172,0.82,0.29,0.618,0.304,0.47,0.44,0.451,0.108,0.901,0.676,0.842,0.246,0.863,0.687,0.25,0.108,0.37,0.531,0.246,0.834,0.313,0.223,0.389,0.862,0.598,0.653,0.671,0.665,0.751,0.593,0.91,0.208,0.387,0.105,0.659,0.318,0.056,0.747,0.476,0.965,0.333,0.32,0.255,0.33,0.282,0.477,0.253,0.624,0.188,0.931,0.222,0.805,0.728,0.32,0.834,0.775,0.467,0.801,0.411,0.326,0.152,0.57,0.172,0.585,0.011,0.106
2020-02-01 19:55:27,0.121,0.531,0.192,0.26,0.038,0.449,0.066,0.213,0.578,0.054,0.517,0.099,0.296,0.263,0.075,0.986,0.095,0.759,0.623,0.427,0.93,0.184,0.312,0.107,0.389,0.912,0.468,0.105,0.626,0.276,0.71,0.533,0.718,0.333,0.565,0.364,0.297,0.283,0.479,0.578,0.714,0.963,0.858,0.305,0.91,0.105,0.921,0.356,0.532,0.721,0.619,0.016,0.231,0.131,0.502,0.022,0.553,0.931,0.501,0.168,0.947,0.405,0.031,0.176,0.813,0.636,0.282,0.447,0.141,0.029,0.444,0.967,0.033,0.261,0.015,0.698,0.452,0.275,0.776,0.327,0.997,0.204,0.412,0.927,0.484,0.348,0.458,0.143,0.947,0.56,0.785,0.48,0.109,0.529,0.358,0.886,0.868,0.861,0.464,0.511,0.253,0.165,0.284,0.26,0.378,0.394,0.43,0.441,0.142,0.029,0.782,0.389,0.156,0.996,0.814,0.074,0.947,0.119,0.058,0.411,0.628,0.582,0.744,0.911,0.068,0.541,0.793,0.018,0.757,0.32,0.424,0.304,0.255,0.895,0.207,0.281,0.455,0.157,0.141,0.469,0.815,0.916,0.392,0.105,0.896,0.332,0.051,0.56,0.317,0.804,0.325,0.315,0.942,0.722,0.706,0.811,0.927,0.663,0.872,0.505,0.296,0.545,0.905,0.588,0.147,0.73,0.355,0.045,0.849,0.632,0.776,0.999,0.925,0.07,0.136,0.92,0.155,0.565,0.348,0.639,0.2,0.562,0.179,0.418,0.595,0.748,0.801,0.273,0.65,0.622,0.782,0.539,0.416,0.531,0.397,0.383,0.362,0.589,0.137,0.363,0.622,0.755,0.383,0.053,0.765,0.799,0.849,0.634,0.849,0.335,0.191,0.755,0.494,0.79,0.062,0.657,0.896,0.46,0.825,0.92,0.991,0.507,0.516,0.879,0.166,0.113,0.601,0.141,0.125,0.093,0.218,0.575,0.206,0.123,0.463,0.083,0.037,0.875,0.728,0.62,0.326,0.312,0.738,0.123,0.227,0.128,0.069,0.271,0.869,0.859,0.915,0.991,0.706,0.775,0.096,0.634,0.97,0.322,0.669,0.313,0.358,0.748,0.07,0.945,0.717,0.789,0.198,0.122,0.165,0.251,0.48,0.586,0.231,0.904,0.71,0.67,0.602,0.719,0.472,0.565,0.58,0.814,0.85,0.008,0.868,0.333,0.537,0.921,0.219,0.83,0.663,0.881,0.425,0.52,0.295,0.957,0.608,0.301,0.366,0.393,0.018,0.459,0.188,0.78,0.519,0.624,0.35,0.81,0.189,0.026,0.913,0.259,0.067,0.375,0.584,0.031,0.41,0.137,0.961,0.821,0.162,0.528,0.072,0.167,0.909,0.859,0.654,0.105,0.715,0.666,0.629,0.168,0.493,0.735,0.347,0.925,0.053,0.198,0.786,0.691,0.112,0.004,0.728,0.901,0.694,0.653,0.432,0.688,0.052,0.747,0.16,0.859,0.156,0.685,0.146,0.102,0.338,0.301,0.646,0.19,0.55,0.064,0.004,0.442,0.753,0.574,0.992,0.155,0.445,0.01,0.413,0.84,0.972,0.135,0.36,0.191,0.121,0.14,0.312,0.825,0.282,0.458,0.566,0.829,0.914,0.099,0.428,0.191,0.047,0.127,0.184,0.894,0.209,0.581,0.219,0.486,0.762,0.816,0.386,0.272,0.211,0.693,0.635,0.523,0.808,0.57,0.963,0.863,0.248,0.946,0.39,0.843,0.333,0.615,0.616,0.315,0.375,0.318,0.656,0.869,0.21,0.854,0.794,0.675,0.684,0.347,0.32,0.904,0.16,0.346,0.72,0.595,0.516,0.263,0.487,0.62,0.091,0.743,0.913,0.924,0.662,0.885,0.525,0.944,0.091,0.134,0.233,0.577,0.3,0.158,0.458,0.292,0.717,0.378,0.274,0.104,0.495,0.01,0.338,0.426,0.846,0.958,0.887,0.175,0.689,0.732,0.802,0.598,0.765,0.673,0.302,0.348,0.5,0.823,0.184,0.698,0.387,0.662,0.162,0.452,0.146,0.639,0.929,0.593,0.895,0.227,0.39,0.123,0.826,0.515,0.4,0.237,0.359,0.479,0.52,0.624,0.774,0.712,0.116,0.521,0.597,0.595,0.264,0.215,0.888,0.376,0.297,0.552,0.609,0.506,0.174,0.824
2020-02-01 19:55:27,0.865,0.935,0.247,0.779,0.088,0.02,0.076,0.882,0.185,0.411,0.727,0.929,0.841,0.898,0.843,0.275,0.085,0.211,0.667,0.19,0.504,0.27,0.193,0.386,0.346,0.259,0.399,0.687,0.912,0.973,0.8,0.701,0.818,0.236,0.53,0.991,0.208,0.721,0.527,0.553,0.084,0.089,0.191,0.736,0.031,0.611,0.25,0.297,0.325,0.243,0.565,0.031,0.608,0.068,0.498,0.653,0.409,0.168,0.407,0.27,0.547,0.171,0.441,0.679,0.199,0.826,0.648,0.873,0.803,0.424,0.676,0.532,0.41,0.723,0.017,0.12,0.699,0.953,0.205,0.527,0.455,0.754,0.637,0.864,0.543,0.214,0.89,0.077,0.454,0.957,0.963,0.798,0.607,0.44,0.58,0.274,0.811,0.997,0.23,0.321,0.306,0.089,0.114,0.427,0.461,0.973,0.821,0.306,0.027,0.571,0.487,0.015,0.418,0.181,0.36,0.044,0.988,0.671,0.988,0.784,0.528,0.068,0.494,0.924,0.259,0.329,0.191,0.245,0.598,0.375,0.928,0.545,0.716,0.675,0.708,0.982,0.463,0.136,0.248,0.432,0.84,0.42,0.807,0.424,0.37,0.12,0.707,0.967,0.682,0.764,0.347,0.401,0.304,0.769,0.006,0.909,0.933,0.408,0.461,0.243,0.909,0.397,0.528,0.516,0.813,0.722,0.463,0.491,0.189,0.153,0.372,0.542,0.423,0.462,0.854,0.863,0.919,0.09,0.467,0.332,0.371,0.763,0.701,0.452,0.255,0.55,0.673,0.528,0.437,0.252,0.717,0.987,0.544,0.038,0.056,0.396,0.413,0.792,0.715,0.926,0.22,0.941,0.774,0.114,0.273,0.492,0.117,0.99,0.604,0.385,0.569,0.964,0.935,0.418,0.968,0.343,0.505,0.521,0.195,0.179,0.419,0.87,0.159,0.147,0.34,0.305,0.559,0.398,0.795,0.601,0.905,0.068,0.194,0.819,0.746,0.534,0.522,0.196,0.277,0.909,0.39,0.532,0.376,0.684,0.13,0.514,0.751,0.663,0.369,0.748,0.254,0.047,0.826,0.22,0.563,0.526,0.953,0.966,0.809,0.929,0.544,0.654,0.912,0.208,0.563,0.131,0.0,0.969,0.79,0.821,0.783,0.887,0.62,0.229,0.074,0.111,0.086,0.104,0.756,0.066,0.788,0.554,0.217,0.939,0.074,0.999,0.674,0.171,0.813,0.886,0.349,0.256,0.11,0.343,0.51,0.701,0.009,0.559,0.828,0.049,0.221,0.561,0.191,0.576,0.379,0.756,0.868,0.805,0.424,0.872,0.271,0.491,0.396,0.212,0.097,0.949,0.025,0.652,0.527,0.663,0.162,0.927,0.922,0.652,0.918,0.247,0.607,0.314,0.964,0.318,0.937,0.977,0.064,0.039,0.084,0.846,0.137,0.038,0.159,0.674,0.895,0.151,0.286,0.725,0.851,0.221,0.697,0.868,0.143,0.566,0.927,0.266,0.59,0.465,0.377,0.747,0.951,0.24,0.409,0.701,0.336,0.513,0.186,0.05,0.268,0.553,0.504,0.61,0.586,0.29,0.836,0.087,0.7,0.979,0.055,0.092,0.203,0.299,0.95,0.276,0.087,0.859,0.362,0.596,0.372,0.284,0.982,0.922,0.957,0.697,0.161,0.188,0.045,0.889,0.074,0.916,0.048,0.965,0.767,0.475,0.021,0.974,0.835,0.566,0.913,0.366,0.941,0.154,0.578,0.548,0.112,0.078,0.403,0.611,0.732,0.348,0.429,0.598,0.12,0.029,0.993,0.679,0.195,0.085,0.016,0.422,0.649,0.414,0.206,0.966,0.267,0.347,0.915,0.683,0.375,0.123,0.883,0.618,0.93,0.399,0.492,0.227,0.389,0.059,0.76,0.261,0.305,0.305,0.328,0.587,0.31,0.448,0.565,0.829,0.617,0.47,0.944,0.093,0.69,0.093,0.905,0.446,0.339,0.03,0.684,0.573,0.691,0.697,0.148,0.116,0.622,0.559,0.836,0.812,0.609,0.376,0.833,0.686,0.609,0.105,0.851,0.628,0.916,0.139,0.8,0.531,0.182,0.988,0.816,0.191,0.883,0.152,0.485,0.265,0.625,0.019,0.539,0.144,0.429,0.132,0.515,0.902,0.518,0.131,0.282,0.968,0.493,0.499,0.786,0.925,0.549,0.987
