2020-02-01 19:55:27,0.136,0.778,0.535,0.95,0.122,0.6,0.481,0.049,0.181,0.3,0.842,0.76,0.65,0.749,0.339,0.424,0.901,0.066,0.506,0.814,0.056,0.422,0.888,0.272,0.581,0.04,0.45,0.44,0.436,0.985,0.646,0.333,0.255,0.017,0.363,0.801,0.445,0.618,0.395,0.679,0.492,0.521,0.083,0.212,0.388,0.792,0.172,0.02,0.269,0.415,0.918,0.558,0.49,0.92,0.538,0.706,0.276,0.215,0.797,0.892,0.399,0.765,0.079,0.899,0.135,0.282,0.887,0.93,0.091,0.916,0.288,0.455,0.582,0.11,0.415,0.359,0.671,0.098,0.225,0.596,0.406,0.109,0.639,0.83,0.355,0.85,0.185,0.652,0.266,0.496,0.227,0.198,0.513,0.411,0.015,0.682,0.678,0.305,0.03,0.571,0.786,0.161,0.923,0.742,0.1,0.23,0.31,0.401,0.523,0.372,0.619,0.35,0.438,0.384,0.467,0.1,0.896,0.644,0.693,0.626,0.101,0.201,0.03,0.608,0.04,0.171,0.25,0.625,0.455,0.999,0.505,0.623,0.028,0.162,0.195,0.331,0.501,0.015,0.811,0.535,0.91,0.153,0.844,0.556,0.27,0.782,0.08,0.91,0.781,0.366,0.055,0.74,0.259,0.936,0.118,0.385,0.588,0.854,0.471,0.95,0.001,0.136,0.581,0.545,0.011,0.099,0.867,0.478,0.155,0.456,0.871,0.214,0.637,0.608,0.719,0.442,0.521,0.28,0.076,0.368,0.594,0.724,0.677,0.438,0.475,0.009,0.907,0.107,0.884,0.288,0.057,0.922,0.024,0.814,0.789,0.52,0.92,0.153,0.513,0.01,0.841,0.001,0.287,0.556,0.282,0.938,0.862,0.396,0.646,0.442,0.843,0.893,0.815,0.45,0.264,0.956,0.406,0.49,0.684,0.802,0.582,0.712,0.863,0.315,0.038,0.424,0.611,0.216,0.402,0.767,0.703,0.98,0.843,0.104,0.103,0.735,0.076,0.359,0.566,0.788,0.399,0.276,0.621,0.072,0.276,0.741,0.222,0.76,0.861,0.574,0.118,0.94,0.283,0.185,0.871,0.687,0.058,0.077,0.464,0.487,0.741,0.299,0.926,0.237,0.026,0.373,0.642,0.126,0.185,0.052,0.723,0.003,0.17,0.393,0.278,0.33,0.427,0.487,0.554,0.696,0.476,0.36,0.562,0.147,0.346,0.371,0.897,0.541,0.378,0.231,0.496,0.934,0.588,0.597,0.455,0.519,0.976,0.843,0.84,0.102,0.045,0.141,0.788,0.079,0.369,0.196,0.679,0.763,0.378,0.136,0.535,0.107,0.341,0.682,0.472,0.183,0.265,0.972,0.62,0.801,0.446,0.85,0.034,0.6,0.611,0.067,0.164,0.326,0.742,0.181,0.488,0.299,0.091,0.784,0.69,0.873,0.748,0.121,0.715,0.384,0.714,0.722,0.151,0.143,0.583,0.837,0.234,0.255,0.508,0.959,0.946,0.758,0.189,0.033,0.643,0.142,0.499,0.649,0.402,0.233,0.048,0.241,0.591,0.853,0.006,0.818,0.503,0.43,0.379,0.456,0.643,0.407,0.788,0.265,0.62,0.352,0.216,0.501,0.521,0.663,0.056,0.286,0.916,0.497,0.031,0.174,0.124,0.49,0.076,0.159,0.07,0.009,0.177,0.471,0.327,0.975,0.062,0.178,0.318,0.185,0.087,0.45,0.925,0.084,0.026,0.271,0.722,0.816,0.093,0.08,0.514,0.98,0.802,0.267,0.298,0.423,0.406,0.426,0.189,0.914,0.197,0.218,0.275,0.684,0.138,0.264,0.8,0.857,0.588,0.289,0.969,0.223,0.124,0.784,0.023,0.196,0.446,0.929,0.695,0.102,0.506,0.602,0.109,0.258,0.544,0.191,0.689,0.821,0.388,0.293,0.212,0.13,0.565,0.914,0.674,0.316,0.163,0.623,0.817,0.173,0.07,0.114,0.244,0.402,0.302,0.01,0.667,0.744,0.062,0.368,0.191,0.605,0.514,0.065,0.651,0.284,0.685,0.089,0.197,0.475,0.17,0.446,0.633,0.138,0.119,0.977,0.406,0.096,0.137,0.597,0.748,0.839,0.24,0.466,0.098,0.756,0.249,0.703,0.868,0.562,0.75,0.676,0.032,0.01,0.495,0.065,0.663,0.909,0.411,0.437,0.119,0.291
2020-02-01 19:55:27,0.728,0.261,0.808,0.846,0.89,0.232,0.028,0.767,0.1,0.652,0.364,0.338,0.589,0.067,0.103,0.697,0.289,0.513,0.836,0.679,0.297,0.12,0.354,0.623,0.369,0.27,0.082,0.757,0.015,0.261,0.64,0.617,0.538,0.702,0.938,0.527,0.377,0.921,0.922,0.114,0.161,0.792,0.674,0.163,0.286,0.002,0.003,0.806,0.503,0.167,0.391,0.222,0.45,0.455,0.009,0.237,0.579,0.341,0.02,0.334,0.392,0.994,0.438,0.703,0.135,0.705,0.743,0.063,0.701,0.022,0.856,0.943,0.139,0.571,0.363,0.638,0.191,0.828,0.168,0.452,0.504,0.467,0.162,0.719,0.69,0.776,0.884,0.517,0.928,0.66,0.505,0.126,0.853,0.955,0.137,0.308,0.085,0.719,0.596,0.845,0.74,0.026,0.673,0.001,0.124,0.332,0.397,0.077,0.803,0.452,0.48,0.205,0.013,0.177,0.255,0.162,0.121,0.494,0.554,0.236,0.893,0.531,0.912,0.861,0.977,0.597,0.105,0.984,0.524,0.257,0.65,0.172,0.887,0.134,0.727,0.095,0.578,0.3,0.175,0.273,0.815,0.915,0.185,0.643,0.073,0.23,0.714,0.493,0.68,0.179,0.928,0.198,0.858,0.351,0.281,0.066,0.031,0.869,0.121,0.361,0.212,0.975,0.89,0.649,0.111,0.537,0.41,0.127,0.571,0.583,0.202,0.044,0.036,0.099,0.382,0.039,0.278,0.616,0.31,0.845,0.128,0.432,0.417,0.774,0.744,0.672,0.782,0.828,0.054,0.257,0.738,0.006,0.449,0.884,0.051,0.857,0.622,0.589,0.639,0.655,0.084,0.461,0.917,0.519,0.825,0.553,0.543,0.227,0.016,0.19,0.9,0.692,0.921,0.362,0.102,0.988,0.302,0.062,0.121,0.134,0.664,0.468,0.206,0.607,0.584,0.458,0.842,0.005,0.493,0.532,0.117,0.953,0.628,0.81,0.157,0.526,0.009,0.941,0.535,0.646,0.099,0.266,0.404,0.91,0.763,0.749,0.894,0.625,0.801,0.491,0.805,0.918,0.649,0.791,0.865,0.535,0.481,0.43,0.676,0.311,0.722,0.111,0.4,0.633,0.559,0.89,0.715,0.045,0.685,0.15,0.997,0.676,0.6,0.032,0.999,0.425,0.616,0.35,0.263,0.139,0.772,0.409,0.146,0.168,0.539,0.573,0.435,0.747,0.521,0.487,0.253,0.254,0.232,0.013,0.381,0.721,0.428,0.267,0.998,0.093,0.466,0.788,0.236,0.004,0.071,0.434,0.043,0.144,0.586,0.151,0.783,0.23,0.881,0.046,0.794,0.898,0.976,0.121,0.366,0.097,0.762,0.761,0.765,0.286,0.236,0.902,0.602,0.573,0.536,0.386,0.865,0.554,0.551,0.441,0.693,0.173,0.73,0.016,0.807,0.47,0.115,0.599,0.958,0.465,0.063,0.347,0.588,0.17,0.614,0.224,0.027,0.131,0.476,0.224,0.053,0.186,0.586,0.06,0.197,0.658,0.784,0.437,0.027,0.718,0.866,0.339,0.247,0.777,0.081,0.794,0.891,0.168,0.054,0.713,0.973,0.861,0.487,0.321,0.354,0.781,0.133,0.634,0.137,0.052,0.323,0.676,0.578,0.711,0.847,0.543,0.192,0.099,0.195,0.349,0.714,0.073,0.83,0.028,0.684,0.645,0.02,0.947,0.834,0.004,0.375,0.512,0.964,0.763,0.555,0.988,0.186,0.953,0.783,0.669,0.97,0.29,0.799,0.564,0.695,0.916,0.033,0.326,0.377,0.383,0.849,0.603,0.67,0.187,0.23,0.76,0.979,0.321,0.567,0.441,0.351,0.834,0.507,0.37,0.195,0.038,0.512,0.968,0.702,0.209,0.561,0.196,0.145,0.116,0.732,0.882,0.771,0.518,0.048,0.225,0.149,0.037,0.033,0.36,0.511,0.295,0.417,0.853,0.29,0.066,0.593,0.817,0.492,0.449,0.95,0.001,0.505,0.59,0.182,0.597,0.555,0.885,0.601,0.648,0.42,0.192,0.782,0.271,0.427,0.958,0.975,0.73,0.486,0.159,0.188,0.764,0.608,0.273,0.577,0.056,0.761,0.145,0.125,0.602,0.01,0.615,0.426,0.634,0.015,0.1,0.35,0.641,0.386,0.305,0.752,0.973,0.553,0.617
2020-02-01 19:55:27,0.627,0.138,0.624,0.667,0.4,0.803,0.306,0.902,0.353,0.137,0.148,0.94,0.431,0.254,0.875,0.903,0.895,0.305,0.984,0.7,0.132,0.321,0.841,0.205,0.153,0.614,0.249,0.333,0.847,0.422,0.85,0.191,0.422,0.194,0.285,0.344,0.212,0.416,0.141,0.501,0.317,0.413,0.649,0.613,0.14,0.735,0.908,0.186,0.549,0.144,0.927,0.031,0.265,0.229,0.348,0.533,0.554,0.125,0.553,0.59,0.274,0.798,0.488,0.529,0.817,0.684,0.287,0.025,0.951,0.684,0.599,0.3,0.567,0.504,0.069,0.854,0.171,0.489,0.358,0.023,0.458,0.307,0.612,0.189,0.147,0.906,0.412,0.884,0.625,0.493,0.213,0.399,0.624,0.384,0.043,0.539,0.886,0.217,0.629,0.47,0.966,0.76,0.675,0.832,0.547,0.806,0.049,0.886,0.273,0.925,0.438,0.255,0.966,0.447,0.559,0.729,0.988,0.639,0.397,0.548,0.96,0.778,0.58,0.824,0.443,0.473,0.122,0.712,0.118,0.943,0.382,0.999,0.109,0.79,0.093,0.34,0.949,0.208,0.469,0.208,0.551,0.327,0.332,0.21,0.306,0.343,0.08,0.406,0.496,0.199,0.084,0.371,0.582,0.916,0.652,0.804,0.431,0.341,0.24,0.645,0.346,0.505,0.921,0.494,0.697,0.215,0.555,0.95,0.947,0.001,0.129,0.445,0.798,0.526,0.932,0.65,0.846,0.184,0.447,0.799,0.511,0.224,0.531,0.569,0.083,0.282,0.639,0.803,0.186,0.248,0.183,0.61,0.105,0.293,0.71,0.449,0.791,0.09,0.091,0.082,0.852,0.291,0.312,0.367,0.864,0.364,0.372,0.276,0.559,0.451,0.311,0.969,0.776,0.388,0.127,0.346,0.59,0.888,0.504,0.034,0.337,0.25,0.259,0.288,0.849,0.938,0.658,0.111,0.477,0.099,0.063,0.044,0.418,0.537,0.439,0.215,0.741,0.245,0.922,0.656,0.594,0.172,0.127,0.604,0.62,0.307,0.352,0.175,0.783,0.447,0.973,0.899,0.954,0.662,0.814,0.52,0.471,0.963,0.613,0.97,0.843,0.891,0.513,0.205,0.666,0.155,0.972,0.092,0.13,0.28,0.74,0.694,0.96,0.044,0.87,0.3,0.541,0.546,0.262,0.061,0.293,0.973,0.813,0.255,0.857,0.838,0.68,0.12,0.458,0.853,0.84,0.103,0.677,0.762,0.514,0.837,0.08,0.347,0.393,0.735,0.121,0.89,0.879,0.986,0.496,0.805,0.832,0.956,0.969,0.232,0.021,0.694,0.725,0.063,0.44,0.559,0.949,0.851,0.629,0.792,0.62,0.697,0.626,0.938,0.101,0.952,0.564,0.11,0.614,0.274,0.116,0.857,0.912,0.734,0.195,0.35,0.735,0.773,0.641,0.586,0.89,0.584,0.548,0.494,0.798,0.962,0.34,0.322,0.936,0.112,0.16,0.639,0.372,0.141,0.084,0.975,0.079,0.623,0.27,0.956,0.578,0.162,0.402,0.311,0.413,0.461,0.596,0.224,0.246,0.887,0.222,0.207,0.569,0.332,0.51,0.569,0.348,0.272,0.089,0.419,0.692,0.963,0.639,0.525,0.81,0.968,0.484,0.606,0.603,0.563,0.886,0.325,0.896,0.393,0.572,0.933,0.069,0.164,0.52,0.972,0.273,0.217,0.49,0.346,0.368,0.838,0.759,0.78,0.541,0.973,0.278,0.582,0.543,0.062,0.544,0.331,0.422,0.251,0.76,0.714,0.786,0.647,0.922,0.898,0.291,0.167,0.584,0.26,0.789,0.669,0.109,0.545,0.361,0.212,0.291,0.549,0.293,0.097,0.251,0.505,0.629,0.07,0.429,0.872,0.706,0.335,0.65,0.715,0.754,0.543,0.135,0.754,0.91,0.439,0.72,0.389,0.293,0.724,0.997,0.407,0.022,0.05,0.081,0.593,0.008,0.212,0.326,0.284,0.407,0.566,0.631,0.245,0.012,0.342,0.277,0.196,0.339,0.735,0.594,0.176,0.682,0.638,0.259,0.245,0.78,0.631,0.854,0.85,0.421,0.83,0.708,0.295,0.689,0.052,0.835,0.7,0.044,0.506,0.386,0.918,0.274,0.491,0.306,0.286,0.773,0.767,0.265,0.897,0.934,0.391,0.768,0.557
2020-02-01 19:55:27,0.522,0.561,0.532,0.416,0.235,0.718,0.131,0.788,0.466,0.673,0.039,0.75,0.501,0.441,0.452,0.685,0.873,0.749,0.998,0.941,0.896,0.841,0.725,0.31,0.056,0.191,0.077,0.213,0.98,0.601,0.061,0.563,0.352,0.142,0.528,0.62,0.385,0.684,0.234,0.993,0.629,0.37,0.245,0.896,0.079,0.81,0.227,0.853,0.071,0.898,0.145,0.19,0.329,0.086,0.309,0.648,0.146,0.516,0.29,0.64,0.792,0.943,0.11,0.057,0.399,0.03,0.056,0.238,0.379,0.687,0.901,0.522,0.328,0.788,0.946,0.387,0.961,0.116,0.3,0.686,0.155,0.388,0.469,0.193,0.772,0.555,0.126,0.586,0.534,0.799,0.301,0.249,0.898,0.07,0.562,0.91,0.479,0.031,0.957,0.178,0.987,0.743,0.174,0.245,0.242,0.368,0.88,0.84,0.007,0.443,0.72,0.872,0.057,0.663,0.735,0.711,0.266,0.63,0.42,0.039,0.746,0.19,0.693,0.22,0.978,0.271,0.555,0.254,0.133,0.73,0.411,0.086,0.319,0.869,0.412,0.51,0.367,0.002,0.82,0.067,0.894,0.314,0.152,0.166,0.017,0.107,0.822,0.658,0.474,0.121,0.388,0.732,0.824,0.618,0.995,0.605,0.709,0.275,0.248,0.987,0.128,0.292,0.65,0.527,0.161,0.489,0.085,0.014,0.733,0.353,0.592,0.158,0.458,0.009,0.789,0.508,0.166,0.952,0.963,0.246,0.59,0.289,0.571,0.802,0.69,0.524,0.673,0.439,0.945,0.262,0.273,0.583,0.747,0.703,0.848,0.827,0.549,0.07,0.299,0.847,0.057,0.424,0.581,0.075,0.71,0.132,0.321,0.098,0.397,0.417,0.473,0.856,0.538,0.455,0.34,0.74,0.119,0.298,0.11,0.417,0.124,0.901,0.635,0.067,0.668,0.695,0.248,0.339,0.114,0.788,0.029,0.937,0.368,0.667,0.128,0.325,0.634,0.755,0.41,0.733,0.431,0.27,0.605,0.136,0.471,0.235,0.49,0.397,0.923,0.363,0.882,0.014,0.188,0.135,0.442,0.9,0.753,0.464,0.122,0.881,0.257,0.668,0.594,0.538,0.22,0.301,0.471,0.903,0.272,0.504,0.42,0.205,0.849,0.622,0.57,0.014,0.146,0.094,0.662,0.947,0.237,0.319,0.655,0.093,0.874,0.696,0.428,0.186,0.612,0.915,0.312,0.961,0.429,0.921,0.935,0.814,0.925,0.97,0.182,0.793,0.355,0.075,0.713,0.597,0.123,0.878,0.744,0.821,0.534,0.106,0.043,0.318,0.139,0.985,0.617,0.808,0.54,0.586,0.276,0.927,0.139,0.382,0.949,0.728,0.651,0.866,0.266,0.184,0.332,0.922,0.809,0.41,0.05,0.198,0.912,0.533,0.222,0.828,0.009,0.305,0.171,0.509,0.377,0.224,0.739,0.601,0.123,0.612,0.161,0.124,0.251,0.846,0.19,0.529,0.036,0.871,0.542,0.461,0.297,0.426,0.497,0.522,0.332,0.183,0.697,0.982,0.253,0.511,0.981,0.51,0.492,0.279,0.884,0.504,0.522,0.51,0.742,0.111,0.559,0.267,0.178,0.89,0.16,0.939,0.309,0.604,0.836,0.845,0.343,0.988,0.691,0.847,0.606,0.82,0.921,0.731,0.339,0.798,0.201,0.858,0.478,0.8,0.782,0.418,0.123,0.908,0.034,0.826,0.86,0.471,0.285,0.813,0.673,0.127,0.62,0.202,0.835,0.774,0.794,0.858,0.969,0.767,0.69,0.822,0.544,0.251,0.413,0.96,0.52,0.194,0.594,0.349,0.5,0.27,0.993,0.608,0.897,0.54,0.623,0.107,0.867,0.375,0.857,0.993,0.639,0.684,0.661,0.139,0.476,0.151,0.889,0.913,0.488,0.57,0.544,0.706,0.315,0.51,0.055,0.009,0.9,0.018,0.048,0.219,0.045,0.745,0.794,0.127,0.844,0.504,0.859,0.723,0.628,0.302,0.019,0.718,0.211,0.731,0.301,0.805,0.196,0.579,0.999,0.698,0.884,0.619,0.986,0.465,0.343,0.265,0.139,0.155,0.034,0.968,0.225,0.987,0.266,0.902,0.508,0.832,0.984,0.917,0.278,0.579,0.397,0.851,0.22,0.201,0.369,0.226,0.651,0.808
2020-02-01 19:55:27,0.88,0.627,0.511,0.444,0.374,0.691,0.181,0.571,0.097,0.174,0.883,0.578,0.336,0.027,0.235,0.709,0.266,0.204,0.754,0.373,0.653,0.502,0.687,0.527,0.203,0.051,0.815,0.122,0.643,0.853,0.159,0.243,0.571,0.762,0.864,0.451,0.368,0.25,0.591,0.997,0.169,0.748,0.806,0.661,0.213,0.567,0.966,0.795,0.702,0.502,0.843,0.388,0.537,0.607,0.479,0.512,0.901,0.781,0.084,0.645,0.467,0.307,0.353,0.826,0.77,0.519,0.748,0.596,0.357,0.743,0.993,0.642,0.237,0.745,0.617,0.469,0.152,0.677,0.937,0.536,0.689,0.06,0.566,0.687,0.519,0.219,0.653,0.056,0.324,0.519,0.261,0.582,0.166,0.44,0.191,0.323,0.63,0.507,0.563,0.288,0.456,0.005,0.237,0.38,0.703,0.153,0.204,0.873,0.841,0.127,0.615,0.058,0.649,0.073,0.942,0.588,0.183,0.97,0.014,0.278,0.411,0.16,0.002,0.013,0.556,0.152,0.338,0.472,0.375,0.214,0.819,0.63,0.513,0.338,0.212,0.544,0.064,0.395,0.402,0.517,0.644,0.148,0.418,0.197,0.556,0.377,0.579,0.984,0.603,0.319,0.649,0.445,0.436,0.317,0.855,0.029,0.551,0.087,0.805,0.821,0.842,0.85,0.092,0.898,0.78,0.475,0.024,0.908,0.63,0.274,0.29,0.876,0.235,0.082,0.192,0.621,0.291,0.035,0.035,0.871,0.15,0.754,0.589,0.59,0.855,0.951,0.965,0.508,0.136,0.741,0.757,0.962,0.153,0.278,0.297,0.002,0.656,0.774,0.567,0.554,0.364,0.773,0.646,0.021,0.015,0.971,0.652,0.767,0.414,0.216,0.868,0.67,0.704,0.92,0.185,0.781,0.993,0.468,0.323,0.642,0.141,0.725,0.571,0.812,0.004,0.888,0.737,0.861,0.264,0.198,0.938,0.715,0.82,0.047,0.291,0.322,0.752,0.4,0.351,0.496,0.4,0.648,0.76,0.927,0.331,0.799,0.397,0.105,0.096,0.547,0.739,0.822,0.029,0.314,0.922,0.272,0.352,0.389,0.865,0.3,0.854,0.07,0.145,0.853,0.833,0.589,0.136,0.568,0.321,0.739,0.81,0.602,0.398,0.656,0.51,0.172,0.359,0.736,0.013,0.228,0.576,0.591,0.22,0.846,0.292,0.994,0.704,0.884,0.164,0.918,0.926,0.834,0.065,0.684,0.998,0.852,0.695,0.832,0.948,0.563,0.791,0.412,0.236,0.176,0.067,0.135,0.161,0.449,0.471,0.337,0.503,0.584,0.048,0.918,0.745,0.726,0.287,0.162,0.494,0.926,0.186,0.722,0.454,0.789,0.97,0.004,0.713,0.511,0.639,0.811,0.091,0.585,0.067,0.644,0.81,0.97,0.515,0.061,0.485,0.171,0.001,0.836,0.274,0.977,0.023,0.635,0.431,0.131,0.115,0.304,0.208,0.854,0.405,0.637,0.12,0.562,0.457,0.572,0.415,0.432,0.135,0.445,0.307,0.125,0.684,0.605,0.286,0.859,0.959,0.208,0.971,0.292,0.177,0.797,0.945,0.265,0.085,0.823,0.282,0.262,0.449,0.865,0.196,0.317,0.539,0.528,0.72,0.243,0.291,0.061,0.011,0.762,0.759,0.886,0.718,0.769,0.852,0.193,0.433,0.883,0.718,0.885,0.739,0.525,0.407,0.349,0.321,0.998,0.09,0.432,0.612,0.027,0.759,0.44,0.134,0.254,0.775,0.417,0.251,0.35,0.064,0.945,0.613,0.145,0.542,0.217,0.642,0.239,0.454,0.747,0.348,0.074,0.674,0.648,0.722,0.461,0.434,0.906,0.911,0.553,0.306,0.019,0.056,0.49,0.146,0.716,0.945,0.147,0.791,0.441,0.171,0.353,0.855,0.546,0.819,0.799,0.272,0.318,0.157,0.441,0.919,0.469,0.728,0.697,0.745,0.088,0.007,0.355,0.277,0.924,0.755,0.792,0.986,0.8,0.306,0.221,0.266,0.442,0.229,0.389,0.365,0.506,0.87,0.191,0.703,0.028,0.752,0.568,0.704,0.142,0.326,0.31,0.519,0.86,0.346,0.545,0.727,0.407,0.081,0.923,0.124,0.051,0.3,0.795,0.304,0.3,0.15,0.331,0.248,0.384,0.992,0.378
2020-02-01 19:55:27,0.577,0.483,0.855,0.212,0.449,0.643,0.278,0.009,0.02,0.981,0.816,0.943,0.659,0.826,0.031,0.264,0.52,0.146,0.685,0.185,0.996,0.512,0.901,0.459,0.575,0.174,0.346,0.052,0.91,0.176,0.849,0.961,0.963,0.414,0.284,0.832,0.105,0.21,0.649,0.75,0.915,0.307,0.329,0.953,0.616,0.501,0.838,0.839,0.03,0.659,0.923,0.401,0.478,0.903,0.836,0.105,0.99,0.163,0.529,0.932,0.72,0.809,0.555,0.351,0.831,0.389,0.556,0.31,0.137,0.077,0.773,0.381,0.783,0.097,0.303,0.644,0.027,0.364,0.045,0.281,0.153,0.19,0.429,0.044,0.575,0.942,0.929,0.187,0.057,0.675,0.405,0.511,0.608,0.972,0.723,0.469,0.48,0.436,0.865,0.22,0.465,0.523,0.239,0.695,0.782,0.801,0.741,0.399,0.887,0.298,0.615,0.817,0.05,0.193,0.8,0.171,0.43,0.199,0.078,0.759,0.542,0.977,0.356,0.852,0.696,0.545,0.355,0.369,0.929,0.492,0.155,0.179,0.784,0.22,0.019,0.686,0.11,0.37,0.719,0.174,0.317,0.007,0.872,0.28,0.939,0.541,0.401,0.758,0.324,0.704,0.824,0.569,0.465,0.474,0.459,0.476,0.793,0.972,0.483,0.099,0.71,0.678,0.866,0.336,0.591,0.898,0.047,0.033,0.05,0.84,0.657,0.965,0.382,0.585,0.615,0.05,0.581,0.253,0.134,0.237,0.149,0.76,0.143,0.003,0.253,0.669,0.132,0.721,0.006,0.735,0.271,0.319,0.699,0.885,0.268,0.786,0.473,0.05,0.715,0.612,0.288,0.693,0.883,0.983,0.439,0.756,0.447,0.828,0.612,0.444,0.409,0.642,0.955,0.497,0.966,0.079,0.371,0.638,0.783,0.661,0.425,0.876,0.408,0.602,0.647,0.243,0.777,0.89,0.755,0.878,0.594,0.419,0.324,0.84,0.69,0.325,0.935,0.105,0.385,0.191,0.397,0.342,0.728,0.477,0.782,0.347,0.743,0.538,0.545,0.698,0.939,0.168,0.237,0.895,0.357,0.779,0.542,0.479,0.963,0.046,0.892,0.732,0.014,0.354,0.054,0.92,0.021,0.871,0.051,0.216,0.7,0.263,0.311,0.339,0.764,0.998,0.067,0.255,0.79,0.974,0.456,0.734,0.059,0.202,0.037,0.009,0.422,0.996,0.997,0.278,0.338,0.333,0.877,0.644,0.154,0.848,0.27,0.549,0.814,0.623,0.099,0.072,0.169,0.852,0.398,0.035,0.198,0.691,0.418,0.899,0.491,0.75,0.824,0.515,0.346,0.507,0.511,0.543,0.877,0.333,0.841,0.57,0.572,0.423,0.802,0.357,0.677,0.48,0.964,0.866,0.53,0.342,0.086,0.657,0.67,0.601,0.407,0.922,0.845,0.058,0.721,0.494,0.654,0.113,0.919,0.947,0.177,0.101,0.85,0.477,0.213,0.375,0.178,0.063,0.333,0.432,0.1,0.373,0.756,0.4,0.812,0.987,0.286,0.805,0.225,0.362,0.517,0.177,0.303,0.137,0.543,0.888,0.765,0.503,0.165,0.654,0.906,0.431,0.531,0.029,0.391,0.72,0.984,0.16,0.947,0.647,0.894,0.993,0.207,0.279,0.535,0.75,0.22,0.149,0.889,0.79,0.729,0.661,0.269,0.62,0.855,0.569,0.056,0.991,0.408,0.904,0.283,0.335,0.883,0.404,0.516,0.463,0.127,0.257,0.043,0.152,0.594,0.146,0.121,0.187,0.328,0.396,0.384,0.707,0.541,0.586,0.982,0.19,0.03,0.537,0.439,0.957,0.049,0.571,0.127,0.558,0.061,0.053,0.851,0.905,0.438,0.014,0.514,0.005,0.125,0.574,0.04,0.871,0.547,0.718,0.704,0.707,0.648,0.764,0.111,0.956,0.438,0.445,0.338,0.545,0.751,0.009,0.586,0.553,0.601,0.593,0.256,0.04,0.212,0.432,0.052,0.516,0.27,0.441,0.288,0.758,0.376,0.517,0.892,0.812,0.318,0.228,0.244,0.529,0.832,0.035,0.921,0.952,0.498,0.266,0.207,0.052,0.352,0.557,0.42,0.508,0.779,0.462,0.771,0.501,0.566,0.157,0.436,0.701,0.252,0.327,0.378,0.815,0.76,0.902,0.22,0.887
2020-02-01 19:55:27,0.887,0.941,0.686,0.091,0.039,0.258,0.143,0.126,0.587,0.806,0.918,0.541,0.347,0.73,0.07,0.053,0.679,0.901,0.853,0.855,0.475,0.068,0.568,0.531,0.53,0.382,0.906,0.235,0.863,0.26,0.404,0.13,0.317,0.039,0.432,0.812,0.313,0.598,0.533,0.134,0.866,0.537,0.487,0.81,0.808,0.619,0.767,0.858,0.534,0.824,0.073,0.046,0.319,0.942,0.623,0.305,0.187,0.242,0.777,0.541,0.17,0.096,0.327,0.562,0.408,0.068,0.68,0.004,0.797,0.039,0.388,0.023,0.796,0.999,0.606,0.393,0.745,0.777,0.139,0.484,0.577,0.894,0.787,0.579,0.613,0.375,0.386,0.71,0.002,0.94,0.732,0.166,0.611,0.93,0.161,0.969,0.674,0.846,0.222,0.091,0.083,0.489,0.295,0.828,0.067,0.677,0.298,0.071,0.179,0.9,0.732,0.478,0.128,0.67,0.002,0.861,1.0,0.492,0.379,0.714,0.439,0.678,0.408,0.656,0.135,0.211,0.185,0.258,0.189,0.619,0.321,0.551,0.421,0.158,0.932,0.978,0.763,0.861,0.673,0.946,0.558,0.125,0.211,0.338,0.27,0.976,0.223,0.383,0.917,0.492,0.741,0.254,0.803,0.78,0.716,0.175,0.789,0.921,0.271,0.268,0.001,0.574,0.625,0.082,0.216,0.253,0.406,0.529,0.688,0.819,0.904,0.105,0.91,0.518,0.374,0.458,0.702,0.185,0.455,0.169,0.707,0.927,0.696,0.427,0.603,0.796,0.31,0.337,0.646,0.056,0.717,0.288,0.109,0.48,0.213,0.692,0.303,0.96,0.955,0.367,0.732,0.414,0.85,0.51,0.15,0.843,0.657,0.878,0.123,0.981,0.967,0.336,0.758,0.576,0.364,0.185,0.79,0.419,0.246,0.678,0.182,0.708,0.68,0.657,0.636,0.026,0.753,0.298,0.508,0.609,0.485,0.186,0.938,0.533,0.474,0.03,0.753,0.053,0.578,0.036,0.073,0.844,0.475,0.961,0.884,0.875,0.92,0.897,0.035,0.945,0.976,0.914,0.548,0.852,0.227,0.869,0.755,0.049,0.899,0.954,0.454,0.158,0.4,0.042,0.724,0.716,0.359,0.081,0.979,0.84,0.498,0.434,0.804,0.287,0.075,0.718,0.535,0.872,0.72,0.381,0.763,0.486,0.041,0.714,0.852,0.821,0.959,0.406,0.895,0.646,0.104,0.108,0.808,0.331,0.904,0.3,0.567,0.142,0.701,0.837,0.041,0.105,0.265,0.963,0.372,0.491,0.663,0.442,0.172,0.685,0.828,0.069,0.332,0.517,0.698,0.497,0.11,0.649,0.944,0.103,0.379,0.019,0.906,0.601,0.784,0.917,0.799,0.074,0.676,0.216,0.029,0.986,0.475,0.186,0.078,0.544,0.019,0.487,0.884,0.248,0.161,0.465,0.228,0.815,0.179,0.961,0.525,0.54,0.028,0.011,0.79,0.33,0.241,0.841,0.441,0.64,0.025,0.74,0.865,0.795,0.234,0.454,0.709,0.457,0.606,0.173,0.169,0.751,0.006,0.479,0.061,0.209,0.913,0.96,0.491,0.762,0.426,0.479,0.086,0.647,0.633,0.438,0.729,0.618,0.235,0.796,0.24,0.501,0.577,0.042,0.317,0.168,0.363,0.106,0.686,0.086,0.733,0.689,0.289,0.754,0.773,0.981,0.918,0.113,0.155,0.533,0.253,0.323,0.21,0.784,0.186,0.887,0.212,0.036,0.973,0.343,0.01,0.075,0.872,0.206,0.651,0.569,0.992,0.034,0.572,0.578,0.192,0.299,0.777,0.015,0.662,0.825,0.908,0.09,0.867,0.05,0.193,0.544,0.48,0.888,0.137,0.558,0.647,0.884,0.043,0.474,0.243,0.177,0.668,0.366,0.497,0.755,0.049,0.077,0.123,0.126,0.582,0.478,0.691,0.132,0.218,0.109,0.969,0.389,0.809,0.758,0.629,0.994,0.229,0.565,0.688,0.128,0.687,0.029,0.74,0.26,0.008,0.019,0.646,0.216,0.868,0.885,0.665,0.219,0.971,0.458,0.323,0.724,0.819,0.798,0.294,0.369,0.964,0.878,0.869,0.142,0.372,0.308,0.224,0.224,0.087,0.513,0.382,0.351,0.415,0.006,0.179,0.298,0.302,0.903,0.899,0.76
2020-02-01 19:55:27,0.349,0.175,0.88,0.458,0.13,0.71,0.642,0.157,0.492,0.834,0.308,0.988,0.498,0.379,0.803,0.881,0.066,0.503,0.055,0.364,0.621,0.66,0.361,0.298,0.773,0.924,0.974,0.391,0.122,0.835,0.525,0.15,0.891,0.592,0.258,0.525,0.67,0.571,0.902,0.981,0.189,0.787,0.61,0.755,0.005,0.872,0.75,0.578,0.533,0.009,0.143,0.758,0.412,0.397,0.115,0.071,0.051,0.805,0.062,0.684,0.512,0.141,0.327,0.108,0.301,0.915,0.618,0.255,0.867,0.209,0.686,0.168,0.805,0.199,0.241,0.954,0.634,0.342,0.316,0.303,0.398,0.999,0.449,0.242,0.153,0.015,0.979,0.411,0.273,0.246,0.019,0.918,0.825,0.023,0.12,0.589,0.325,0.085,0.655,0.4,0.861,0.992,0.959,0.559,0.521,0.938,0.059,0.894,0.519,0.889,0.819,0.861,0.107,0.816,0.03,0.202,0.01,0.041,0.737,0.052,0.158,0.98,0.7,0.577,0.862,0.078,0.923,0.722,0.68,0.535,0.45,0.498,0.917,0.252,0.632,0.276,0.786,0.39,0.686,0.001,0.119,0.873,0.825,0.406,0.353,0.925,0.035,0.079,0.296,0.416,0.139,0.262,0.624,0.591,0.702,0.812,0.755,0.158,0.326,0.698,0.885,0.312,0.525,0.16,0.429,0.653,0.337,0.168,0.605,0.569,0.421,0.121,0.791,0.81,0.013,0.703,0.279,0.697,0.141,0.865,0.577,0.456,0.922,0.247,0.132,0.151,0.208,0.418,0.192,0.685,0.269,0.279,0.751,0.886,0.56,0.523,0.631,0.515,0.341,0.999,0.252,0.814,0.471,0.167,0.078,0.505,0.671,0.373,0.215,0.001,0.943,0.718,0.703,0.132,0.445,0.087,0.746,0.428,0.274,0.452,0.871,0.363,0.816,0.35,0.161,0.796,0.727,0.449,0.047,0.708,0.622,0.226,0.312,0.327,0.08,0.096,0.831,0.727,0.951,0.344,0.61,0.943,0.204,0.458,0.103,0.455,0.383,0.24,0.87,0.678,0.109,0.592,0.273,0.738,0.212,0.088,0.173,0.487,0.227,0.809,0.249,0.18,0.995,0.012,0.917,0.226,0.33,0.307,0.703,0.363,0.867,0.646,0.855,0.781,0.098,0.694,0.077,0.251,0.461,0.003,0.188,0.855,0.926,0.205,0.472,0.986,0.005,0.793,0.137,0.467,0.432,0.278,0.993,0.458,0.856,0.39,0.409,0.112,0.562,0.523,0.667,0.035,0.192,0.401,0.217,0.709,0.396,0.913,0.322,0.64,0.914,0.251,0.641,0.207,0.573,0.665,0.217,0.253,0.844,0.965,0.867,0.724,0.862,0.562,0.361,0.142,0.098,0.095,0.392,0.555,0.263,0.049,0.718,0.304,0.868,0.673,0.913,0.479,0.097,0.961,0.406,0.17,0.244,0.005,0.02,0.319,0.921,0.692,0.226,0.562,0.718,0.902,0.29,0.783,0.607,0.697,0.499,0.451,0.494,0.528,0.116,0.189,0.579,0.661,0.344,0.76,0.366,0.853,0.445,0.664,0.399,0.506,0.203,0.717,0.001,0.323,0.162,0.122,0.597,0.849,0.977,0.483,0.608,0.019,0.686,0.772,0.99,0.807,0.287,0.198,0.251,0.467,0.649,0.717,0.033,0.133,0.094,0.879,0.173,0.534,0.045,0.847,0.233,0.425,0.491,0.645,0.161,0.338,0.585,0.367,0.388,0.777,0.824,0.76,0.491,0.893,0.309,0.736,0.61,0.756,0.945,0.611,0.613,0.987,0.372,0.109,0.498,0.341,0.266,0.869,0.879,0.005,0.808,0.808,0.973,0.057,0.333,0.455,0.006,0.302,0.917,0.612,0.45,0.79,0.522,0.418,0.754,0.434,0.434,0.904,0.113,0.304,0.493,0.455,0.306,0.47,0.398,0.063,0.638,0.992,0.307,0.576,0.287,0.746,0.837,0.38,0.443,0.245,0.619,0.21,0.102,0.93,0.225,0.966,0.378,0.574,0.571,0.512,0.835,0.014,0.428,0.415,0.188,0.035,0.64,0.34,0.336,0.649,0.933,0.882,0.268,0.139,0.079,0.959,0.14,0.07,0.27,0.421,0.696,0.843,0.209,0.789,0.036,0.398,0.115,0.438,0.811,0.275,0.877,0.122,0.773,0.847
2020-02-01 19:55:27,0.372,0.721,0.573,0.958,0.772,0.751,0.426,0.772,0.854,0.371,0.249,0.687,0.131,0.402,0.012,0.379,0.216,0.075,0.524,0.348,0.952,0.431,0.483,0.829,0.883,0.302,0.01,0.635,0.806,0.625,0.885,0.39,0.648,0.637,0.96,0.89,0.211,0.033,0.869,0.873,0.155,0.486,0.695,0.861,0.193,0.511,0.417,0.216,0.44,0.392,0.165,0.505,0.522,0.96,0.473,0.831,0.466,0.863,0.71,0.356,0.436,0.638,0.791,0.678,0.183,0.122,0.895,0.096,0.504,0.905,0.754,0.41,0.385,0.184,0.368,0.429,0.812,0.899,0.636,0.923,0.241,0.341,0.092,0.593,0.542,0.259,0.001,0.146,0.385,0.567,0.012,0.232,0.292,0.841,0.056,0.891,0.201,0.947,0.037,0.433,0.952,0.134,0.926,0.54,0.871,0.931,0.94,0.232,0.77,0.429,0.701,0.049,0.087,0.002,0.758,0.181,0.838,0.717,0.68,0.322,0.018,0.676,0.957,0.077,0.647,0.625,0.359,1.0,0.412,0.132,0.576,0.549,0.792,0.085,0.768,0.012,0.302,0.41,0.771,0.386,0.933,0.918,0.875,0.499,0.346,0.19,0.771,0.917,0.289,0.835,0.317,0.242,0.677,0.17,0.06,0.887,0.78,0.176,0.011,0.379,0.936,0.879,0.176,0.795,0.779,0.788,0.191,0.029,0.349,0.39,0.973,0.716,0.264,0.914,0.014,0.28,0.731,0.138,0.039,0.368,0.338,0.678,0.318,0.424,0.174,0.847,0.413,0.051,0.833,0.587,0.905,0.947,0.629,0.77,0.706,0.523,0.967,0.026,0.048,0.586,0.568,0.921,0.317,0.536,0.135,0.946,0.611,0.663,0.831,0.131,0.536,0.861,0.963,0.563,0.266,0.055,0.073,0.391,0.508,0.037,0.265,0.562,0.19,0.233,0.097,0.526,0.729,0.239,0.96,0.884,0.671,0.787,0.833,0.852,0.294,0.901,0.773,0.313,0.963,0.378,0.484,0.245,0.872,0.261,0.46,0.839,0.764,0.44,0.957,0.696,0.965,0.564,0.815,0.682,0.525,0.452,0.807,0.529,0.601,0.585,1.0,0.394,0.45,0.63,0.015,0.058,0.044,0.422,0.996,0.167,0.467,0.91,0.073,0.768,0.604,0.254,0.532,0.308,0.964,0.909,0.744,0.908,0.787,0.125,0.968,0.518,0.405,0.598,0.119,0.639,0.462,0.208,0.686,0.875,0.178,0.792,0.254,0.454,0.344,0.35,0.763,0.479,0.55,0.975,0.734,0.6,0.104,0.266,0.777,0.701,0.589,0.027,0.228,0.637,0.515,0.723,0.706,0.127,0.058,0.365,0.921,0.456,0.19,0.702,0.882,0.811,0.936,0.15,0.385,0.382,0.98,0.695,0.401,0.685,0.048,0.043,0.129,0.299,0.488,0.042,0.656,0.918,0.455,0.835,0.607,0.554,0.308,0.479,0.671,0.893,0.406,0.946,0.616,0.149,0.973,0.859,0.236,0.411,0.053,0.317,0.388,0.228,0.131,0.832,0.021,0.284,0.415,0.636,0.478,0.446,0.499,0.07,0.73,0.121,0.814,0.146,0.526,0.085,0.929,0.002,0.284,0.353,0.114,0.309,0.651,0.059,0.785,0.822,0.583,0.054,0.992,0.909,0.022,0.277,0.221,0.35,0.973,0.964,0.196,0.2,0.668,0.57,0.754,0.531,0.208,0.999,0.133,0.346,0.274,0.196,0.432,0.46,0.021,0.484,0.239,0.451,0.399,0.898,0.231,0.743,0.472,0.255,0.959,0.536,0.458,0.16,0.118,0.563,0.188,0.272,0.641,0.148,0.909,0.475,0.816,0.586,0.576,0.791,0.656,0.783,0.457,0.716,0.921,0.212,0.231,0.624,0.074,0.617,0.118,0.195,0.051,0.47,0.043,0.568,0.215,0.983,0.056,0.961,0.768,0.256,0.313,0.02,0.874,0.448,0.579,0.778,0.596,0.832,0.642,0.252,0.344,0.047,0.405,0.588,0.763,0.831,0.374,0.964,0.055,0.598,0.797,0.652,0.108,0.724,0.052,0.041,0.43,0.448,0.454,0.186,0.382,0.114,0.012,0.587,0.823,0.404,0.899,0.866,0.775,0.451,0.746,0.701,0.124,0.233,0.104,0.75,0.372,0.217,0.265,0.469,0.675,0.974
2020-02-01 19:55:27,0.472,0.284,0.874,0.215,0.475,0.587,0.303,0.078,0.966,0.606,0.87,0.658,0.583,0.271,0.829,0.869,0.551,0.691,0.077,0.664,0.559,0.353,0.829,0.174,0.177,0.477,0.049,0.483,0.833,0.511,0.476,0.0,0.973,0.028,0.063,0.837,0.219,0.409,0.971,0.186,0.822,0.611,0.043,0.036,0.929,0.622,0.659,0.006,0.759,0.202,0.209,0.801,0.56,0.661,0.268,0.861,0.181,0.182,0.179,0.27,0.629,0.756,0.193,0.009,0.162,0.591,0.957,0.188,0.534,0.767,0.039,0.141,0.576,0.263,0.241,0.64,0.252,0.931,0.43,0.531,0.125,0.325,0.652,0.543,0.511,0.61,0.138,0.206,0.397,0.291,0.126,0.945,0.275,0.301,0.593,0.695,0.359,0.092,0.501,0.445,0.735,0.7,0.962,0.095,0.409,0.947,0.987,0.336,0.654,0.216,0.974,0.572,0.976,0.84,0.835,0.269,0.002,0.997,0.637,0.934,0.421,0.129,0.933,0.832,0.767,0.17,0.775,0.859,0.055,0.026,0.944,0.97,0.778,0.615,0.387,0.67,0.396,0.673,0.658,0.864,0.473,0.504,0.492,0.69,0.614,0.996,0.281,0.706,0.212,0.225,0.261,0.824,0.337,0.079,0.333,0.328,0.2,0.834,0.279,0.881,0.146,0.467,0.813,0.933,0.613,0.704,0.564,0.33,0.748,0.014,0.926,0.139,0.454,0.414,0.115,0.329,0.173,0.247,0.548,0.132,0.161,0.115,0.716,0.729,0.438,0.573,0.388,0.086,0.817,0.872,0.003,0.447,0.697,0.75,0.139,0.842,0.558,0.85,0.825,0.296,0.474,0.345,0.161,0.976,0.576,0.295,0.207,0.45,0.583,0.575,0.191,0.218,0.81,0.999,0.42,0.707,0.855,0.198,0.57,0.353,0.023,0.852,0.831,0.316,0.993,0.088,0.575,0.575,0.116,0.827,0.411,0.871,0.472,0.972,0.607,0.628,0.282,0.102,0.141,0.974,0.714,0.267,0.905,0.053,0.719,0.102,0.357,0.2,0.327,0.193,0.652,0.349,0.315,0.642,0.217,0.936,0.623,0.756,0.602,0.339,0.738,0.704,0.728,0.1,0.859,0.676,0.396,0.823,0.521,0.674,0.315,0.635,0.581,0.929,0.468,0.107,0.984,0.762,0.699,0.006,0.617,0.651,0.063,0.622,0.757,0.23,0.964,0.268,0.477,0.515,0.16,0.796,0.732,0.405,0.341,0.014,0.892,0.898,0.88,0.331,0.195,0.247,0.206,0.954,0.145,0.409,0.572,0.787,0.162,0.355,0.08,0.52,0.227,0.299,0.708,0.557,0.679,0.811,0.003,0.055,0.828,0.666,0.45,0.441,0.063,0.649,0.335,0.005,0.356,0.024,0.816,0.174,0.595,0.555,0.809,0.142,0.845,0.293,0.365,0.273,0.521,0.435,0.327,0.75,0.351,0.261,0.944,0.674,0.899,0.344,0.867,0.648,0.994,0.494,0.566,0.237,0.697,0.934,0.795,0.048,0.283,0.852,0.718,0.564,0.342,0.902,0.191,0.979,0.942,0.787,0.729,0.148,0.182,0.93,0.399,0.993,0.269,0.138,0.82,0.551,0.67,0.834,0.98,0.17,0.498,0.257,0.932,0.517,0.369,0.251,0.879,0.495,0.416,0.811,0.826,0.423,0.854,0.0,0.988,0.29,0.559,0.239,0.233,0.749,0.306,0.894,0.672,0.303,0.155,0.043,0.605,0.173,0.184,0.45,0.727,0.898,0.742,0.655,0.865,0.969,0.219,0.383,0.152,0.563,0.565,0.864,0.785,0.917,0.727,0.452,0.458,0.607,0.091,0.689,0.61,0.941,0.702,0.437,0.412,0.425,0.53,0.96,0.592,0.251,0.245,0.343,0.108,0.186,0.093,0.637,0.535,0.772,0.068,0.24,0.63,0.376,0.514,0.889,0.049,0.387,0.947,0.22,0.311,0.095,0.714,0.849,0.406,0.319,0.79,0.306,0.332,0.657,0.27,0.214,0.245,0.35,0.453,0.231,0.935,0.878,0.13,0.08,0.227,0.984,0.764,0.774,0.286,0.776,0.626,0.355,0.2,0.208,0.454,0.521,0.289,0.065,0.244,0.024,0.654,0.58,0.047,0.974,0.409,0.208,0.076,0.796,0.67,0.461,0.377,0.677,0.386,0.45
2020-02-01 19:55:27,0.589,0.505,0.572,0.501,0.623,0.586,0.803,0.468,0.929,0.114,0.573,0.879,0.128,0.245,0.523,0.446,0.479,0.474,0.136,0.988,0.514,0.893,0.958,0.984,0.19,0.289,0.921,0.322,0.81,0.184,0.474,0.88,0.858,0.313,0.092,0.921,0.716,0.933,0.112,0.319,0.591,0.851,0.721,0.998,0.065,0.792,0.348,0.102,0.82,0.533,0.991,0.207,0.556,0.424,0.978,0.389,0.546,0.107,0.267,0.011,0.734,0.985,0.718,0.056,0.269,0.611,0.416,0.07,0.654,0.462,0.161,0.226,0.381,0.986,0.643,0.628,0.42,0.828,0.33,0.315,0.768,0.088,0.316,0.355,0.62,0.434,0.171,0.319,0.115,0.313,0.373,0.367,0.281,0.207,0.456,0.333,0.61,0.217,0.854,0.688,0.415,0.105,0.917,0.211,0.33,0.137,0.19,0.817,0.958,0.024,0.228,0.101,0.71,0.694,0.203,0.475,0.169,0.103,0.343,0.409,0.813,0.106,0.047,0.745,0.446,0.961,0.578,0.234,0.552,0.294,0.927,0.19,0.854,0.367,0.747,0.469,0.935,0.437,0.646,0.443,0.904,0.336,0.438,0.574,0.282,0.114,0.259,0.632,0.544,0.495,0.619,0.965,0.146,0.82,0.138,0.245,0.705,0.363,0.223,0.428,0.633,0.434,0.579,0.646,0.006,0.754,0.533,0.729,0.819,0.698,0.478,0.37,0.702,0.534,0.824,0.743,0.785,0.769,0.45,0.335,0.46,0.234,0.387,0.548,0.656,0.024,0.427,0.407,0.778,0.106,0.084,0.881,0.215,0.462,0.838,0.702,0.283,0.275,0.638,0.051,0.669,0.268,0.878,0.417,0.76,0.749,0.56,0.383,0.787,0.218,0.738,0.991,0.759,0.882,0.966,0.59,0.415,0.589,0.553,0.986,0.284,0.77,0.121,0.925,0.227,0.548,0.724,0.839,0.705,0.331,0.007,0.511,0.118,0.242,0.583,0.503,0.758,0.336,0.281,0.701,0.706,0.288,0.318,0.828,0.16,0.924,0.325,0.711,0.708,0.522,0.817,0.699,0.615,0.529,0.083,0.167,0.208,0.609,0.996,0.977,0.878,0.508,0.049,0.651,0.544,0.579,0.788,0.374,0.712,0.735,0.253,0.808,0.557,0.374,0.137,0.054,0.781,0.919,0.509,0.823,0.544,0.263,0.231,0.368,0.781,0.688,0.691,0.486,0.176,0.221,0.796,0.489,0.885,0.177,0.422,0.251,0.242,0.011,0.462,0.937,0.763,0.255,0.939,0.455,0.264,0.882,0.163,0.079,0.965,0.266,0.618,0.4,0.526,0.222,0.507,0.47,0.31,0.388,0.957,0.5,0.601,0.523,0.729,0.848,0.528,0.464,0.342,0.408,0.12,0.109,0.263,0.979,0.563,0.366,0.93,0.865,0.436,0.691,0.757,0.838,0.849,0.523,0.828,0.623,0.855,0.062,0.371,0.83,0.322,0.563,0.456,0.12,0.607,0.628,0.513,0.003,0.377,0.135,0.945,0.623,0.115,0.936,0.552,0.658,0.645,0.308,0.781,0.671,0.107,0.976,0.216,0.327,0.686,0.593,0.288,0.441,0.187,0.14,0.139,0.398,0.348,0.002,0.93,0.654,0.974,0.049,0.856,0.931,0.55,0.272,0.429,0.354,0.954,0.382,0.35,0.924,0.252,0.138,0.636,0.564,0.761,0.092,0.232,0.238,0.819,0.139,0.15,0.033,0.76,0.417,0.35,0.897,0.844,0.4,0.726,0.278,0.715,0.154,0.571,0.361,0.334,0.206,0.255,0.209,0.04,0.415,0.729,0.103,0.652,0.35,0.09,0.961,0.94,0.056,0.018,0.469,0.173,0.422,0.13,0.739,0.729,0.093,0.829,0.454,0.771,0.896,0.783,0.839,0.888,0.718,0.661,0.711,0.033,0.737,0.137,0.384,0.443,0.78,0.515,0.032,0.738,0.91,0.52,0.745,0.228,0.998,0.698,0.203,0.852,0.339,0.522,0.488,0.237,0.052,0.023,0.086,0.923,0.042,0.116,0.109,0.842,0.452,0.691,0.999,0.201,0.506,0.549,0.066,0.635,0.922,0.046,0.974,0.244,0.534,0.071,0.923,0.414,0.504,0.13,0.158,0.381,0.678,0.492,0.014,0.149,0.203,0.323,0.361,0.033,0.759,0.307,0.436
2020-02-01 19:55:27,0.239,0.906,0.593,0.101,0.639,0.816,0.339,0.57,0.024,0.492,0.864,0.029,0.323,0.235,0.446,0.791,0.021,0.286,0.051,0.982,0.161,0.492,0.031,0.385,0.289,0.077,0.023,0.717,0.346,0.739,0.564,0.744,0.836,0.985,0.234,0.049,0.349,0.448,0.382,0.656,0.176,0.252,0.591,0.353,0.801,0.562,0.857,0.517,0.83,0.308,0.95,0.9,0.307,0.71,0.723,0.016,0.409,0.199,0.717,0.093,0.003,0.371,0.38,0.041,0.727,0.874,0.962,0.165,0.631,0.121,0.582,0.985,0.706,0.16,0.801,0.395,0.586,0.929,0.342,0.628,0.352,0.459,0.89,0.798,0.844,0.658,0.577,0.687,0.266,0.707,0.17,0.714,0.408,0.446,0.053,0.415,0.101,0.698,0.602,0.155,0.039,0.473,0.613,0.335,0.031,0.764,0.418,0.068,0.492,0.316,0.942,0.817,0.719,0.285,0.352,0.098,0.028,0.588,0.783,0.29,0.118,0.709,0.874,0.895,0.476,0.68,0.437,0.708,0.554,0.202,0.992,0.467,0.816,0.901,0.32,0.53,0.585,0.914,0.43,0.227,0.551,0.404,0.297,0.899,0.114,0.1,0.599,0.025,0.154,0.008,0.21,0.1,0.907,0.761,0.247,0.47,0.176,0.695,0.235,0.81,0.42,0.138,0.631,0.312,0.664,0.424,0.807,0.099,0.354,0.671,0.168,0.204,0.694,0.107,0.03,0.623,0.985,0.986,0.461,0.979,0.332,0.329,0.463,0.346,0.575,0.897,0.713,0.849,0.146,0.253,0.826,0.839,0.415,0.933,0.483,0.552,0.314,0.984,0.556,0.397,0.993,0.454,0.797,0.634,0.854,0.954,0.385,0.337,0.823,0.64,0.972,0.444,0.96,0.273,0.772,0.671,0.927,0.655,0.638,0.515,0.596,0.339,0.425,0.747,0.513,0.134,0.995,0.175,0.507,0.069,0.767,0.843,0.648,0.158,0.636,0.662,0.026,0.494,0.158,0.448,0.706,0.63,0.89,0.673,0.954,0.408,0.869,0.384,0.855,0.103,0.896,0.464,0.943,0.715,0.464,0.57,0.29,0.256,0.289,0.016,0.369,0.582,0.238,0.374,0.393,0.508,0.16,0.738,0.012,0.313,0.309,0.0,0.449,0.642,0.078,0.51,0.443,0.595,0.249,0.696,0.624,0.31,0.71,0.131,0.152,0.047,0.899,0.573,0.015,0.978,0.415,0.592,0.214,0.752,0.785,0.074,0.107,0.768,0.883,0.219,0.438,0.878,0.376,0.57,0.149,0.061,0.962,0.904,0.633,0.475,0.311,0.396,0.744,0.29,0.492,0.6,0.592,0.457,0.705,0.764,0.86,0.89,0.487,0.39,0.837,0.686,0.528,0.7,0.717,0.403,0.194,0.541,0.89,0.647,0.547,0.946,0.361,0.327,0.897,0.157,0.552,0.667,0.482,0.533,0.138,0.396,0.959,0.722,0.828,0.439,0.097,0.363,0.654,0.111,0.416,0.355,0.019,0.396,0.758,0.405,0.28,0.647,0.882,0.897,0.484,0.142,0.561,0.722,0.182,0.112,0.36,0.261,0.961,0.861,0.58,0.74,0.912,0.312,0.029,0.588,0.152,0.682,0.948,0.141,0.575,0.833,0.649,0.978,0.684,0.38,0.054,0.502,0.956,0.246,0.329,0.043,0.952,0.559,0.766,0.737,0.599,0.176,0.406,0.954,0.49,0.375,0.534,0.52,0.27,0.386,0.645,0.27,0.542,0.178,0.635,0.334,0.067,0.378,0.409,0.286,0.261,0.617,0.981,0.106,0.866,0.222,0.992,0.509,0.258,0.572,0.604,0.6,0.119,0.126,0.715,0.128,0.16,0.688,0.112,0.078,0.787,0.501,0.807,0.972,0.41,0.106,0.975,0.441,0.223,0.7,0.263,0.447,0.744,0.048,0.706,0.23,0.156,0.115,0.362,0.124,0.978,0.126,0.097,0.916,0.229,0.99,0.949,0.673,0.697,0.523,0.395,0.855,0.357,0.057,0.486,0.966,0.334,0.875,0.807,0.453,0.131,0.999,0.44,0.295,0.476,0.799,0.176,0.231,0.007,0.394,0.897,0.761,0.391,0.04,0.433,0.602,0.106,0.867,0.79,0.729,0.173,0.685,0.035,0.642,0.169,0.803,0.717,0.44,0.319,0.097,0.843,0.479
2020-02-01 19:55:27,0.728,0.642,0.074,0.373,0.71,0.834,0.007,0.983,0.514,0.741,0.187,0.949,0.571,0.85,0.629,0.564,0.201,0.215,0.437,0.341,0.468,0.728,0.929,0.431,0.347,0.943,0.931,0.94,0.628,0.134,0.87,0.002,0.236,0.888,0.532,0.226,0.436,0.763,0.757,0.177,0.262,0.544,0.053,0.794,0.642,0.356,0.888,0.624,0.372,0.558,0.331,0.921,0.294,0.136,0.752,0.423,0.731,0.346,0.491,0.564,0.731,0.487,0.516,0.77,0.813,0.726,0.083,0.245,0.56,0.925,0.37,0.513,0.408,0.079,0.553,0.932,0.144,0.958,0.862,0.546,0.27,0.938,0.375,0.775,0.353,0.324,0.235,0.456,0.376,0.484,0.418,0.445,0.165,0.307,0.7,0.501,0.455,0.145,0.283,0.72,0.385,0.476,0.547,0.128,0.962,0.905,0.527,0.521,0.492,0.559,0.496,0.622,0.293,0.377,0.129,0.148,0.059,0.201,0.649,0.816,0.993,0.687,0.19,0.552,0.012,0.458,0.773,0.129,0.358,0.233,0.491,0.347,0.462,0.013,0.98,0.943,0.243,0.882,0.457,0.649,0.899,0.214,0.638,0.868,0.595,0.288,0.126,0.365,0.262,0.722,0.622,0.593,0.53,0.717,0.267,0.345,0.07,0.153,0.628,0.434,0.836,0.162,0.065,0.544,0.103,0.373,0.373,0.611,0.056,0.563,0.583,0.601,0.942,0.406,0.471,0.167,0.923,0.097,0.508,0.593,0.728,0.008,0.163,0.671,0.157,0.522,0.191,0.509,0.382,0.394,0.354,0.54,0.966,0.829,0.403,0.725,0.516,0.438,0.977,0.334,0.074,0.113,0.267,0.743,0.262,0.764,0.81,0.818,0.027,0.888,0.685,0.658,0.309,0.662,0.084,0.438,0.711,0.525,0.416,0.946,0.65,0.027,0.479,0.196,0.867,0.799,0.986,0.007,0.698,0.224,0.142,0.374,0.838,0.442,0.325,0.759,0.138,0.466,0.763,0.785,0.785,0.229,0.523,0.651,0.019,0.358,0.287,0.752,0.644,0.521,0.743,0.362,0.246,0.543,0.827,0.791,0.72,0.903,0.812,0.693,0.641,0.306,0.22,0.899,0.098,0.65,0.942,0.15,0.899,0.271,0.245,0.32,0.935,0.694,0.165,0.781,0.273,0.144,0.526,0.56,0.525,0.423,0.971,0.1,0.29,0.734,0.709,0.692,0.32,0.664,0.789,0.28,0.85,0.912,0.08,0.799,0.764,0.837,0.909,0.974,0.348,0.049,0.704,0.116,0.139,0.362,0.859,0.355,0.873,0.562,0.325,0.346,0.206,0.206,0.886,0.764,0.489,0.498,0.88,0.884,0.215,0.627,0.98,0.412,0.343,0.428,0.776,0.251,0.925,0.384,0.658,0.377,0.386,0.847,0.872,0.755,0.279,0.63,0.663,0.372,0.914,0.431,0.831,0.246,0.57,0.641,0.896,0.312,0.167,0.154,0.781,0.899,0.139,0.448,0.685,0.791,0.492,0.843,0.64,0.16,0.471,0.22,0.455,0.339,0.887,0.471,0.897,0.401,0.087,0.785,0.283,0.903,0.524,0.095,0.938,0.671,0.852,0.248,0.946,0.611,0.008,0.901,0.398,0.219,0.844,0.902,0.487,0.403,0.279,0.148,0.54,0.138,0.582,0.563,0.809,0.307,0.949,0.278,0.27,0.599,0.492,0.338,0.163,0.932,0.217,0.725,0.408,0.846,0.79,0.306,0.074,0.69,0.178,0.886,0.048,0.441,0.168,0.1,0.777,0.934,0.937,0.371,0.135,0.62,0.145,0.851,0.576,0.161,0.336,0.327,0.924,0.281,0.455,0.974,0.583,0.461,0.663,0.899,0.679,0.806,0.178,0.889,0.781,0.932,0.795,0.518,0.795,0.642,0.831,0.425,0.956,0.692,0.305,0.833,0.393,0.883,0.027,0.598,0.537,0.913,0.279,0.117,0.188,0.378,0.33,0.954,0.278,0.089,0.805,0.248,0.32,0.518,0.454,0.536,0.148,0.018,0.778,0.433,0.753,0.302,0.655,0.911,0.268,0.145,0.66,0.653,0.517,0.007,0.778,0.042,0.728,0.56,0.258,0.879,0.279,0.453,0.84,0.237,0.96,0.65,0.262,0.108,0.542,0.752,0.085,0.426,0.293,0.531,0.285,0.229,0.389,0.038
2020-02-01 19:55:27,0.171,0.255,0.463,0.667,0.172,0.146,0.608,0.089,0.162,0.189,0.251,0.553,0.036,0.312,0.025,0.888,0.656,0.849,0.838,0.305,0.913,0.209,0.204,0.878,0.604,0.132,0.37,0.411,0.958,0.732,0.474,0.873,0.885,0.366,0.214,0.681,0.164,0.874,0.33,0.942,0.049,0.94,0.173,0.604,0.506,0.831,0.462,0.096,0.557,0.141,0.875,0.832,0.804,0.111,0.486,0.385,0.765,0.881,0.238,0.556,0.326,0.174,0.434,0.578,0.801,0.437,0.816,0.754,0.284,0.257,0.171,0.903,0.978,0.998,0.682,0.965,0.333,0.516,0.078,0.802,0.533,0.517,0.941,0.63,0.015,0.527,0.981,0.634,0.537,0.789,0.796,0.533,0.136,0.451,0.953,0.632,0.2,0.048,0.509,0.46,0.229,0.061,0.196,0.904,0.639,0.762,0.504,0.527,0.78,0.444,0.693,0.091,0.496,0.998,0.418,0.308,0.279,0.664,0.257,0.504,0.668,0.932,0.78,0.43,0.788,0.317,0.032,0.978,0.927,0.863,0.808,0.223,0.883,0.52,0.775,0.67,0.345,0.713,0.604,0.292,0.787,0.804,0.785,0.083,0.433,0.4,0.623,0.403,0.902,0.749,0.842,0.278,0.284,0.198,0.495,0.967,0.541,0.156,0.953,0.6,0.963,0.326,0.63,0.082,0.262,0.03,0.543,0.124,0.954,0.292,0.712,0.518,0.875,0.63,0.782,0.651,0.342,0.571,0.702,0.247,0.419,0.592,0.709,0.814,0.276,0.435,0.395,0.612,0.333,0.504,0.769,0.151,0.679,0.494,0.909,0.462,0.029,0.969,0.512,0.757,0.89,0.608,0.694,0.141,0.185,0.67,0.067,0.164,0.713,0.994,0.952,0.973,0.506,0.9,0.402,0.794,0.846,0.552,0.115,0.802,0.601,0.155,0.372,0.248,0.293,0.074,0.6,0.029,0.585,0.784,0.359,0.005,0.66,0.368,0.642,0.194,0.144,0.124,0.154,0.974,0.282,0.37,0.628,0.996,0.786,0.833,0.641,0.71,0.86,0.219,0.171,0.513,0.383,0.154,0.867,0.485,0.351,0.195,0.142,0.93,0.829,0.916,0.499,0.465,0.005,0.731,0.117,0.849,0.949,0.532,0.356,0.423,0.833,0.179,0.874,0.604,0.578,0.391,0.359,0.668,0.787,0.804,0.346,0.552,0.308,0.765,0.289,0.356,0.965,0.287,0.429,0.484,0.523,0.319,0.948,0.042,0.448,0.067,0.196,0.481,0.051,0.784,0.458,0.082,0.192,0.855,0.206,0.105,0.253,0.053,0.116,0.024,0.542,0.398,0.307,0.528,0.853,0.095,0.726,0.572,0.026,0.683,0.363,0.237,0.747,0.046,0.419,0.072,0.822,0.298,0.825,0.541,0.998,0.877,0.176,0.179,0.142,0.533,0.802,0.033,0.886,0.538,0.603,0.17,0.04,0.228,0.815,0.203,0.172,0.694,0.059,0.897,0.109,0.876,0.543,0.263,0.961,0.388,0.934,0.666,0.785,0.757,0.038,0.711,0.215,0.451,0.901,0.677,0.387,0.199,0.305,0.938,0.08,0.633,0.937,0.29,0.3,0.978,0.563,0.643,0.341,0.174,0.403,0.921,0.183,0.297,0.638,0.506,0.096,0.669,0.726,0.493,0.266,0.302,0.859,0.745,0.131,0.258,0.903,0.898,0.41,0.256,0.021,0.659,0.594,0.109,0.511,0.96,0.741,0.674,0.83,0.533,0.995,0.933,0.279,0.261,0.55,0.939,0.271,0.817,0.755,0.921,0.966,0.384,0.519,0.398,0.527,0.281,0.647,0.472,0.88,0.355,0.609,0.897,0.281,0.391,0.768,0.98,0.768,0.206,0.341,0.104,0.324,0.842,0.239,0.934,0.609,0.231,0.015,0.976,0.182,0.061,0.178,0.775,0.713,0.124,0.664,0.426,0.607,0.943,0.894,0.042,0.876,0.615,0.692,0.617,0.823,0.815,0.962,0.04,0.888,0.209,0.384,0.054,0.834,0.38,0.59,0.655,0.556,0.785,0.338,0.193,0.36,0.474,0.979,0.334,0.221,0.547,0.034,0.52,0.948,0.633,0.483,0.459,0.012,0.411,0.583,0.234,0.38,0.791,0.466,0.811,0.372,0.769,0.463,0.996,0.273,0.958,0.572,0.868,0.001,0.008
2020-02-01 19:55:27,0.062,0.204,0.555,0.021,0.277,0.994,0.239,0.011,0.702,0.542,0.679,0.36,0.062,0.815,0.502,0.367,0.947,0.249,0.768,0.615,0.382,0.504,0.698,0.061,0.241,0.578,0.836,0.219,0.528,0.149,0.673,0.475,0.517,0.766,0.487,0.63,0.876,0.317,0.027,0.468,0.76,0.379,0.098,0.269,0.432,0.101,0.681,0.686,0.156,0.667,0.892,0.759,0.43,0.502,0.9,0.697,0.631,0.519,0.861,0.472,0.682,0.861,0.895,0.589,0.253,0.308,0.234,0.106,0.949,0.05,0.984,0.862,0.593,0.61,0.887,0.231,0.297,0.513,0.406,0.078,0.389,0.859,0.858,0.589,0.51,0.144,0.294,0.667,0.367,0.322,0.139,0.548,0.774,0.826,0.788,0.81,0.802,0.072,0.237,0.772,0.979,0.473,0.178,0.376,0.473,0.054,0.484,0.091,0.348,0.154,0.241,0.894,0.152,0.042,0.287,0.855,0.508,0.461,0.848,0.795,0.691,0.305,0.431,0.355,0.473,0.845,0.172,0.401,0.377,0.104,0.943,0.186,0.456,0.519,0.717,0.003,0.874,0.542,0.504,0.873,0.239,0.676,0.386,0.856,0.249,0.395,0.769,0.012,0.771,0.392,0.174,0.753,0.878,0.56,0.104,0.535,0.66,0.759,0.932,0.694,0.76,0.131,0.701,0.233,0.05,0.887,0.457,0.752,0.46,0.683,0.86,0.599,0.121,0.695,0.773,0.226,0.387,0.888,0.479,0.769,0.63,0.444,0.548,0.356,0.323,0.871,0.509,0.878,0.85,0.903,0.581,0.049,0.515,0.241,0.557,0.362,0.814,0.112,0.83,0.546,0.161,0.291,0.26,0.54,0.725,0.292,0.024,0.682,0.249,0.003,0.493,0.479,0.336,0.593,0.755,0.693,0.224,0.413,0.779,0.708,0.53,0.193,0.745,0.22,0.823,0.978,0.437,0.228,0.594,0.999,0.447,0.555,0.82,0.352,0.522,0.152,0.728,0.495,0.434,0.892,0.534,0.782,0.697,0.331,0.572,0.745,0.779,0.528,0.826,0.821,0.076,0.657,0.01,0.791,0.675,0.027,0.717,0.661,0.587,0.94,0.494,0.41,0.85,0.163,0.415,0.869,0.921,0.099,0.205,0.48,0.816,0.965,0.226,0.398,0.974,0.642,0.704,0.601,0.134,0.874,0.169,0.153,0.967,0.873,0.994,0.744,0.736,0.019,0.264,0.861,0.435,0.323,0.188,0.588,0.425,0.118,0.49,0.584,0.527,0.059,0.578,0.703,0.28,0.861,0.873,0.533,0.235,0.814,0.475,0.929,0.598,0.898,0.473,0.281,0.756,0.897,0.197,0.765,0.778,0.255,0.069,0.17,0.141,0.375,0.17,0.408,0.545,0.919,0.541,0.878,0.694,0.46,0.035,0.998,0.156,0.836,0.148,0.194,0.774,0.145,0.856,0.179,0.803,0.816,0.947,0.843,0.408,0.348,0.516,0.574,0.866,0.925,0.272,0.028,0.943,0.917,0.848,0.251,0.452,0.686,0.673,0.498,0.16,0.216,0.258,0.696,0.914,0.827,0.812,0.95,0.729,0.983,0.624,0.034,0.911,0.17,0.48,0.441,0.217,0.212,0.105,0.61,0.181,0.55,0.003,0.168,0.453,0.978,0.31,0.45,0.453,0.153,0.23,0.74,0.16,0.718,0.589,0.018,0.001,0.404,0.646,0.468,0.385,0.602,0.466,0.453,0.512,0.464,0.089,0.28,0.703,0.022,0.263,0.321,0.98,0.702,0.806,0.846,0.641,0.502,0.862,0.76,0.647,0.203,0.896,0.437,0.435,0.429,0.732,0.136,0.025,0.414,0.605,0.945,0.363,0.53,0.434,0.14,0.719,0.245,0.963,0.557,0.622,0.418,0.422,0.424,0.333,0.266,0.311,0.834,0.025,0.375,0.164,0.991,0.437,0.271,0.711,0.028,0.215,0.479,0.979,0.829,0.878,0.512,0.729,0.293,0.326,0.419,0.462,0.27,0.649,0.838,0.955,0.241,0.268,0.034,0.061,0.197,0.241,0.964,0.132,0.908,0.145,0.427,0.48,0.755,0.688,0.575,0.556,0.794,0.279,0.543,0.952,0.996,0.403,0.041,0.025,0.275,0.693,0.934,0.541,0.142,0.45,0.263,0.583,0.787,0.257,0.591,0.151,0.898,0.328,0.221
2020-02-01 19:55:27,0.305,0.814,0.755,0.276,0.776,0.478,0.202,0.989,0.346,0.873,0.773,0.898,0.809,0.399,0.068,0.023,0.982,0.275,0.963,0.936,0.8,0.571,0.992,0.966,0.18,0.945,0.023,0.672,0.026,0.544,0.529,0.467,0.055,0.116,0.344,0.909,0.168,0.269,0.601,0.145,0.95,0.764,0.842,0.152,0.489,0.774,0.455,0.045,0.572,0.482,0.731,0.035,0.802,0.793,0.874,0.977,0.744,0.372,0.27,0.187,0.082,0.88,0.553,0.436,0.083,0.68,0.26,0.623,0.011,0.609,0.415,0.069,0.934,0.537,0.141,0.593,0.919,0.55,0.46,0.803,0.559,0.602,0.44,0.182,0.843,0.6,0.473,0.379,0.042,0.203,0.625,0.726,0.308,0.411,0.784,0.861,0.604,0.869,0.574,0.372,0.574,0.751,0.401,0.349,0.742,0.096,0.533,0.306,0.797,0.955,0.284,0.596,0.698,0.184,0.96,0.095,0.07,0.37,0.291,0.344,0.938,0.825,0.24,0.931,0.47,0.689,0.891,0.044,0.254,0.174,0.091,0.328,0.695,0.123,0.286,0.201,0.91,0.16,0.279,0.562,0.905,0.202,0.054,0.271,0.803,0.67,0.901,0.922,0.659,0.226,0.139,0.843,0.157,0.215,0.78,0.836,0.557,0.686,0.67,0.215,0.215,0.715,0.727,0.715,0.299,0.396,0.681,0.834,0.031,0.514,0.036,0.446,0.681,0.445,0.398,0.612,0.882,0.873,0.897,0.711,0.128,0.362,0.049,0.775,0.51,0.098,0.279,0.275,0.089,0.402,0.308,0.757,0.312,0.794,0.334,0.404,0.494,0.039,0.644,0.263,0.002,0.388,0.078,0.009,0.44,0.719,0.088,0.105,0.811,0.121,0.4,0.359,0.482,0.185,0.215,0.867,0.449,0.958,0.782,0.467,0.605,0.45,0.805,0.933,0.665,0.455,0.148,0.076,0.835,0.672,0.506,0.394,0.752,0.58,0.792,0.654,0.968,0.007,0.611,0.526,0.441,0.744,0.088,0.289,0.402,0.499,0.34,0.047,0.949,0.266,0.547,0.026,0.638,0.803,0.784,0.07,0.077,0.868,0.764,0.744,0.438,0.439,0.979,0.705,0.585,0.264,0.46,0.752,0.017,0.465,0.203,0.775,0.233,0.226,0.001,0.758,0.29,0.547,0.289,0.787,0.452,0.109,0.875,0.39,0.879,0.045,0.15,0.826,0.473,0.03,0.971,0.557,0.044,0.403,0.661,0.904,0.666,0.338,0.088,0.758,0.392,0.048,0.896,0.711,0.655,0.199,0.628,0.054,0.379,0.52,0.098,0.366,0.123,0.851,0.533,0.913,0.849,0.985,0.478,0.406,0.249,0.259,0.1,0.577,0.376,0.016,0.468,0.144,0.282,0.55,0.052,0.278,0.221,0.403,0.152,0.086,0.011,0.473,0.142,0.413,0.938,0.77,0.59,0.696,0.432,0.348,0.052,0.997,0.541,0.067,0.742,0.932,0.166,0.793,0.845,0.481,0.248,0.517,0.15,0.442,0.299,0.34,0.838,0.002,0.518,0.96,0.853,0.404,0.194,0.592,0.166,0.413,0.517,0.21,0.214,0.973,0.357,0.874,0.184,0.022,0.061,0.979,0.352,0.005,0.54,0.972,0.584,0.187,0.697,0.085,0.209,0.649,0.118,0.213,0.709,0.725,0.531,0.864,0.001,0.69,0.149,0.873,0.655,0.218,0.986,0.835,0.886,0.55,0.334,0.309,0.706,0.409,0.467,0.445,0.072,0.902,0.546,0.391,0.285,0.907,0.21,0.028,0.764,0.541,0.799,0.43,0.157,0.168,0.199,0.223,0.961,0.389,0.474,0.908,0.731,0.177,0.143,0.652,0.088,0.835,0.281,0.486,0.76,0.389,0.831,0.592,0.817,0.513,0.373,0.862,0.618,0.453,0.952,0.69,0.404,0.29,0.507,0.97,0.18,0.714,0.976,0.775,0.642,0.101,0.538,0.111,0.747,0.719,0.461,0.406,0.828,0.06,0.852,0.45,0.885,0.043,0.727,0.721,0.974,0.117,0.241,0.145,0.173,0.037,0.51,0.393,0.904,0.495,0.566,0.509,0.99,0.88,0.237,0.992,0.38,0.967,0.198,0.244,0.391,0.414,0.521,0.307,0.384,0.02,0.869,0.689,0.842,0.739,0.023,0.838,0.036,0.598
2020-02-01 19:55:27,0.876,0.027,0.795,0.844,0.99,0.84,0.847,0.264,0.072,0.291,0.508,0.489,0.19,0.077,0.45,0.838,0.759,0.735,0.556,0.28,0.209,0.465,0.507,0.195,0.677,0.075,0.089,0.692,0.059,0.976,0.953,0.311,0.846,0.634,0.737,0.435,0.416,0.364,0.093,0.868,0.748,0.499,0.505,0.653,0.583,0.953,0.467,0.071,0.235,0.842,0.347,0.481,0.315,0.706,0.556,0.734,0.877,0.075,0.381,0.487,0.104,0.029,0.429,0.61,0.096,0.68,0.4,0.315,0.497,0.3,0.622,0.981,0.875,0.16,0.985,0.011,0.24,0.993,0.343,0.196,0.387,0.274,0.621,0.467,0.105,0.583,0.185,0.613,0.002,0.991,0.062,0.135,0.155,0.932,0.026,0.714,0.186,0.987,0.044,0.206,0.649,0.427,0.269,0.606,0.154,0.329,0.773,0.696,0.578,0.19,0.726,0.987,0.908,0.186,0.218,0.743,0.013,0.842,0.921,0.47,0.824,0.242,0.465,0.141,0.96,0.68,0.783,0.97,0.557,0.712,0.54,0.649,0.88,0.704,0.974,0.535,0.492,0.288,0.832,0.007,0.114,0.358,0.328,0.834,0.242,0.848,0.31,0.046,0.541,0.213,0.177,0.923,0.05,0.341,0.445,0.228,0.816,0.463,0.364,0.458,0.517,0.549,0.816,0.338,0.584,0.631,0.286,0.719,0.02,0.359,0.89,0.854,0.364,0.969,0.623,0.762,0.998,0.408,0.797,0.143,0.238,0.559,0.903,0.144,0.623,0.09,0.539,0.712,0.606,0.838,0.954,0.192,0.665,0.386,0.253,0.817,0.245,0.99,0.006,0.074,0.37,0.703,0.352,0.662,0.12,0.317,0.395,0.744,0.151,0.426,0.152,0.782,0.749,0.606,0.307,0.129,0.874,0.58,0.431,0.29,0.122,0.801,0.255,0.689,0.078,0.853,0.682,0.346,0.166,0.574,0.902,0.095,0.288,0.982,0.33,0.07,0.324,0.842,0.537,0.371,0.773,0.021,0.669,0.838,0.799,0.605,0.432,0.964,0.056,0.193,0.34,0.251,0.127,0.905,0.282,0.206,0.609,0.263,0.299,0.684,0.198,0.608,0.955,0.044,0.491,0.903,0.293,0.934,0.637,0.897,0.363,0.023,0.15,0.924,0.587,0.317,0.307,0.161,0.5,0.689,0.255,0.876,0.94,0.555,0.053,0.419,0.933,0.979,0.642,0.634,0.945,0.975,0.007,0.388,0.122,0.801,0.71,0.354,0.023,0.688,0.177,0.934,0.26,0.344,0.855,0.812,0.723,0.599,0.515,0.531,0.266,0.694,0.897,0.821,0.58,0.468,0.118,0.789,0.181,0.91,0.06,0.157,0.487,0.607,0.302,0.571,0.035,0.474,0.876,0.775,0.196,0.128,0.46,0.272,0.102,0.769,0.922,0.158,0.679,0.12,0.166,0.838,0.139,0.426,0.037,0.332,0.466,0.318,0.624,0.33,0.199,0.388,0.533,0.887,0.645,0.352,0.724,0.58,0.308,0.714,0.466,0.432,0.592,0.34,0.407,0.004,0.88,0.316,0.828,0.439,0.518,0.191,0.729,0.807,0.351,0.564,0.969,0.0,0.551,0.344,0.132,0.889,0.576,0.785,0.716,0.951,0.176,0.745,0.914,0.506,0.208,0.511,0.93,0.353,0.847,0.855,0.385,0.896,0.555,0.661,0.533,0.332,0.163,0.486,0.774,0.514,0.07,0.303,0.142,0.373,0.513,0.329,0.112,0.557,0.777,0.363,0.841,0.465,0.618,0.417,0.188,0.986,0.771,0.661,0.345,0.792,0.483,0.974,0.84,0.228,0.2,0.093,0.788,0.431,0.614,0.332,0.373,0.416,0.174,0.354,0.415,0.014,0.905,0.35,0.284,0.284,0.306,0.968,0.742,0.128,0.971,0.726,0.91,0.967,0.751,0.39,0.2,0.941,0.098,0.689,0.925,0.821,0.979,0.774,0.733,0.099,0.735,0.891,0.652,0.688,0.018,0.056,0.648,0.882,0.796,0.471,0.57,0.086,0.392,0.034,0.962,0.932,0.116,0.148,0.648,0.109,0.119,0.488,0.083,0.899,0.256,0.009,0.323,0.394,0.886,0.275,0.01,0.248,0.244,0.319,0.359,0.018,0.365,0.737,0.776,0.145,0.834,0.525,0.331,0.938,0.674,0.833
2020-02-01 19:55:27,0.289,0.25,0.275,0.771,0.318,0.061,0.962,0.099,0.053,0.975,0.465,0.209,0.455,0.241,0.829,0.239,0.677,0.666,0.893,0.643,0.788,0.679,0.874,0.306,0.364,0.423,0.034,0.761,0.516,0.165,0.526,0.019,0.702,0.657,0.959,0.886,0.707,0.992,0.834,0.823,0.477,0.709,0.323,0.113,0.209,0.991,0.614,0.062,0.46,0.671,0.297,0.604,0.004,0.184,0.895,0.839,0.563,0.296,0.009,0.895,0.657,0.933,0.569,0.209,0.025,0.833,0.504,0.094,0.833,0.632,0.601,0.64,0.532,0.786,0.29,0.697,0.155,0.888,0.846,0.417,0.699,0.351,0.297,0.339,0.029,0.664,0.528,0.295,0.129,0.958,0.9,0.451,0.707,0.571,0.057,0.73,0.257,0.487,0.204,0.786,0.382,0.461,0.211,0.901,0.612,0.688,0.961,0.668,0.962,0.342,0.341,0.835,0.328,0.164,0.249,0.263,0.967,0.534,0.243,0.214,0.76,0.677,0.563,0.869,0.452,0.904,0.239,0.772,0.368,0.108,0.73,0.366,0.027,0.005,0.772,0.398,0.38,0.415,0.353,0.512,0.079,0.52,0.835,0.761,0.242,0.576,0.701,0.014,0.082,0.229,0.91,0.235,0.771,0.667,0.341,0.686,0.295,0.259,0.541,0.357,0.669,0.716,0.705,0.825,0.353,0.36,0.86,0.798,0.89,0.918,0.771,0.383,0.684,0.797,0.119,0.443,0.766,0.806,0.822,0.323,0.792,0.799,0.336,0.587,0.781,0.407,0.861,0.682,0.52,0.219,0.082,0.431,0.605,0.469,0.933,0.766,0.28,0.133,0.43,0.781,0.101,0.009,0.197,0.139,0.918,0.887,0.962,0.519,0.338,0.471,0.091,0.887,0.345,0.764,0.946,0.452,0.789,0.02,0.86,0.238,0.415,0.154,0.545,0.429,0.685,0.59,0.232,0.438,0.443,0.128,0.587,0.507,0.312,0.427,0.243,0.39,0.079,0.924,0.81,0.319,0.11,0.675,0.423,0.764,0.443,0.11,0.747,0.083,0.635,0.032,0.064,0.965,0.357,0.596,0.271,0.055,0.483,0.157,0.618,0.003,0.288,0.551,0.034,0.957,0.649,0.727,0.886,0.442,0.744,0.622,0.124,0.268,0.846,0.747,0.909,0.286,0.556,0.206,0.479,0.219,0.424,0.169,0.536,0.094,0.661,0.687,0.138,0.043,0.632,0.901,0.941,0.48,0.311,0.698,0.603,0.84,0.188,0.704,0.416,0.18,0.774,0.329,0.027,0.777,0.711,0.159,0.973,0.816,0.129,0.294,0.973,0.6,0.781,0.493,0.615,0.538,0.573,0.474,0.368,0.152,0.81,0.984,0.057,0.943,0.125,0.294,0.02,0.428,0.332,0.78,0.605,0.961,0.578,0.798,0.671,0.719,0.085,0.224,0.021,0.993,0.871,0.087,0.304,0.41,0.644,0.425,0.451,0.295,0.605,0.396,0.041,0.426,0.721,0.595,0.702,0.575,0.973,0.74,0.741,0.901,0.909,0.737,0.804,0.927,0.162,0.653,0.727,0.843,0.162,0.846,0.986,0.106,0.727,0.059,0.402,0.798,0.903,0.963,0.822,0.801,0.643,0.313,0.848,0.476,0.478,0.142,0.058,0.157,0.9,0.805,0.328,0.156,0.633,0.077,0.579,0.5,0.602,0.721,0.133,0.301,0.1,0.917,0.431,0.113,0.726,0.181,0.927,0.819,0.048,0.075,0.013,0.193,0.416,0.494,0.144,0.671,0.588,0.302,0.032,0.215,0.153,0.707,0.55,0.274,0.3,0.749,0.447,0.094,0.55,0.478,0.766,0.778,0.981,0.147,0.157,0.829,0.448,0.268,0.112,0.7,0.688,0.001,0.512,0.728,0.363,0.979,0.076,0.599,0.544,0.965,0.303,0.325,0.393,0.403,0.534,0.89,0.396,0.482,0.65,0.009,0.864,0.032,0.193,0.708,0.973,0.977,0.017,0.534,0.06,0.41,0.371,0.398,0.081,0.586,0.836,0.003,0.599,0.433,0.911,0.71,0.424,0.215,0.241,0.104,0.528,0.879,0.608,0.54,0.752,0.348,0.829,0.8,0.132,0.665,0.488,0.882,0.912,0.217,0.541,0.876,0.933,0.46,0.559,0.883,0.844,0.033,0.832,0.693,0.978,0.741,0.339,0.063
2020-02-01 19:55:27,0.436,0.199,0.376,0.948,0.175,0.861,0.835,0.63,0.366,0.884,0.672,0.234,0.016,0.517,0.742,0.454,0.806,0.163,0.102,0.631,0.374,0.572,0.757,0.436,0.437,0.193,0.673,0.13,0.839,0.337,0.347,0.664,0.14,0.397,0.252,0.057,0.233,0.902,0.876,0.422,0.624,0.891,0.977,0.303,0.272,0.411,0.95,0.73,0.585,0.441,0.499,0.105,0.191,0.804,0.059,0.066,0.788,0.078,0.998,0.148,0.022,0.126,0.682,0.644,0.968,0.111,0.959,0.116,0.452,0.097,0.866,0.431,0.706,0.206,0.17,0.52,0.57,0.65,0.056,0.492,0.962,0.764,0.554,0.109,0.988,0.969,0.73,0.54,0.6,0.233,0.81,0.398,0.437,0.048,0.461,0.841,0.716,0.43,0.858,0.448,0.932,0.142,0.013,0.131,0.698,0.502,0.669,0.529,0.049,0.989,0.907,0.866,0.645,0.057,0.746,0.324,0.564,0.779,0.968,0.074,0.039,0.219,0.606,0.459,0.805,0.959,0.218,0.088,0.059,0.309,0.995,0.009,0.704,0.235,0.789,0.945,0.148,0.726,0.255,0.332,0.021,0.921,0.053,0.755,0.204,0.203,0.989,0.935,0.843,0.877,0.359,0.35,0.49,0.567,0.974,0.215,0.957,0.227,0.924,0.364,0.606,0.084,0.703,0.552,0.707,0.468,0.682,0.288,0.063,0.424,0.534,0.383,0.767,0.715,0.222,0.727,0.987,0.332,0.14,0.165,0.51,0.489,0.733,0.664,0.278,0.865,0.69,0.292,0.504,0.503,0.642,0.867,0.408,0.957,0.695,0.616,0.851,0.794,0.865,0.998,0.411,0.404,0.67,0.844,0.579,0.144,0.475,0.855,0.175,0.776,0.951,0.277,0.488,0.948,0.802,0.981,0.928,0.54,0.965,0.851,0.859,0.177,0.98,0.771,0.645,0.381,0.562,0.749,0.159,0.55,0.317,0.933,0.48,0.801,0.444,0.394,0.172,0.954,0.789,0.338,0.418,0.33,0.537,0.932,0.048,0.856,0.487,0.013,0.121,0.535,0.405,0.364,0.249,0.247,0.787,0.019,0.016,0.184,0.66,0.323,0.906,0.234,0.029,0.837,0.713,0.847,0.295,0.113,0.714,0.609,0.242,0.495,0.853,0.378,0.31,0.601,0.413,0.411,0.033,0.249,0.857,0.713,0.034,0.892,0.65,0.242,0.114,0.952,0.283,0.012,0.823,0.804,0.691,0.341,0.754,0.958,0.632,0.791,0.556,0.47,0.178,0.654,0.117,0.046,0.644,0.555,0.578,0.489,0.475,0.929,0.824,0.398,0.716,0.529,0.854,0.807,0.267,0.194,0.299,0.236,0.676,0.461,0.037,0.085,0.47,0.189,0.591,0.18,0.852,0.678,0.295,0.199,0.64,0.144,0.056,0.64,0.458,0.494,0.586,0.282,0.666,0.909,0.295,0.728,0.634,0.374,0.093,0.717,0.048,0.004,0.869,0.245,0.232,0.005,0.981,0.742,0.958,0.475,0.743,0.991,0.623,0.028,0.144,0.939,0.515,0.164,0.583,0.326,0.844,0.739,0.298,0.163,0.473,0.781,0.797,0.945,0.602,0.491,0.502,0.726,0.416,0.111,0.988,0.926,0.289,0.172,0.797,0.866,0.489,0.144,0.629,0.949,0.375,0.577,0.607,0.098,0.285,0.45,0.547,0.119,0.399,0.918,0.138,0.186,0.033,0.703,0.697,0.31,0.772,0.307,0.64,0.01,0.536,0.301,0.47,0.533,0.529,0.361,0.87,0.781,0.289,0.115,0.425,0.414,0.434,0.156,0.097,0.844,0.921,0.702,0.964,0.364,0.174,0.683,0.568,0.4,0.331,0.276,0.931,0.716,0.156,0.851,0.602,0.598,0.153,0.709,0.815,0.694,0.558,0.338,0.051,0.157,0.508,0.121,0.255,0.558,0.314,0.019,0.338,0.916,0.481,0.5,0.262,0.505,0.504,0.348,0.261,0.831,0.18,0.792,0.482,0.8,0.602,0.261,0.41,0.57,0.637,0.528,0.956,0.358,0.784,0.719,0.364,0.007,0.872,0.784,0.55,0.749,0.64,0.929,0.42,0.775,0.319,0.411,0.657,0.18,0.276,0.033,0.892,0.852,0.891,0.455,0.69,0.993,0.894,0.284,0.893,0.477,0.721,0.505,0.881,0.707
2020-02-01 19:55:27,0.909,0.672,0.363,0.754,0.984,0.12,0.891,0.905,0.435,0.263,0.688,0.721,0.765,0.01,0.697,0.618,0.53,0.829,0.777,0.937,0.426,0.184,0.689,0.311,0.972,0.465,0.124,0.907,0.6,0.534,0.166,0.832,0.351,0.748,0.819,0.788,0.067,0.078,0.683,0.062,0.234,0.774,0.064,0.508,0.641,0.319,0.606,0.566,0.168,0.305,0.426,0.051,0.826,0.318,0.497,0.033,0.299,0.007,0.964,0.086,0.567,0.626,0.39,0.944,0.91,0.276,0.353,0.948,0.013,0.217,0.966,0.231,0.681,0.695,0.463,0.504,0.745,0.912,0.502,0.025,0.557,0.617,0.177,0.289,0.075,0.095,0.955,0.616,0.02,0.434,0.52,0.713,0.487,0.592,0.438,0.36,0.509,0.312,0.194,0.014,0.345,0.299,0.89,0.299,0.314,0.573,0.386,0.239,0.211,0.433,0.97,0.704,0.745,0.484,0.114,0.764,0.87,0.052,0.853,0.497,0.261,0.835,0.613,0.724,0.161,0.601,0.682,0.917,0.768,0.899,0.494,0.706,0.366,0.127,0.202,0.851,0.029,0.323,0.399,0.468,0.056,0.903,0.25,0.776,0.117,0.929,0.543,0.751,0.278,0.862,0.692,0.248,0.278,0.719,0.161,0.214,0.955,0.929,0.316,0.737,0.794,0.087,0.93,0.998,0.085,0.314,0.859,0.77,0.819,0.293,0.296,0.075,0.383,0.643,0.43,0.071,0.754,0.583,0.196,0.144,0.298,0.166,0.087,0.605,0.803,0.525,0.357,0.54,0.719,0.224,0.044,0.579,0.905,0.722,0.052,0.337,0.633,0.55,0.128,0.62,0.629,0.266,0.691,0.302,0.823,0.733,0.264,0.824,0.523,0.383,0.37,0.719,0.014,0.647,0.198,0.309,0.168,0.879,0.058,0.85,0.22,0.48,0.285,0.588,0.289,0.903,0.336,0.647,0.003,0.979,0.319,0.363,0.243,0.695,0.021,0.503,0.756,0.19,0.283,0.285,0.378,0.893,0.358,0.13,0.882,0.481,0.572,0.379,0.907,0.754,0.846,0.353,0.05,0.402,0.536,0.761,0.455,0.767,0.824,0.64,0.808,0.473,0.999,0.084,0.206,0.895,0.766,0.612,0.44,0.636,0.986,0.525,0.712,0.838,0.832,0.882,0.519,0.08,0.143,0.051,0.821,0.406,0.317,0.04,0.778,0.34,0.531,0.989,0.996,0.176,0.937,0.022,0.285,0.128,0.895,0.487,0.982,0.961,0.986,0.144,0.201,0.121,0.806,0.33,0.673,0.031,0.823,0.558,0.82,0.435,0.198,0.863,0.707,0.241,0.423,0.046,0.452,0.063,0.997,0.471,0.827,0.376,0.984,0.399,0.455,0.904,0.597,0.701,0.525,0.775,0.89,0.136,0.481,0.847,0.042,0.071,0.873,0.945,0.897,0.106,0.465,0.559,0.521,0.033,0.044,0.515,0.598,0.347,0.474,0.656,0.511,0.196,0.198,0.296,0.616,0.445,0.504,0.374,0.065,0.813,0.703,0.992,0.964,0.319,0.3,0.688,0.092,0.72,0.252,0.434,0.867,0.088,0.994,0.288,0.797,0.583,0.252,0.897,0.309,0.735,0.542,0.929,0.833,0.372,0.715,0.616,0.925,0.783,0.585,0.879,0.716,0.928,0.058,0.465,0.267,0.401,0.779,0.554,0.003,0.171,0.126,0.317,0.604,0.083,0.649,0.011,0.897,0.425,0.05,0.485,0.212,0.739,0.046,0.085,0.31,0.583,0.8,0.22,0.82,0.602,0.036,0.852,0.978,0.976,0.679,0.077,0.151,0.737,0.625,0.899,0.868,0.125,0.247,0.311,0.512,0.077,0.612,0.315,0.69,0.329,0.912,0.672,0.102,0.989,0.452,0.92,0.063,0.256,0.918,0.566,0.566,0.399,0.441,0.878,0.95,0.748,0.295,0.551,0.857,0.704,0.971,0.732,0.5,0.613,0.744,0.454,0.659,0.889,0.332,0.894,0.496,0.798,0.497,0.309,0.869,0.251,0.589,0.316,0.368,0.105,0.171,0.116,0.882,0.518,0.435,0.437,0.223,0.482,0.364,0.041,0.613,0.975,0.745,0.635,0.087,0.054,0.256,0.928,0.066,0.778,0.379,0.68,0.186,0.975,0.482,0.988,0.78,0.392,0.617,0.639,0.449,0.646
2020-02-01 19:55:27,0.858,0.34,0.272,0.143,0.597,0.648,0.569,0.514,0.73,0.1,0.709,0.045,0.569,0.582,0.733,0.954,0.945,0.372,0.747,0.665,0.383,0.1,0.041,0.778,0.717,0.88,0.477,0.025,0.504,0.022,0.8,0.94,0.513,0.261,0.769,0.423,0.628,0.052,0.434,0.728,0.55,0.592,0.09,0.028,0.588,0.51,0.109,0.575,0.661,0.337,0.042,0.071,0.185,0.635,0.71,0.836,0.945,0.645,0.583,0.553,0.414,0.421,0.35,0.673,0.439,0.41,0.546,0.446,0.606,0.017,0.812,0.052,0.119,0.799,0.132,0.903,0.254,0.247,0.742,0.936,0.61,0.781,0.172,0.532,0.459,0.865,0.847,0.756,0.697,0.991,0.44,0.334,0.292,0.7,0.945,0.051,0.824,0.613,0.548,0.34,0.79,0.069,0.42,0.196,0.965,0.1,0.475,0.74,0.34,0.072,0.201,0.36,0.799,0.021,0.23,0.677,0.351,0.771,0.129,0.159,0.859,0.346,0.184,0.597,0.101,0.188,0.815,0.648,0.296,0.954,0.345,0.992,0.944,0.842,0.624,0.361,0.216,0.572,0.492,0.624,0.309,0.395,0.671,0.825,0.329,0.314,0.079,0.798,0.96,0.036,0.658,0.404,0.761,0.379,0.027,0.689,0.819,0.543,0.899,0.754,0.211,0.383,0.503,0.735,0.222,0.836,0.174,0.999,0.116,0.449,0.272,0.868,0.826,0.989,0.439,0.853,0.786,0.939,0.567,0.792,0.134,0.576,0.526,0.059,0.076,0.614,0.569,0.617,0.449,0.588,0.615,0.78,0.461,0.435,0.824,0.733,0.741,0.423,0.006,0.449,0.012,0.638,0.164,0.167,0.825,0.008,0.3,0.194,0.385,0.809,0.675,0.893,0.537,0.412,0.937,0.568,0.73,0.481,0.016,0.596,0.879,0.084,0.393,0.808,0.127,0.699,0.615,0.323,0.528,0.487,0.274,0.313,0.268,0.964,0.116,0.961,0.442,0.71,0.738,0.455,0.195,0.679,0.922,0.056,0.963,0.333,0.325,0.038,0.685,0.64,0.392,0.324,0.396,0.542,0.233,0.527,0.316,0.044,0.655,0.216,0.528,0.168,0.383,0.739,0.544,0.117,0.279,0.084,0.474,0.021,0.459,0.449,0.614,0.635,0.408,0.801,0.652,0.484,0.219,0.656,0.401,0.549,0.188,0.722,0.701,0.841,0.691,0.614,0.564,0.963,0.562,0.293,0.924,0.579,0.434,0.412,0.553,0.703,0.29,0.672,0.704,0.625,0.886,0.349,0.24,0.449,0.047,0.941,0.842,0.321,0.442,0.464,0.744,0.789,0.292,0.366,0.129,0.388,0.838,0.017,0.261,0.458,0.808,0.955,0.046,0.126,0.419,0.414,0.252,0.139,0.7,0.29,0.766,0.123,0.113,0.94,0.923,0.163,0.715,0.462,0.131,0.819,0.79,0.575,0.478,0.73,0.938,0.039,0.051,0.479,0.344,0.556,0.729,0.007,0.374,0.463,0.378,0.131,0.666,0.273,0.798,0.029,0.17,0.422,0.307,0.761,0.222,0.323,0.596,0.261,0.279,0.877,0.425,0.468,0.386,0.462,0.633,0.306,0.532,0.255,0.592,0.634,0.61,0.367,0.993,0.817,0.891,0.71,0.99,0.883,0.059,0.916,0.548,0.251,0.419,0.873,0.396,0.243,0.73,0.357,0.97,0.631,0.039,0.482,0.261,0.569,0.193,0.487,0.683,0.563,0.113,0.146,0.463,0.513,0.099,0.783,0.294,0.697,0.855,0.104,0.143,0.739,0.705,0.599,0.334,0.011,0.289,0.478,0.877,0.086,0.071,0.715,0.041,0.154,0.136,0.591,0.926,0.254,0.342,0.442,0.661,0.615,0.59,0.748,0.192,0.811,0.77,0.499,0.971,0.432,0.926,0.171,0.655,0.407,0.955,0.688,0.378,0.546,0.819,0.252,0.291,0.162,0.527,0.374,0.495,0.653,0.706,0.053,0.166,0.613,0.98,0.192,0.45,0.567,0.498,0.296,0.75,0.445,0.259,0.374,0.335,0.876,0.364,0.356,0.011,0.002,0.759,0.612,0.088,0.403,0.575,0.869,0.532,0.942,0.998,0.739,0.219,0.186,0.642,0.352,0.981,0.903,0.767,0.496,0.633,0.441,0.124,0.928,0.72,0.413,0.868,0.962
2020-02-01 19:55:27,0.751,0.211,0.017,0.703,0.839,0.067,0.472,0.036,0.248,0.248,0.104,0.063,0.132,0.945,0.11,0.059,0.765,0.234,0.279,0.007,0.09,0.136,0.085,0.099,0.118,0.999,0.886,0.697,0.957,0.535,0.834,0.54,0.744,0.83,0.775,0.9,0.426,0.436,0.064,0.156,0.238,0.347,0.805,0.019,0.418,0.436,0.45,0.423,0.208,0.035,0.563,0.626,0.087,0.605,0.315,0.614,0.94,0.273,0.084,0.255,0.699,0.811,0.492,0.14,0.98,0.593,0.613,0.539,0.277,0.647,0.249,0.051,0.669,0.972,0.663,0.566,0.636,0.991,0.484,0.42,0.674,0.606,0.713,0.493,0.148,0.283,0.978,0.524,0.656,0.328,0.716,0.688,0.582,0.118,0.039,0.477,0.262,0.297,0.538,0.848,0.27,0.436,0.97,0.706,0.781,0.321,0.49,0.095,0.424,0.73,0.895,0.468,0.611,0.934,0.997,0.076,0.782,0.773,0.786,0.359,0.356,0.123,0.468,0.664,0.32,0.027,0.051,0.351,0.758,0.777,0.424,0.001,0.918,0.415,0.203,0.487,0.679,0.515,0.025,0.904,0.126,0.691,0.549,0.966,0.456,0.62,0.704,0.714,0.678,0.9,0.207,0.003,0.895,0.877,0.027,0.199,0.937,0.843,0.951,0.552,0.664,0.172,0.749,0.601,0.937,0.401,0.288,0.062,0.468,0.098,0.094,0.469,0.087,0.2,0.438,0.172,0.53,0.231,0.486,0.641,0.23,0.913,0.943,0.207,0.771,0.172,0.989,0.163,0.125,0.064,0.178,0.27,0.425,0.538,0.985,0.099,0.509,0.319,0.219,0.047,0.608,0.545,0.697,0.368,0.551,0.632,0.55,0.438,0.1,0.298,0.026,0.925,0.855,0.045,0.305,0.452,0.541,0.077,0.563,0.775,0.28,0.156,0.521,0.384,0.005,0.99,0.737,0.154,0.206,0.305,0.34,0.395,0.348,0.866,0.405,0.664,0.172,0.712,0.402,0.441,0.081,0.487,0.272,0.349,0.884,0.579,0.099,0.762,0.991,0.931,0.285,0.079,0.185,0.208,0.557,0.178,0.736,0.893,0.784,0.425,0.04,0.163,0.299,0.688,0.423,0.05,0.952,0.761,0.443,0.616,0.735,0.895,0.716,0.461,0.786,0.494,0.314,0.061,0.523,0.737,0.018,0.098,0.801,0.585,0.954,0.086,0.487,0.122,0.136,0.244,0.587,0.594,0.776,0.271,0.789,0.999,0.515,0.691,0.81,0.163,0.49,0.642,0.969,0.289,0.851,0.58,0.085,0.646,0.816,0.039,0.051,0.007,0.067,0.312,0.576,0.364,0.848,0.284,0.714,0.103,0.865,0.342,0.578,0.421,0.39,0.257,0.571,0.73,0.928,0.661,0.491,0.402,0.113,0.396,0.872,0.291,0.422,0.882,0.046,0.17,0.918,0.746,0.583,0.357,0.453,0.414,0.899,0.361,0.362,0.938,0.889,0.453,0.74,0.739,0.377,0.276,0.976,0.579,0.463,0.559,0.038,0.55,0.07,0.197,0.552,0.512,0.092,0.877,0.554,0.715,0.537,0.421,0.431,0.417,0.86,0.306,0.337,0.722,0.816,0.389,0.442,0.47,0.615,0.941,0.559,0.555,0.675,0.762,0.458,0.072,0.654,0.005,0.233,0.673,0.294,0.014,0.16,0.54,0.724,0.811,0.645,0.628,0.481,0.449,0.748,0.113,0.488,0.92,0.655,0.549,0.611,0.942,0.758,0.216,0.599,0.927,0.758,0.964,0.441,0.936,0.62,0.701,0.243,0.624,0.076,0.333,0.564,0.744,0.109,0.218,0.733,0.464,0.038,0.97,0.462,0.863,0.094,0.977,0.816,0.162,0.652,0.822,0.142,0.477,0.413,0.036,0.062,0.514,0.698,0.824,0.206,0.912,0.014,0.677,0.492,0.88,0.425,0.021,0.492,0.87,0.156,0.498,0.533,0.044,0.629,0.833,0.084,0.728,0.812,0.202,0.068,0.561,0.766,0.898,0.398,0.687,0.064,0.468,0.596,0.912,0.601,0.775,0.46,0.95,0.343,0.824,0.453,0.655,0.279,0.412,0.281,0.721,0.375,0.565,0.651,0.797,0.685,0.596,0.28,0.237,0.48,0.695,0.456,0.193,0.022,0.841,0.99,0.3,0.446,0.482,0.202,0.136
2020-02-01 19:55:27,0.505,0.356,0.007,0.153,0.941,0.329,0.858,0.525,0.267,0.231,0.772,0.701,0.149,0.576,0.201,0.917,0.46,0.673,0.343,0.717,0.463,0.531,0.635,0.403,0.549,0.264,0.878,0.418,0.743,0.664,0.754,0.611,0.469,0.177,0.771,0.75,0.451,0.32,0.11,0.037,0.678,0.783,0.716,0.231,0.21,0.867,0.891,0.349,0.971,0.83,0.665,0.704,0.617,0.09,0.992,0.299,0.366,0.748,0.986,0.522,0.276,0.073,0.455,0.509,0.731,0.373,0.327,0.591,0.888,0.612,0.483,0.002,0.263,0.389,0.648,0.058,0.854,0.556,0.287,0.631,0.217,0.292,0.995,0.994,0.453,0.386,0.216,0.8,0.106,0.643,0.496,0.906,0.352,0.507,0.003,0.144,0.168,0.539,0.634,0.317,0.896,0.327,0.072,0.086,0.543,0.992,0.704,0.117,0.467,0.163,0.962,0.503,0.8,0.798,0.197,0.613,0.57,0.539,0.459,0.688,0.625,0.644,0.113,0.712,0.369,0.593,0.115,0.786,0.745,0.821,0.577,0.001,0.066,0.349,0.677,0.641,0.547,0.044,0.621,0.936,0.612,0.225,0.931,0.281,0.472,0.005,0.41,0.374,0.655,0.045,0.666,0.954,0.485,0.182,0.358,0.68,0.891,0.362,0.413,0.444,0.097,0.63,0.052,0.565,0.215,0.659,0.321,0.581,0.203,0.072,0.167,0.812,0.85,0.532,0.847,0.011,0.897,0.976,0.545,0.958,0.512,0.292,0.792,0.189,0.449,0.131,0.247,0.293,0.022,0.866,0.58,0.394,0.864,0.351,0.362,0.471,0.864,0.508,0.722,0.084,0.452,0.195,0.649,0.701,0.467,0.071,0.076,0.323,0.793,0.516,0.312,0.871,0.822,0.892,0.075,0.003,0.151,0.693,0.031,0.902,0.162,0.93,0.948,0.999,0.82,0.091,0.479,0.846,0.755,0.738,0.602,0.997,0.347,0.229,0.206,0.277,0.296,0.838,0.939,0.478,0.994,0.555,0.615,0.611,0.605,0.721,0.902,0.074,0.308,0.484,0.623,0.43,0.428,0.68,0.64,0.541,0.118,0.996,0.915,0.275,0.294,0.844,0.928,0.314,0.369,0.271,0.005,0.657,0.792,0.872,0.587,0.731,0.183,0.796,0.375,0.808,0.222,0.297,0.954,0.951,0.406,0.017,0.072,0.778,0.632,0.868,0.658,0.005,0.405,0.053,0.792,0.214,0.638,0.921,0.085,0.55,0.283,0.66,0.756,0.705,0.699,0.916,0.543,0.284,0.032,0.225,0.771,0.913,0.71,0.931,0.207,0.535,0.099,0.603,0.299,0.298,0.733,0.55,0.584,0.902,0.562,0.915,0.007,0.932,0.916,0.866,0.872,0.115,0.934,0.974,0.455,0.411,0.08,0.63,0.382,0.778,0.08,0.946,0.937,0.957,0.602,0.713,0.228,0.702,0.868,0.157,0.855,0.253,0.444,0.184,0.254,0.554,0.318,0.119,0.196,0.974,0.007,0.467,0.989,0.921,0.403,0.225,0.911,0.186,0.744,0.322,0.066,0.345,0.409,0.32,0.998,0.752,0.714,0.54,0.79,0.812,0.131,0.54,0.518,0.955,0.249,0.316,0.563,0.922,0.082,0.361,0.362,0.72,0.117,0.811,0.454,0.135,0.554,0.267,0.15,0.402,0.328,0.809,0.606,0.563,0.787,0.754,0.873,0.275,0.194,0.02,0.18,0.919,0.843,0.369,0.138,0.589,0.817,0.023,0.563,0.671,0.899,0.334,0.153,0.843,0.945,0.121,0.324,0.243,0.07,0.98,0.771,0.654,0.414,0.684,0.745,0.366,0.174,0.19,0.509,0.038,0.206,0.797,0.04,0.536,0.886,0.763,0.409,0.845,0.293,0.293,0.386,0.469,0.29,0.324,0.427,0.653,0.821,0.905,0.731,0.696,0.596,0.672,0.689,0.676,0.428,0.214,0.464,0.804,0.685,0.914,0.056,0.844,0.486,0.161,0.794,0.098,0.804,0.318,0.936,0.231,0.664,0.693,0.338,0.718,0.129,0.44,0.535,0.497,0.614,0.265,0.258,0.148,0.388,0.26,0.459,0.462,0.718,0.095,0.959,0.62,0.47,0.132,0.947,0.705,0.235,0.755,0.262,0.173,0.493,0.566,0.165,0.62,0.78,0.907,0.239,0.44
2020-02-01 19:55:27,0.677,0.647,0.733,0.602,0.915,0.621,0.575,0.824,0.581,0.618,0.707,0.201,0.153,0.194,0.631,0.149,0.017,0.24,0.776,0.646,0.03,0.479,0.528,0.248,0.101,0.254,0.691,0.49,0.455,0.26,0.324,0.415,0.2,0.531,0.03,0.285,0.565,0.508,0.64,0.654,0.561,0.846,0.32,0.547,0.211,0.356,0.518,0.504,0.096,0.625,0.26,0.129,0.951,0.129,0.311,0.317,0.123,0.714,0.945,0.516,0.111,0.393,0.588,0.579,0.065,0.092,0.594,0.343,0.267,0.532,0.276,0.396,0.561,0.832,0.435,0.891,0.036,0.101,0.795,0.92,0.507,0.731,0.942,0.824,0.191,0.798,0.313,0.059,0.239,0.672,0.699,0.053,0.254,0.656,0.836,0.672,0.468,0.651,0.247,0.654,0.882,0.128,0.24,0.216,0.822,0.887,0.31,0.233,0.278,0.897,0.303,0.406,0.939,0.018,0.833,0.954,0.445,0.147,0.805,0.013,0.135,0.947,0.641,0.037,0.458,0.46,0.772,0.311,0.328,0.778,0.713,0.433,0.947,0.307,0.853,0.352,0.643,0.875,0.923,0.662,0.892,0.71,0.781,0.475,0.85,0.342,0.854,0.952,0.01,0.602,0.631,0.465,0.196,0.944,0.635,0.563,0.964,0.058,0.184,0.754,0.278,0.794,0.315,0.569,0.471,0.79,0.7,0.527,0.633,0.22,0.573,0.823,0.253,0.281,0.386,0.111,0.545,0.488,0.464,0.727,0.533,0.554,0.436,0.574,0.825,0.01,0.245,0.586,0.672,0.19,0.016,0.57,0.692,0.795,0.824,0.802,0.366,0.739,0.458,0.357,0.098,0.439,0.664,0.665,0.332,0.894,0.922,0.031,0.299,0.893,0.138,0.114,0.384,0.493,0.44,0.363,0.153,0.124,0.682,0.272,0.318,0.833,0.376,0.561,0.18,0.188,0.337,0.502,0.371,0.466,0.655,0.155,0.876,0.272,0.822,0.431,0.466,0.51,0.975,0.54,0.627,0.721,0.834,0.553,0.109,0.028,0.322,0.394,0.372,0.365,0.448,0.377,0.723,0.872,0.412,0.487,0.873,0.085,0.033,0.768,0.121,0.66,0.041,0.505,0.977,0.23,0.828,0.265,0.729,0.338,0.882,0.075,0.902,0.899,0.571,0.966,0.701,0.723,0.221,0.134,0.833,0.274,0.983,0.28,0.416,0.392,0.618,0.789,0.472,0.878,0.072,0.244,0.702,0.429,0.564,0.132,0.718,0.791,0.854,0.407,0.836,0.192,0.571,0.94,0.594,0.369,0.374,0.775,0.228,0.284,0.868,0.411,0.75,0.017,0.821,0.151,0.666,0.763,0.6,0.282,0.757,0.665,0.656,0.886,0.765,0.282,0.514,0.726,0.963,0.824,0.467,0.142,0.739,0.633,0.367,0.615,0.491,0.462,0.285,0.558,0.079,0.217,0.972,0.954,0.562,0.449,0.597,0.592,0.457,0.43,0.295,0.571,0.124,0.983,0.823,0.63,0.196,0.218,0.264,0.741,0.78,0.902,0.019,0.023,0.173,0.122,0.211,0.457,0.392,0.349,0.332,0.45,0.517,0.593,0.474,0.488,0.547,0.031,0.894,0.63,0.109,0.371,0.513,0.616,0.069,0.391,0.537,0.473,0.003,0.122,0.27,0.626,0.209,0.727,0.967,0.954,0.974,0.782,0.939,0.996,0.419,0.768,0.084,0.498,0.959,0.785,0.717,0.989,0.507,0.817,0.43,0.897,0.826,0.474,0.044,0.464,0.422,0.912,0.985,0.621,0.825,0.386,0.766,0.884,0.301,0.943,0.409,0.988,0.758,0.015,0.364,0.517,0.662,0.265,0.131,0.992,0.047,0.746,0.5,0.217,0.852,0.803,0.232,0.329,0.031,0.953,0.182,0.981,0.315,0.949,0.805,0.007,0.472,0.773,0.594,0.108,0.455,0.341,0.971,0.858,0.118,0.29,0.054,0.451,0.954,0.799,0.358,0.496,0.391,0.602,0.106,0.543,0.338,0.83,0.672,0.524,0.692,0.53,0.925,0.856,0.123,0.352,0.528,0.824,0.537,0.251,0.69,0.073,0.04,0.883,0.143,0.762,0.161,0.649,0.551,0.951,0.571,0.779,0.652,0.258,0.323,0.194,0.889,0.975,0.047,0.056,0.64,0.969,0.232,0.512,0.524,0.672
2020-02-01 19:55:27,0.509,0.198,0.149,0.93,0.725,0.348,0.338,0.892,0.832,0.382,0.424,0.23,0.811,0.311,0.175,0.471,0.445,0.376,0.348,0.506,0.304,0.967,0.019,0.033,0.309,0.108,0.793,0.455,0.624,0.132,0.322,0.854,0.988,0.405,0.104,0.483,0.148,0.772,0.54,0.794,0.996,0.421,0.123,0.828,0.844,0.313,0.597,0.546,0.538,0.172,0.001,0.869,0.535,0.305,0.908,0.881,0.26,0.049,0.997,0.162,0.444,0.897,0.99,0.351,0.551,0.276,0.134,0.397,0.254,0.845,0.25,0.711,0.859,0.546,0.965,0.952,0.893,0.588,0.6,0.363,0.489,0.019,0.861,0.479,0.81,0.89,0.32,0.619,0.146,0.689,0.951,0.997,0.349,0.97,0.926,0.475,0.357,0.285,0.071,0.031,0.007,0.494,0.951,0.173,0.762,0.228,0.009,0.843,0.098,0.382,0.053,0.844,0.489,0.306,0.053,0.555,0.885,0.47,0.231,0.39,0.025,0.642,0.089,0.922,0.043,0.383,0.228,0.028,0.785,0.856,0.589,0.42,0.793,0.247,0.078,0.602,0.028,0.53,0.174,0.823,0.13,0.559,0.823,0.447,0.805,0.191,0.251,0.692,0.57,0.063,0.06,0.321,0.278,0.471,0.791,0.116,0.257,0.395,0.748,0.127,0.038,0.44,0.361,0.452,0.62,0.058,0.634,0.487,0.629,0.028,0.406,0.199,0.602,0.725,0.6,0.598,0.766,0.048,0.426,0.009,0.369,0.678,0.318,0.548,0.643,0.318,0.637,0.104,0.672,0.979,0.853,0.652,0.823,0.265,0.85,0.738,0.356,0.757,0.933,0.2,0.799,0.367,0.472,0.213,0.878,0.691,0.098,0.021,0.975,0.584,0.826,0.405,0.598,0.084,0.057,0.909,0.796,0.325,0.976,0.836,0.439,0.611,0.235,0.636,0.94,0.847,0.354,0.719,0.711,0.409,0.936,0.586,0.314,0.517,0.758,0.242,0.356,0.536,0.673,0.932,0.794,0.647,0.737,0.048,0.073,0.287,0.832,0.647,0.705,0.196,0.4,0.385,0.037,0.794,0.931,0.761,0.404,0.43,0.593,0.942,0.328,0.021,0.157,0.568,0.619,0.634,0.552,0.381,0.902,0.507,0.097,0.849,0.813,0.662,0.271,0.965,0.243,0.471,0.336,0.161,0.257,0.747,0.111,0.543,0.967,0.89,0.21,0.732,0.016,0.427,0.575,0.288,0.808,0.801,0.834,0.308,0.929,0.469,0.229,0.106,0.143,0.541,0.53,0.31,0.075,0.924,0.713,0.884,0.869,0.823,0.649,0.714,0.213,0.684,0.179,0.35,0.266,0.894,0.742,0.747,0.764,0.236,0.386,0.022,0.723,0.689,0.464,0.754,0.799,0.117,0.023,0.777,0.602,0.895,0.264,0.216,0.831,0.888,0.137,0.422,0.848,0.882,0.067,0.403,0.098,0.308,0.106,0.742,0.039,0.861,0.384,0.139,0.176,0.052,0.591,0.293,0.009,0.126,0.561,0.24,0.536,0.9,0.973,0.92,0.736,0.907,0.796,0.861,0.281,0.208,0.094,0.966,0.021,0.611,0.876,0.054,0.407,0.735,0.437,0.139,0.32,0.245,0.708,0.127,0.506,0.876,0.726,0.843,0.844,0.515,0.669,0.555,0.149,0.299,0.459,0.648,0.755,0.614,0.008,0.65,0.666,0.52,0.241,0.856,0.01,0.558,0.902,0.796,0.492,0.918,0.735,0.593,0.156,0.235,0.826,0.561,0.837,0.143,0.494,0.439,0.256,0.34,0.562,0.236,0.672,0.504,0.121,0.967,0.263,0.526,0.53,0.542,0.816,0.388,0.752,0.794,0.413,0.465,0.475,0.466,0.324,0.019,0.809,0.786,0.917,0.344,0.424,0.884,0.336,0.273,0.171,0.123,0.845,0.322,0.514,0.255,0.277,0.896,0.851,0.458,0.453,0.941,0.414,0.204,0.117,0.584,0.606,0.2,0.323,0.643,0.939,0.498,0.401,0.257,0.845,0.763,0.3,0.989,0.22,0.571,0.571,0.426,0.533,0.229,0.816,0.463,0.501,0.849,0.213,0.885,0.398,0.411,0.079,0.752,0.147,0.338,0.961,0.29,0.181,0.607,0.493,0.565,0.047,0.301,0.506,0.902,0.183,0.767,0.327,0.508,0.787,0.959
2020-02-01 19:55:27,0.182,0.099,0.817,0.314,0.999,0.534,0.137,0.019,0.532,0.309,0.832,0.851,0.961,0.941,0.29,0.094,0.081,0.197,0.45,0.228,0.385,0.136,0.732,0.305,0.575,0.831,0.99,0.02,0.208,0.957,0.217,0.081,0.14,0.803,0.152,0.271,0.8,0.244,0.711,0.032,0.244,0.629,0.82,0.239,0.916,0.41,0.829,0.453,0.448,0.42,0.141,0.286,0.473,0.677,0.385,0.098,0.582,0.945,0.623,0.106,0.03,0.978,0.793,0.458,0.876,0.22,0.181,0.921,0.781,0.108,0.541,0.684,0.142,0.369,0.63,0.7,0.848,0.679,0.957,0.567,0.742,0.302,0.143,0.295,0.958,0.614,0.476,0.644,0.505,0.375,0.818,0.042,0.401,0.637,0.283,0.695,0.498,0.315,0.977,0.906,0.395,0.051,0.923,0.138,0.245,0.977,0.356,0.326,0.987,0.073,0.617,0.969,0.133,0.2,0.022,0.052,0.573,0.376,0.281,0.697,0.454,0.158,0.17,0.669,0.726,0.297,0.89,0.705,0.313,0.889,0.006,0.102,0.305,0.65,0.759,0.903,0.872,0.579,0.264,0.978,0.672,0.142,0.636,0.175,0.305,0.056,0.661,0.996,0.535,0.808,0.582,0.907,0.64,0.529,0.123,0.906,0.193,0.368,0.217,0.173,0.228,0.158,0.858,0.995,0.706,0.225,0.072,0.719,0.829,0.153,0.255,0.035,0.134,0.575,0.328,0.248,0.284,0.039,0.461,0.348,0.001,0.751,0.625,0.981,0.605,0.373,0.119,0.632,0.842,0.418,0.66,0.57,0.592,0.538,0.438,0.811,0.586,0.468,0.476,0.987,0.564,0.863,0.639,0.328,0.425,0.967,0.289,0.336,0.821,0.537,0.235,0.491,0.817,0.243,0.404,0.244,0.392,0.539,0.496,0.708,0.25,0.731,0.935,0.403,0.448,0.901,0.573,0.004,0.578,0.361,0.079,0.393,0.784,0.193,0.442,0.918,0.881,0.107,0.044,0.42,0.464,0.153,0.355,0.249,0.104,0.449,0.28,0.845,0.134,0.674,0.808,0.618,0.044,0.311,0.354,0.23,0.932,0.432,0.076,0.317,0.515,0.997,0.781,0.916,0.335,0.947,0.357,0.703,0.083,0.859,0.503,0.657,0.579,0.121,0.661,0.986,0.22,0.057,0.971,0.995,0.658,0.455,0.919,0.482,0.48,0.676,0.079,0.404,0.564,0.608,0.471,0.361,0.213,0.438,0.822,0.211,0.851,0.362,0.805,0.725,0.853,0.916,0.84,0.231,0.388,0.229,0.251,0.424,0.885,0.826,0.908,0.996,0.999,0.902,0.755,0.458,0.924,0.135,0.499,0.729,0.948,0.404,0.528,0.673,0.647,0.363,0.424,0.968,0.304,0.353,0.56,0.446,0.706,0.363,0.157,0.87,0.108,0.211,0.15,0.645,0.535,0.72,0.877,0.165,0.9,0.305,0.253,0.14,0.159,0.502,0.646,0.323,0.932,0.123,0.933,0.38,0.833,0.807,0.512,0.493,0.777,0.103,0.072,0.528,0.277,0.926,0.986,0.377,0.062,0.07,0.088,0.293,0.171,0.658,0.539,0.724,0.824,0.342,0.801,0.033,0.355,0.919,0.925,0.944,0.654,0.065,0.227,0.003,0.764,0.993,0.06,0.646,0.239,0.875,0.851,0.515,0.088,0.865,0.953,0.901,0.426,0.863,0.08,0.42,0.731,0.227,0.558,0.855,0.59,0.629,0.024,0.38,0.238,0.229,0.409,0.611,0.531,0.163,0.656,0.41,0.374,0.742,0.569,0.153,0.243,0.399,0.78,0.623,0.219,0.412,0.343,0.306,0.175,0.9,0.233,0.288,0.506,0.537,0.329,0.748,0.514,0.739,0.748,0.633,0.252,0.217,0.49,0.184,0.367,0.522,0.694,0.18,0.785,0.304,0.206,0.176,0.766,0.03,0.012,0.682,0.913,0.532,0.895,0.623,0.604,0.805,0.25,0.747,0.004,0.397,0.781,0.881,0.446,0.479,0.697,0.404,0.579,0.057,0.29,0.869,0.099,0.974,0.325,0.124,0.843,0.899,0.396,0.028,0.073,0.869,0.041,0.223,0.181,0.092,0.611,0.44,0.455,0.559,0.762,0.928,0.599,0.893,0.261,0.383,0.197,0.843,0.856,0.723,0.786,0.351,0.061,0.438
2020-02-01 19:55:27,0.965,0.804,0.87,0.13,0.466,0.222,0.071,0.817,0.074,0.908,0.19,0.412,0.567,0.086,0.446,0.657,0.188,0.309,0.566,0.659,0.672,0.943,0.7,0.738,0.972,0.077,0.626,0.151,0.634,0.139,0.162,0.933,0.997,0.525,0.466,0.372,0.751,0.109,0.911,0.586,0.037,0.499,0.404,0.979,0.05,0.134,0.43,0.672,0.123,0.731,0.645,0.516,0.119,0.446,0.094,0.664,0.867,0.859,0.43,0.365,0.026,0.123,0.16,0.87,0.095,0.592,0.515,0.324,0.058,0.326,0.213,0.747,0.088,0.693,0.912,0.882,0.28,0.225,0.222,0.147,0.099,0.405,0.945,0.642,0.653,0.078,0.73,0.077,0.906,0.556,0.739,0.526,0.555,0.912,0.14,0.99,0.618,0.711,0.879,0.034,0.059,0.625,0.478,0.353,0.65,0.73,0.285,0.855,0.605,0.882,0.475,0.613,0.662,0.612,0.151,0.681,0.032,0.87,0.958,0.824,0.808,0.572,0.402,0.046,0.077,0.873,0.337,0.642,0.617,0.634,0.625,0.004,0.109,0.561,0.689,0.768,0.191,0.427,0.04,0.646,0.452,0.091,0.73,0.239,0.961,0.292,0.262,0.22,0.692,0.085,0.017,0.334,0.51,0.304,0.641,0.994,0.864,0.948,0.183,0.244,0.262,0.0,0.016,0.21,0.154,0.707,0.031,0.57,0.851,0.862,0.37,0.733,0.891,0.384,0.411,0.576,0.777,0.932,0.044,0.205,0.302,0.537,0.933,0.403,0.173,0.03,0.773,0.085,0.531,0.396,0.048,0.927,0.49,0.108,0.201,0.074,0.765,0.323,0.476,0.059,0.536,0.241,0.986,0.421,0.505,0.473,0.416,0.817,0.658,0.023,0.895,0.038,0.463,0.976,0.525,0.936,0.117,0.595,0.001,0.792,0.525,0.045,0.284,0.386,0.072,0.049,0.325,0.985,0.669,0.688,0.288,0.056,0.641,0.77,0.614,0.041,0.963,0.725,0.51,0.452,0.207,0.936,0.844,0.437,0.395,0.982,0.095,0.319,0.24,0.14,0.96,0.605,0.084,0.376,0.554,0.849,0.737,0.717,0.623,0.871,0.403,0.676,0.633,0.521,0.224,0.098,0.034,0.966,0.574,0.652,0.522,0.851,0.66,0.491,0.355,0.346,0.899,0.689,0.376,0.702,0.498,0.13,0.252,0.763,0.46,0.565,0.284,0.942,0.391,0.369,0.854,0.371,0.379,0.542,0.72,0.509,0.475,0.822,0.665,0.874,0.75,0.658,0.954,0.644,0.796,0.396,0.111,0.9,0.912,0.389,0.673,0.984,0.695,0.771,0.359,0.242,0.274,0.014,0.143,0.881,0.98,0.756,0.294,0.726,0.125,0.376,0.052,0.028,0.519,0.167,0.377,0.195,0.628,0.726,0.763,0.939,0.588,0.039,0.246,0.886,0.489,0.149,0.129,0.477,0.18,0.64,0.091,0.803,0.554,0.716,0.75,0.821,0.652,0.328,0.43,0.123,0.845,0.796,0.475,0.086,0.013,0.367,0.584,0.675,0.119,0.066,0.475,0.601,0.413,0.803,0.619,0.676,0.577,0.368,0.506,0.262,0.55,0.051,0.033,0.394,0.226,0.109,0.206,0.854,0.376,0.039,0.609,0.553,0.965,0.06,0.32,0.009,0.664,0.994,0.246,0.462,0.459,0.892,0.755,0.513,0.971,0.081,0.045,0.043,0.439,0.4,0.285,0.224,0.012,0.341,0.272,0.134,0.887,0.673,0.004,0.508,0.876,0.057,0.621,0.503,0.269,0.688,0.801,0.699,0.354,0.367,0.995,0.596,0.62,0.488,0.315,0.279,0.959,0.599,0.608,0.557,0.214,0.744,0.934,0.772,0.475,0.97,0.426,0.405,0.714,0.177,0.981,0.739,0.388,0.581,0.251,0.58,0.14,0.174,0.714,0.851,0.572,0.039,0.087,0.322,0.029,0.686,0.891,0.265,0.342,0.497,0.334,0.526,0.097,0.985,0.963,0.213,0.62,0.059,0.846,0.67,0.208,0.624,0.225,0.622,0.351,0.641,0.362,0.942,0.223,0.412,0.849,0.214,0.739,0.373,0.875,0.674,0.295,0.875,0.056,0.397,0.594,0.581,0.129,0.04,0.068,0.798,0.714,0.547,0.57,0.693,0.518,0.076,0.689,0.277,0.142,0.435
2020-02-01 19:55:27,0.596,0.388,0.429,0.705,0.494,0.554,0.185,0.409,0.8,0.225,0.744,0.816,0.019,0.76,0.702,0.507,0.696,0.369,0.929,0.077,0.984,0.214,0.865,0.162,0.122,0.04,0.475,0.814,0.984,0.053,0.632,0.614,0.601,0.29,0.901,0.554,0.333,0.552,0.792,0.334,0.674,0.114,0.805,0.879,0.469,0.51,0.838,0.787,0.32,0.847,0.476,0.275,0.716,0.014,0.677,0.026,0.07,0.407,0.445,0.991,0.592,0.307,0.823,0.175,0.653,0.621,0.586,0.464,0.169,0.569,0.722,0.891,0.684,0.479,0.408,0.421,0.943,0.17,0.767,0.133,0.203,0.42,0.836,0.614,0.102,0.998,0.547,0.668,0.136,0.551,0.657,0.576,0.47,0.305,0.916,0.05,0.145,0.082,0.258,0.975,0.758,0.463,0.63,0.335,0.647,0.248,0.652,0.996,0.275,0.657,0.838,0.154,0.039,0.424,0.989,0.632,0.222,0.989,0.604,0.73,0.636,0.581,0.709,0.077,0.908,0.685,0.682,0.922,0.988,0.596,0.583,0.736,0.163,0.064,0.69,0.5,0.506,0.943,0.949,0.597,0.537,0.583,0.64,0.29,0.95,0.589,0.729,0.946,0.922,0.956,0.649,0.52,0.421,0.173,0.35,0.489,0.578,0.892,0.618,0.798,0.001,0.636,0.992,0.674,0.69,0.423,0.784,0.252,0.502,0.379,0.936,0.042,0.672,0.706,0.488,0.503,0.471,0.133,0.684,0.581,0.977,0.974,0.848,0.149,0.31,0.158,0.286,0.262,0.856,0.109,0.873,0.942,0.054,0.544,0.041,0.763,0.825,0.813,0.953,0.697,0.397,0.817,0.208,0.079,0.034,0.96,0.862,0.241,0.059,0.745,0.822,0.759,0.885,0.819,0.783,0.17,0.274,0.054,0.101,0.124,0.791,0.295,0.79,0.566,0.677,0.561,0.903,0.031,0.07,0.944,0.061,0.031,0.992,0.881,0.342,0.229,0.078,0.963,0.531,0.825,0.033,0.204,0.968,0.846,0.782,0.705,0.887,0.667,0.536,0.694,0.289,0.64,0.9,0.652,0.036,0.782,0.004,0.744,0.489,0.52,0.52,0.972,0.192,0.647,0.964,0.608,0.625,0.174,0.937,0.669,0.893,0.409,0.848,0.74,0.849,0.018,0.726,0.159,0.852,0.675,0.815,0.831,0.237,0.342,0.385,0.249,0.581,0.293,0.584,0.229,0.085,0.264,0.163,0.893,0.057,0.582,0.415,0.77,0.112,0.653,0.854,0.095,0.533,0.594,0.686,0.592,0.636,0.867,0.793,0.938,0.364,0.873,0.39,0.719,0.453,0.043,0.002,0.091,0.479,0.789,0.069,0.259,0.145,0.113,0.951,0.929,0.38,0.051,0.137,0.357,0.353,0.403,0.874,0.487,0.034,0.606,0.024,0.902,0.209,0.088,0.244,0.474,0.189,0.567,0.042,0.854,0.177,0.223,0.424,0.412,0.632,0.728,0.296,0.055,0.368,0.442,0.719,0.593,0.76,0.333,0.357,0.203,0.943,0.354,0.222,0.675,0.436,0.562,0.069,0.658,0.374,0.914,0.601,0.628,0.013,0.251,0.115,0.932,0.514,0.499,0.025,0.85,0.839,0.328,0.74,0.007,0.675,0.695,0.075,0.959,0.082,0.098,0.13,0.623,0.507,0.225,0.039,0.897,0.677,0.825,0.48,0.043,0.474,0.288,0.624,0.54,0.498,0.281,0.589,0.583,0.14,0.525,0.253,0.548,0.773,0.633,0.869,0.114,0.716,0.815,0.287,0.621,0.887,0.196,0.88,0.822,0.387,0.249,0.782,0.415,0.03,0.834,0.449,0.268,0.395,0.03,0.996,0.986,0.642,0.842,0.229,0.07,0.641,0.253,0.582,0.823,0.134,0.573,0.803,0.245,0.445,0.582,0.794,0.718,0.072,0.347,0.809,0.995,0.187,0.52,0.326,0.768,0.05,0.732,0.093,0.943,0.336,0.916,0.026,0.568,0.342,0.153,0.669,0.418,0.437,0.843,0.586,0.544,0.615,0.004,0.214,0.387,0.201,0.002,0.295,0.175,0.352,0.947,0.612,0.784,0.194,0.814,0.063,0.823,0.448,0.087,0.795,0.826,0.897,0.43,0.58,0.37,0.116,0.929,0.254,0.221,0.095,0.68,0.621,0.928,0.787,0.863
2020-02-01 19:55:27,0.791,0.002,0.415,0.326,0.371,0.052,0.661,0.538,0.479,0.565,0.794,0.074,0.401,0.856,0.455,0.429,0.67,0.911,0.403,0.701,0.838,0.458,0.721,0.654,0.787,0.378,0.215,0.161,0.823,0.977,0.981,0.912,0.515,0.992,0.431,0.824,0.491,0.778,0.125,0.005,0.605,0.552,0.066,0.974,0.944,0.97,0.932,0.738,0.975,0.734,0.062,0.348,0.115,0.389,0.95,0.615,0.425,0.833,0.973,0.165,0.019,0.707,0.935,0.048,0.299,0.229,0.818,0.439,0.07,0.983,0.729,0.523,0.207,0.021,0.891,0.391,0.454,0.108,0.539,0.567,0.527,0.376,0.887,0.212,0.831,0.858,0.837,0.743,0.549,0.18,0.518,0.54,0.209,0.513,0.226,0.505,0.961,0.813,0.573,0.119,0.539,0.009,0.668,0.644,0.429,0.812,0.847,0.327,0.494,0.118,0.635,0.167,0.251,0.587,0.923,0.159,0.666,0.753,0.915,0.867,0.128,0.204,0.604,0.146,0.614,0.683,0.632,0.476,0.092,0.388,0.103,0.445,0.617,0.435,0.473,0.785,0.506,0.939,0.122,0.185,0.967,0.023,0.472,0.456,0.487,0.944,0.553,0.777,0.854,0.148,0.508,0.095,0.577,0.046,0.548,0.208,0.128,0.348,0.784,0.371,0.755,0.462,0.323,0.578,0.163,0.981,0.136,0.035,0.966,0.734,0.305,0.378,0.885,0.874,0.751,0.863,0.728,0.906,0.26,0.871,0.041,0.02,0.531,0.799,0.083,0.782,0.326,0.536,0.965,0.733,0.122,0.365,0.612,0.952,0.701,0.22,0.974,0.873,0.163,0.334,0.96,0.485,0.262,0.444,0.893,0.916,0.692,0.47,0.659,0.11,0.387,0.5,0.821,0.116,0.974,0.07,0.785,0.493,0.285,0.843,0.764,0.52,0.486,0.465,0.687,0.29,0.965,0.396,0.738,0.129,0.39,0.649,0.331,0.218,0.771,0.413,0.647,0.766,0.851,0.808,0.697,0.01,0.775,0.743,0.228,0.198,0.199,0.204,0.231,0.138,0.196,0.508,0.108,0.945,0.034,0.721,0.943,0.416,0.179,0.996,0.482,0.525,0.533,0.961,0.281,0.232,0.342,0.609,0.314,0.053,0.384,0.406,0.968,0.355,0.842,0.47,0.152,0.38,0.202,0.338,0.423,0.357,0.279,0.216,0.63,0.083,0.025,0.834,0.359,0.571,0.034,0.325,0.309,0.883,0.156,0.757,0.009,0.071,0.43,0.637,0.427,0.616,0.863,0.35,0.054,0.821,0.398,0.123,0.807,0.539,0.481,0.671,0.994,0.76,0.76,0.322,0.359,0.672,0.962,0.294,0.043,0.208,0.815,0.678,0.47,0.728,0.614,0.097,0.487,0.651,0.512,0.879,0.574,0.888,0.265,0.915,0.698,0.033,0.291,0.753,0.425,0.22,0.712,0.86,0.705,0.527,0.722,0.713,0.523,0.609,0.209,0.821,0.756,0.436,0.774,0.314,0.008,0.179,0.861,0.928,0.753,0.538,0.813,0.519,0.614,0.32,0.823,0.786,0.062,0.224,0.881,0.638,0.587,0.137,0.151,0.927,0.255,0.98,0.231,0.42,0.35,0.201,0.278,0.862,0.251,0.821,0.009,0.51,0.685,0.723,0.036,0.016,0.611,0.376,0.361,0.915,0.768,0.655,0.215,0.681,0.318,0.881,0.7,0.073,0.842,0.401,0.142,0.247,0.945,0.883,0.558,0.134,0.281,0.639,0.358,0.104,0.834,0.553,0.925,0.796,0.424,0.813,0.423,0.096,0.218,0.231,0.869,0.428,0.561,0.092,0.441,0.747,0.467,0.871,0.981,0.258,0.071,0.807,0.595,0.942,0.915,0.832,0.271,0.657,0.954,0.487,0.137,0.153,0.037,0.466,0.869,0.695,0.579,0.593,0.571,0.373,0.895,0.695,0.757,0.269,0.825,0.454,0.107,0.532,0.42,0.235,0.752,0.397,0.645,0.222,0.89,0.939,0.583,0.835,0.769,0.25,0.812,0.075,0.04,0.881,0.329,0.649,0.233,0.674,0.929,0.211,0.279,0.919,0.945,0.659,0.341,0.278,0.045,0.71,0.637,0.032,0.725,0.683,0.499,0.962,0.498,0.932,0.064,0.31,0.793,0.542,0.967,0.168,0.68,0.2,0.511,0.356
2020-02-01 19:55:27,0.477,0.089,0.524,0.048,0.949,0.406,0.941,0.804,0.513,0.748,0.91,0.943,0.803,0.61,0.527,0.037,0.875,0.035,0.976,0.353,0.785,0.296,0.208,0.789,0.015,0.099,0.426,0.593,0.495,0.039,0.743,0.895,0.052,0.702,0.151,0.857,0.705,0.687,0.442,0.338,0.089,0.313,0.09,0.613,0.732,0.933,0.213,0.249,0.533,0.408,0.059,0.592,0.859,0.81,0.764,0.173,0.003,0.25,0.22,0.675,0.602,0.402,0.138,0.671,0.903,0.117,0.893,0.93,0.344,0.361,0.583,0.165,0.036,0.769,0.932,0.444,0.549,0.83,0.62,0.766,0.23,0.769,0.654,0.815,0.864,0.06,0.138,0.478,0.415,0.517,0.844,0.109,0.352,0.511,0.965,0.545,0.666,0.153,0.727,0.994,0.364,0.183,0.797,0.355,0.489,0.81,0.928,0.235,0.351,0.754,0.422,0.909,0.453,0.019,0.644,0.105,0.491,0.583,0.565,0.053,0.716,0.97,0.904,0.106,0.348,0.697,0.942,0.621,0.828,0.754,0.42,0.423,0.381,0.446,0.789,0.666,0.828,0.491,0.411,0.131,0.702,0.089,0.8,0.434,0.668,0.748,0.699,0.411,0.668,0.155,0.506,0.34,0.363,0.329,0.776,0.742,0.167,0.651,0.268,0.432,0.359,0.031,0.036,0.125,0.659,0.151,0.244,0.597,0.064,0.853,0.18,0.85,0.049,0.256,0.223,0.749,0.766,0.129,0.39,0.051,0.749,0.743,0.305,0.587,0.479,0.341,0.609,0.071,0.499,0.667,0.179,0.866,0.099,0.394,0.948,0.253,0.061,0.744,0.833,0.203,0.001,0.445,0.616,0.802,0.163,0.349,0.415,0.871,0.469,0.87,0.573,0.062,0.323,0.296,0.854,0.402,0.722,0.863,0.545,0.16,0.947,0.377,0.396,0.694,0.4,0.838,0.712,0.888,0.352,0.184,0.363,0.168,0.764,0.956,0.54,0.103,0.667,0.275,0.694,0.947,0.782,0.309,0.628,0.334,0.217,0.397,0.643,0.865,0.101,0.157,0.477,0.497,0.28,0.711,0.468,0.776,0.557,0.332,0.704,0.52,0.455,0.073,0.461,0.093,0.606,0.545,0.668,0.14,0.729,0.73,0.361,0.284,0.854,0.385,0.369,0.162,0.063,0.629,0.264,0.036,0.017,0.011,0.895,0.128,0.53,0.523,0.448,0.659,0.22,0.192,0.954,0.871,0.609,0.845,0.235,0.35,0.58,0.581,0.103,0.691,0.138,0.966,0.888,0.488,0.45,0.426,0.464,0.948,0.233,0.193,0.207,0.986,0.08,0.443,0.317,0.702,0.164,0.456,0.309,0.228,0.567,0.379,0.551,0.264,0.459,0.271,0.836,0.2,0.135,0.912,0.816,0.537,0.811,0.31,0.534,0.155,0.046,0.618,0.34,0.065,0.811,0.832,0.255,0.022,0.682,0.684,0.112,0.681,0.099,0.128,0.73,0.926,0.491,0.434,0.784,0.908,0.804,0.175,0.606,0.426,0.647,0.405,0.434,0.383,0.187,0.878,0.267,0.538,0.26,0.508,0.274,0.847,0.111,0.278,0.249,0.308,0.564,0.217,0.494,0.684,0.685,0.937,0.751,0.175,0.494,0.329,0.988,0.72,0.233,0.371,0.93,0.613,0.332,0.244,0.816,0.67,0.331,0.272,0.277,0.977,0.999,0.275,0.455,0.576,0.915,0.48,0.333,0.462,0.267,0.496,0.424,0.299,0.723,0.792,0.926,0.783,0.171,0.356,0.482,0.994,0.298,0.901,0.339,0.842,0.46,0.56,0.135,0.941,0.228,0.538,0.145,0.026,0.064,0.464,0.87,0.512,0.977,0.997,0.036,0.115,0.924,0.826,0.741,0.189,0.419,0.954,0.417,0.754,0.092,0.836,0.854,0.77,0.836,0.801,0.898,0.585,0.773,0.727,0.704,0.408,0.843,0.124,0.538,0.937,0.89,0.033,0.807,0.545,0.372,0.915,0.778,0.112,0.144,0.471,0.11,0.011,0.718,0.314,0.871,0.713,0.116,0.083,0.645,0.524,0.004,0.22,0.197,0.119,0.457,0.861,0.398,0.728,0.499,0.363,0.806,0.658,0.955,0.259,0.201,0.34,0.748,0.523,0.369,0.935,0.162,0.317,0.196,0.991,0.675,0.902,0.097,0.791
2020-02-01 19:55:27,0.482,0.163,0.759,0.198,0.719,0.826,0.657,0.949,0.38,0.772,0.459,0.11,0.29,0.074,0.647,0.358,0.336,0.808,0.911,0.926,0.282,0.351,0.036,0.536,0.553,0.093,0.43,0.609,0.161,0.924,0.239,0.273,0.352,0.719,0.787,0.295,0.276,0.76,0.07,0.755,0.231,0.857,0.489,0.513,0.946,0.502,0.06,0.875,0.348,0.42,0.251,0.321,0.072,0.248,0.018,0.515,0.557,0.984,0.448,0.952,0.867,0.665,0.794,0.373,0.937,0.875,0.228,0.488,0.639,0.932,0.125,0.666,0.687,0.642,0.832,0.87,0.283,0.487,0.245,0.806,0.754,0.913,0.908,0.291,0.658,0.905,0.061,0.256,0.287,0.461,0.672,0.936,0.412,0.157,0.161,0.822,0.854,0.442,0.394,0.704,0.416,0.027,0.422,0.236,0.833,0.858,0.056,0.891,0.396,0.361,0.867,0.027,0.228,0.062,0.951,0.455,0.704,0.317,0.973,0.031,0.975,0.618,0.265,0.246,0.501,0.277,0.474,0.539,0.902,0.917,0.74,0.265,0.008,0.688,0.721,0.339,0.192,0.751,0.799,0.395,0.465,0.82,0.392,0.102,0.851,0.695,0.597,0.811,0.087,0.634,0.179,0.74,0.609,0.263,0.429,0.264,0.639,0.783,0.231,0.708,0.71,0.28,0.026,0.394,0.882,0.911,0.136,0.613,0.69,0.39,0.207,0.533,0.665,0.241,0.064,0.584,0.552,0.313,0.97,0.477,0.318,0.547,0.55,0.708,0.7,0.008,0.617,0.706,0.026,0.76,0.646,0.657,0.836,0.476,0.845,0.107,0.209,0.679,0.236,0.138,0.807,0.621,0.204,0.47,0.299,0.619,0.455,0.008,0.045,0.755,0.121,0.706,0.593,0.372,0.525,0.865,0.192,0.557,0.273,0.665,0.116,0.081,0.116,0.186,0.451,0.663,0.347,0.642,0.425,0.116,0.984,0.63,0.644,0.649,0.746,0.86,0.419,0.471,0.708,0.292,0.594,0.913,0.766,0.983,0.85,0.405,0.244,0.26,0.496,0.056,0.034,0.739,0.0,0.908,0.064,0.198,0.418,0.354,0.845,0.115,0.665,0.063,0.45,0.672,0.034,0.311,0.912,0.044,0.956,0.809,0.224,0.67,0.107,0.819,0.329,0.462,0.502,0.744,0.591,0.67,0.879,0.238,0.18,0.61,0.944,0.612,0.926,0.306,0.009,0.14,0.059,0.319,0.678,0.395,0.641,0.975,0.702,0.395,0.078,0.547,0.754,0.258,0.999,0.461,0.298,0.402,0.404,0.284,0.478,0.433,0.172,0.193,0.78,0.412,0.259,0.114,0.358,0.161,0.798,0.605,0.283,0.689,0.617,0.85,0.434,0.588,0.037,0.014,0.73,0.302,0.975,0.306,0.312,0.675,0.266,0.644,0.42,0.533,0.981,0.178,0.278,0.627,0.025,0.214,0.599,0.437,0.763,0.024,0.403,0.961,0.909,0.827,0.284,0.636,0.365,0.415,0.271,0.119,0.294,0.399,0.549,0.251,0.509,0.804,0.046,0.038,0.422,0.729,0.006,0.45,0.354,0.615,0.008,0.917,0.432,0.111,0.313,0.503,0.959,0.313,0.844,0.001,0.805,0.704,0.434,0.441,0.792,0.528,0.513,0.468,0.166,0.475,0.574,0.82,0.91,0.814,0.816,0.899,0.688,0.717,0.182,0.306,0.635,0.402,0.785,0.62,0.468,0.35,0.967,0.558,0.286,0.974,0.101,0.793,0.358,0.481,0.071,0.522,0.56,0.296,0.385,0.696,0.756,0.837,0.691,0.627,0.359,0.897,0.994,0.425,0.619,0.201,0.442,0.87,0.549,0.548,0.054,0.525,0.043,0.542,0.055,0.01,0.888,0.483,0.459,0.627,0.036,0.13,0.628,0.822,0.836,0.079,0.579,0.333,0.52,0.25,0.518,0.435,0.341,0.679,0.645,0.612,0.466,0.545,0.652,0.286,0.226,0.174,0.063,0.722,0.985,0.78,0.378,0.258,0.061,0.435,0.22,0.483,0.025,0.374,0.48,0.067,0.937,0.378,0.674,0.751,0.98,0.819,0.979,0.473,0.691,0.656,0.689,0.674,0.071,0.849,0.25,0.22,0.853,0.155,0.576,0.767,0.074,0.886,0.905,0.587,0.238,0.23,0.445,0.535,0.274,0.541
2020-02-01 19:55:27,0.369,0.599,0.865,0.688,0.963,0.308,0.522,0.05,0.496,0.668,0.064,0.134,0.49,0.594,0.705,0.86,0.011,0.027,0.645,0.109,0.163,0.631,0.993,0.235,0.983,0.971,0.393,0.771,0.001,0.004,0.23,0.421,0.744,0.355,0.997,0.418,0.28,0.271,0.009,0.568,0.655,0.855,0.395,0.913,0.529,0.018,0.794,0.103,0.882,0.87,0.033,0.702,0.099,0.223,0.78,0.699,0.966,0.242,0.83,0.77,0.639,0.429,0.979,0.22,0.73,0.626,0.908,0.169,0.622,0.233,0.313,0.208,0.663,0.502,0.691,0.215,0.49,0.341,0.804,0.136,0.234,0.756,0.096,0.997,0.681,0.953,0.34,0.157,0.511,0.924,0.067,0.843,0.07,0.896,0.912,0.805,0.834,0.313,0.978,0.899,0.967,0.829,0.694,0.907,0.389,0.852,0.758,0.63,0.331,0.987,0.224,0.54,0.118,0.401,0.91,0.325,0.7,0.342,0.631,0.301,0.987,0.363,0.164,0.908,0.55,0.494,0.666,0.222,0.595,0.023,0.993,0.219,0.717,0.415,0.137,0.501,0.118,0.172,0.018,0.848,0.051,0.114,0.044,0.074,0.641,0.743,0.135,0.174,0.693,0.455,0.767,0.161,0.748,0.236,0.97,0.154,0.525,0.337,0.224,0.178,0.585,0.619,0.109,0.657,0.973,0.044,0.514,0.337,0.309,0.606,0.768,0.487,0.734,0.32,0.042,0.63,0.897,0.418,0.907,0.687,0.835,0.9,0.478,0.908,0.761,0.452,0.938,0.837,0.028,0.536,0.163,0.562,0.071,0.618,0.278,0.508,0.012,0.268,0.934,0.874,0.419,0.907,0.915,0.271,0.852,0.485,0.313,0.919,0.602,0.102,0.974,0.743,0.138,0.958,0.714,0.466,0.014,0.513,0.97,0.657,0.068,0.165,0.886,0.794,0.222,0.769,0.145,0.58,0.012,0.501,0.944,0.6,0.84,0.144,0.315,0.978,0.747,0.005,0.313,0.712,0.523,0.099,0.746,0.557,0.431,0.704,0.187,0.121,0.465,0.586,0.659,0.599,0.096,0.968,0.487,0.319,0.069,0.347,0.882,0.916,0.888,0.485,0.853,0.132,0.748,0.581,0.063,0.634,0.623,0.883,0.021,0.594,0.136,0.776,0.332,0.592,0.987,0.964,0.986,0.938,0.108,0.637,0.026,0.297,0.334,0.453,0.97,0.832,0.616,0.493,0.321,0.303,0.241,0.926,0.736,0.535,0.244,0.332,0.531,0.54,0.305,0.83,0.452,0.621,0.27,0.818,0.327,0.021,0.594,0.412,0.353,0.931,0.307,0.21,0.914,0.501,0.408,0.522,0.269,0.639,0.882,0.217,0.805,0.555,0.685,0.046,0.493,0.111,0.094,0.218,0.856,0.737,0.416,0.653,0.119,0.162,0.611,0.14,0.282,0.162,0.891,0.395,0.624,0.581,0.472,0.491,0.39,0.918,0.148,0.09,0.063,0.975,0.132,0.236,0.964,0.444,0.226,0.757,0.072,0.457,0.261,0.086,0.78,0.912,0.021,0.521,0.975,0.812,0.333,0.801,0.939,0.456,0.742,0.512,1.0,0.869,0.089,0.997,0.443,0.027,0.514,0.902,0.558,0.003,0.896,0.162,0.795,0.288,0.967,0.555,0.205,0.54,0.285,0.103,0.54,0.712,0.952,0.137,0.104,0.438,0.917,0.568,0.957,0.54,0.905,0.908,0.494,0.619,0.909,0.772,0.627,0.147,0.755,0.037,0.774,0.001,0.457,0.451,0.481,0.572,0.776,0.731,0.541,0.26,0.883,0.006,0.351,0.03,0.325,0.155,0.92,0.42,0.989,0.319,0.734,0.909,0.983,0.644,0.191,0.217,0.16,0.375,0.944,0.714,0.945,0.261,0.768,0.96,0.8,0.806,0.561,0.949,0.858,0.249,0.147,0.966,0.231,0.563,0.081,0.122,0.722,0.97,0.473,0.833,0.093,0.969,0.954,0.829,0.412,0.388,0.974,0.849,0.996,0.215,0.155,0.739,0.089,0.966,0.22,0.739,0.257,0.032,0.529,0.26,0.514,0.027,0.432,0.613,0.661,0.651,0.211,0.18,0.782,0.425,0.319,0.604,0.463,0.217,0.872,0.711,0.24,0.304,0.037,0.685,0.58,0.75,0.019,0.838,0.38,0.34,0.367,0.507
