2020-02-01 19:55:27,0.345,0.885,0.666,0.629,0.768,0.597,0.461,0.649,0.621,0.597,0.299,0.859,0.097,0.547,0.67,0.141,0.363,0.505,0.57,0.294,0.58,0.306,0.877,0.109,0.789,0.073,0.735,0.186,0.098,0.634,0.236,0.184,0.001,0.629,0.834,0.938,0.596,0.973,0.054,0.367,0.934,0.689,0.874,0.205,0.59,0.22,0.916,0.462,0.081,0.119,0.146,0.396,0.588,0.783,0.88,0.144,0.737,0.459,0.029,0.202,0.811,0.688,0.399,0.288,0.197,0.26,0.907,0.308,0.347,0.941,0.34,0.184,0.912,0.6,0.224,0.997,0.506,0.292,0.306,0.285,0.217,0.515,0.067,0.395,0.607,0.116,0.278,0.279,0.909,0.325,0.912,0.139,0.614,0.541,0.837,0.323,0.377,0.671,0.879,0.054,0.833,0.526,0.84,0.922,0.395,0.911,0.958,0.902,0.02,0.098,0.182,0.839,0.338,0.871,0.368,0.037,0.38,0.608,0.809,0.88,0.497,0.018,0.613,0.375,0.243,0.161,0.831,0.931,0.108,0.271,0.078,0.737,0.831,0.466,0.207,0.061,0.452,0.12,0.1,0.366,0.7,0.006,0.361,0.28,0.036,0.533,0.687,0.782,0.522,0.632,0.586,0.263,0.545,0.597,0.518,0.199,0.152,0.773,0.28,0.359,0.049,0.215,0.146,0.229,0.377,0.947,0.781,0.42,0.624,0.709,0.472,0.988,0.883,0.117,0.468,0.647,0.592,0.482,0.846,0.821,0.858,0.404,0.972,0.651,0.765,0.233,0.455,0.106,0.893,0.304,0.276,0.209,0.354,0.591,0.398,0.653,0.131,0.788,0.983,0.176,0.702,0.985,0.893,0.45,0.881,0.074,0.471,0.021,0.05,0.179,0.039,0.519,0.652,0.068,0.339,0.101,0.907,0.104,0.913,0.9,0.682,0.573,0.141,0.216,0.08,0.626,0.609,0.93,0.607,0.496,0.937,0.911,0.365,0.452,0.141,0.514,0.208,0.424,0.624,0.903,0.617,0.463,0.003,0.393,0.414,0.325,0.406,0.56,0.812,0.567,0.528,0.763,0.116,0.32,0.293,0.045,0.577,0.179,0.326,0.349,0.224,0.165,0.586,0.23,0.885,0.577,0.041,0.358,0.939,0.502,0.21,0.825,0.473,0.231,0.87,0.811,0.141,0.671,0.68,0.949,0.24,0.827,0.375,0.365,0.576,0.094,0.429,0.611,0.851,0.496,0.026,0.28,0.355,0.186,0.109,0.413,0.317,0.723,0.874,0.069,0.464,0.591,0.825,0.4,0.266,0.062,0.965,0.467,0.064,0.531,0.722,0.737,0.648,0.485,0.148,0.704,0.629,0.213,0.256,0.824,0.522,0.67,0.596,0.673,0.336,0.089,0.172,0.893,0.813,0.214,0.102,0.012,0.717,0.722,0.007,0.055,0.071,0.511,0.751,0.898,0.37,0.487,0.764,0.081,0.69,0.033,0.071,0.162,0.674,0.784,0.553,0.655,0.996,0.054,0.617,0.954,0.758,0.924,0.994,0.785,0.573,0.795,0.006,0.817,0.824,0.062,0.892,0.014,0.069,0.753,0.387,0.526,0.41,0.247,0.491,0.53,0.679,0.603,0.183,0.176,0.421,0.654,0.612,0.273,0.231,0.682,0.755,0.523,0.118,0.509,0.699,0.602,0.942,0.775,0.233,0.488,0.072,0.292,0.765,0.045,0.816,0.78,0.196,0.556,0.828,0.167,0.761,0.435,0.966,0.947,0.246,0.981,0.541,0.18,0.959,0.6,0.388,0.962,0.245,0.068,0.022,0.325,0.7,0.039,0.752,0.442,0.535,0.305,0.377,0.621,0.304,0.406,0.817,0.636,0.735,0.873,0.006,0.764,0.73,0.642,0.666,0.753,0.53,0.427,0.783,0.925,0.543,0.02,0.306,0.393,0.35,0.818,0.305,0.506,0.601,0.3,0.578,0.591,0.769,0.505,0.477,0.85,0.404,0.704,0.583,0.824,0.851,0.069,0.383,0.536,0.537,0.709,0.973,0.831,0.175,0.436,0.32,0.738,0.85,0.282,0.63,0.176,0.162,0.059,0.13,0.909,0.927,0.329,0.591,0.049,0.918,0.216,0.298,0.409,0.627,0.126,0.205,0.641,0.16,0.749,0.515,0.975,0.141,0.92,0.114,0.728,0.937,0.013,0.052,0.661,0.86,0.39
2020-02-01 19:55:27,0.415,0.147,0.707,0.128,0.394,0.541,0.058,0.352,0.826,0.742,0.023,0.985,0.972,0.304,0.2,0.575,0.269,0.05,0.046,0.475,0.783,0.559,0.616,0.768,0.212,0.866,0.322,0.003,0.126,0.874,0.501,0.804,0.949,0.322,0.981,0.014,0.031,0.843,0.19,0.647,0.406,0.966,0.549,0.278,0.999,0.228,0.62,0.073,0.088,0.456,0.148,0.876,0.623,0.592,0.818,0.748,0.893,0.636,0.844,0.715,0.099,0.482,0.407,0.943,0.855,0.472,0.579,0.67,0.085,0.927,0.96,0.415,0.276,0.706,0.124,0.691,0.273,0.8,0.699,0.621,0.927,0.03,0.312,0.888,0.09,0.794,0.773,0.019,0.337,0.811,0.121,0.132,0.826,0.88,0.055,0.635,0.998,0.815,0.284,0.852,0.628,0.387,0.061,0.504,0.72,0.265,0.171,0.868,0.129,0.591,0.901,0.042,0.376,0.393,0.8,0.537,0.117,0.252,0.128,0.712,0.792,0.132,0.422,0.078,0.741,0.556,0.501,0.252,0.9,0.797,0.289,0.084,0.943,0.429,0.967,0.371,0.875,0.694,0.57,0.979,0.114,0.736,0.084,0.401,0.821,0.623,0.575,0.385,0.849,0.239,0.932,0.911,0.551,0.573,0.893,0.106,0.297,0.565,0.005,0.254,0.731,0.407,0.504,0.567,0.536,0.258,0.839,0.779,0.627,0.113,0.693,0.288,0.608,0.172,0.807,0.646,0.438,0.93,0.974,0.398,0.437,0.632,0.242,0.092,0.09,0.465,0.385,0.923,0.525,0.967,0.737,0.843,0.121,0.996,0.582,0.507,0.412,0.417,0.628,0.986,0.539,0.023,0.164,0.323,0.49,0.452,0.586,0.696,0.009,0.879,0.241,0.695,0.044,0.792,0.318,0.08,0.87,0.367,0.008,0.703,0.61,0.938,0.518,0.845,0.407,0.628,0.406,0.542,0.627,0.212,0.784,0.713,0.806,0.279,0.403,0.973,0.254,0.858,0.697,0.321,0.501,0.532,0.668,0.451,0.522,0.547,0.859,0.828,0.906,0.416,0.348,0.76,0.098,0.77,0.215,0.278,0.745,0.404,0.583,0.737,0.845,0.906,0.364,0.177,0.424,0.435,0.581,0.568,0.576,0.304,0.225,0.469,0.042,0.312,0.492,0.53,0.709,0.879,0.051,0.005,0.228,0.375,0.812,0.646,0.704,0.605,0.896,0.856,0.454,0.387,0.261,0.237,0.964,0.992,0.59,0.455,0.565,0.724,0.518,0.322,0.094,0.691,0.43,0.381,0.753,0.221,0.541,0.388,0.346,0.764,0.475,0.867,0.3,0.276,0.601,0.378,0.291,0.352,0.876,0.721,0.646,0.461,0.542,0.902,0.478,0.285,0.123,0.832,0.067,0.783,0.413,0.213,0.918,0.352,0.757,0.202,0.748,0.345,0.455,0.789,0.031,0.137,0.636,0.729,0.973,0.539,0.158,0.117,0.271,0.359,0.216,0.508,0.102,0.673,0.309,0.719,0.36,0.23,0.322,0.308,0.474,0.467,0.941,0.479,0.007,0.683,0.702,0.12,0.42,0.45,0.234,0.749,0.85,0.687,0.956,0.946,0.708,0.602,0.155,0.485,0.786,0.916,0.906,0.009,0.983,0.143,0.023,0.735,0.497,0.767,0.082,0.391,0.895,0.108,0.167,0.841,0.119,0.592,0.392,0.153,0.467,0.586,0.056,0.158,0.787,0.838,0.698,0.902,0.906,0.776,0.686,0.041,0.082,0.137,0.815,0.636,0.531,0.115,0.622,0.328,0.872,0.295,0.14,0.355,0.697,0.032,0.208,0.04,0.546,0.987,0.17,0.324,0.912,0.3,0.149,0.825,0.106,0.753,0.362,0.24,0.383,0.906,0.47,0.087,0.08,0.944,0.413,0.062,0.111,0.747,0.573,0.797,0.465,0.746,0.765,0.152,0.2,0.464,0.934,0.645,0.8,0.664,0.215,0.421,0.357,0.191,0.231,0.426,0.125,0.366,0.375,0.832,0.459,0.444,0.46,0.402,0.464,0.892,0.255,0.711,0.839,0.909,0.266,0.791,0.766,0.872,0.217,0.414,0.53,0.385,0.89,0.499,0.588,0.602,0.533,0.266,0.73,0.214,0.961,0.949,0.436,0.816,0.055,0.759,0.747,0.297,0.204,0.059,0.542,0.084,0.259,0.341
2020-02-01 19:55:27,0.943,0.926,0.599,0.802,0.784,0.639,0.308,0.726,0.835,0.444,0.944,0.053,0.044,0.821,0.466,0.446,0.859,0.794,0.69,0.748,0.35,0.431,0.427,0.22,0.627,0.961,0.242,0.084,0.7,0.39,0.76,0.796,0.016,0.593,0.312,0.663,0.255,0.027,0.33,0.744,0.572,0.361,0.953,0.287,0.873,0.653,0.635,0.799,0.563,0.088,0.877,0.805,0.861,0.542,0.459,0.223,0.841,0.36,0.65,0.03,0.548,0.347,0.83,0.549,0.545,0.773,0.452,0.359,0.855,0.041,0.65,0.79,0.446,0.853,0.602,0.52,0.125,0.449,0.955,0.026,0.225,0.284,0.583,0.87,0.762,0.402,0.837,0.906,0.896,0.791,0.525,0.821,0.749,0.466,0.312,0.368,0.36,0.903,0.736,0.525,0.37,0.55,0.807,0.223,0.536,0.556,0.702,0.075,0.018,0.896,0.839,0.445,0.094,0.295,0.333,0.852,0.115,0.326,0.892,0.847,0.654,0.613,0.411,0.032,0.379,0.052,0.383,0.12,0.959,0.539,0.819,0.214,0.615,0.321,0.949,0.272,0.502,0.454,0.946,0.775,0.526,0.468,0.46,0.357,0.992,0.936,0.336,0.533,0.442,0.996,0.866,0.182,0.075,0.8,0.581,0.054,0.603,0.299,0.087,0.62,0.914,0.509,0.071,0.487,0.454,0.743,0.148,0.904,0.953,0.427,0.785,0.508,0.86,0.006,0.176,0.43,0.739,0.78,0.606,0.538,0.001,0.264,0.374,0.741,0.479,0.957,0.459,0.265,0.707,0.718,0.668,0.322,0.93,0.598,0.352,0.856,0.796,0.639,0.803,0.542,0.18,0.551,0.943,0.429,0.745,0.038,0.012,0.441,0.126,0.868,0.122,0.262,0.069,0.532,0.175,0.658,0.269,0.168,0.312,0.906,0.071,0.167,0.075,0.796,0.457,0.598,0.053,0.959,0.904,0.976,0.934,0.815,0.599,0.401,0.269,0.991,0.969,0.87,0.131,0.566,0.76,0.53,0.769,0.539,0.948,0.38,0.362,0.66,0.192,0.037,0.889,0.116,0.453,0.597,0.299,0.996,0.583,0.852,0.166,0.839,0.57,0.644,0.264,0.061,0.981,0.869,0.605,0.312,0.638,0.661,0.041,0.027,0.923,0.617,0.401,0.811,0.222,0.216,0.565,0.327,0.514,0.278,0.714,0.836,0.703,0.611,0.355,0.802,0.725,0.457,0.453,0.134,0.056,0.712,0.034,0.288,0.27,0.444,0.766,0.413,0.953,0.202,0.628,0.493,0.999,0.0,0.652,0.171,0.004,0.621,0.056,0.24,0.097,0.672,0.018,0.273,0.815,0.947,0.898,0.392,0.067,0.226,0.952,0.176,0.46,0.559,0.917,0.656,0.645,0.652,0.473,0.143,0.421,0.038,0.504,0.581,0.637,0.484,0.283,0.572,0.97,0.76,0.418,0.778,0.81,0.915,0.322,0.378,0.468,0.147,0.734,0.926,0.467,0.909,0.935,0.809,0.124,0.484,0.225,0.768,0.432,0.486,0.43,0.021,0.842,0.982,0.465,0.546,0.724,0.147,0.299,0.951,0.655,0.335,0.183,0.188,0.066,0.785,0.62,0.271,0.204,0.165,0.554,0.906,0.062,0.006,0.042,0.095,0.051,0.876,0.872,0.165,0.947,0.985,0.076,0.197,0.199,0.937,0.151,0.53,0.117,0.216,0.748,0.517,0.442,0.599,0.264,0.355,0.193,0.646,0.326,0.957,0.333,0.192,0.29,0.766,0.987,0.265,0.574,0.974,0.436,0.384,0.542,0.838,0.038,0.802,0.374,0.976,0.861,0.877,0.315,0.04,0.687,0.306,0.252,0.333,0.351,0.234,0.273,0.975,0.162,0.15,0.612,0.019,0.434,0.333,0.256,0.086,0.923,0.997,0.386,0.942,0.486,0.675,0.49,0.12,0.111,0.131,0.734,0.751,0.947,0.53,0.865,0.384,0.055,0.6,0.609,0.71,0.259,0.951,0.9,0.765,0.126,0.416,0.118,0.034,0.45,0.861,0.846,0.36,0.089,0.421,0.281,0.003,0.091,0.211,0.847,0.401,0.899,0.414,0.579,0.338,0.719,0.316,0.658,0.134,0.624,0.223,0.131,0.514,0.604,0.087,0.106,0.475,0.33,0.64,0.839,0.87,0.369,0.979,0.034,0.267
2020-02-01 19:55:27,0.308,0.151,0.303,0.841,0.032,0.762,0.233,0.514,0.018,0.329,0.326,0.582,0.298,0.155,0.558,0.343,0.821,0.263,0.709,0.151,0.104,0.288,0.379,0.257,0.599,0.974,0.36,0.317,0.517,0.624,0.254,0.936,0.235,0.02,0.439,0.226,0.974,0.173,0.078,0.54,0.296,0.027,0.027,0.491,0.18,0.038,0.299,0.223,0.241,0.338,0.335,0.498,0.023,0.64,0.883,0.02,0.13,0.106,0.486,0.976,0.646,0.872,0.2,0.277,0.984,0.118,0.867,0.097,0.33,0.071,0.691,0.347,0.523,0.952,0.196,0.495,0.289,0.639,0.321,0.207,0.114,0.763,0.034,0.822,0.571,0.757,0.832,0.148,0.352,0.155,0.908,0.273,0.407,0.301,0.802,0.929,0.76,0.609,0.101,0.344,0.569,0.903,0.286,0.419,0.113,0.709,0.329,0.597,0.681,0.012,0.221,0.441,0.262,0.39,0.505,0.439,0.309,0.274,0.478,0.023,0.884,0.626,0.762,0.348,0.479,0.674,0.214,0.609,0.887,0.526,0.962,0.309,0.212,0.98,0.82,0.61,0.292,0.842,0.088,0.785,0.326,0.479,0.13,0.902,0.101,0.47,0.361,0.764,0.745,0.082,0.213,0.705,0.194,0.731,0.28,0.922,0.698,0.292,0.705,0.154,0.651,0.026,0.967,0.375,0.208,0.748,0.775,0.926,0.993,0.475,0.279,0.164,0.262,0.959,0.198,0.749,0.814,0.994,0.113,0.074,0.569,0.953,0.02,0.324,0.914,0.274,0.69,0.655,0.056,0.41,0.664,0.976,0.545,0.33,0.01,0.424,0.043,0.105,0.727,0.88,0.551,0.508,0.696,0.552,0.436,0.897,0.285,0.054,0.529,0.744,0.213,0.204,0.71,0.121,0.011,0.856,0.87,0.297,0.368,0.187,0.768,0.078,0.453,0.575,0.31,0.904,0.343,0.08,0.545,0.828,0.4,0.147,0.465,0.705,0.967,0.454,0.402,0.046,0.526,0.445,0.499,0.336,0.37,0.539,0.638,0.429,0.127,0.382,0.99,0.597,0.456,0.881,0.932,0.656,0.813,0.905,0.724,0.071,0.369,0.531,0.589,0.483,0.906,0.065,0.226,0.811,0.378,0.58,0.486,0.224,0.456,0.332,0.215,0.246,0.899,0.079,0.627,0.427,0.658,0.652,0.8,0.909,0.794,0.821,0.689,0.582,0.594,0.425,0.841,0.861,0.78,0.423,0.141,0.687,0.373,0.994,0.041,0.659,0.625,0.235,0.784,0.567,0.04,0.426,0.637,0.718,0.05,0.686,0.196,0.786,0.137,0.215,0.269,0.281,0.372,0.337,0.491,0.001,0.434,0.686,0.782,0.515,0.789,0.271,0.947,0.275,0.597,0.114,0.088,0.713,0.575,0.759,0.534,0.461,0.116,0.037,0.289,0.506,0.661,0.801,0.039,0.267,0.031,0.363,0.013,0.972,0.029,0.472,0.558,0.654,0.078,0.901,0.115,0.058,0.118,0.538,0.498,0.119,0.106,0.2,0.096,0.216,0.688,0.626,0.73,0.364,0.268,0.032,0.352,0.016,0.44,0.135,0.956,0.143,0.77,0.249,0.842,0.053,0.335,0.296,0.95,0.076,0.839,0.017,0.267,0.863,0.008,0.797,0.52,0.555,0.52,0.394,0.812,0.163,0.547,0.178,0.871,0.865,0.483,0.269,0.834,0.365,0.395,0.101,0.097,0.192,0.569,0.582,0.723,0.865,0.528,0.387,0.541,0.859,0.191,0.105,0.128,0.843,0.373,0.329,0.067,0.104,0.148,0.336,0.385,0.148,0.034,0.712,0.812,0.312,0.645,0.195,0.229,0.726,0.255,0.909,0.286,0.861,0.846,0.481,0.755,0.676,0.916,0.615,0.985,0.688,0.711,0.751,0.75,0.276,0.379,0.028,0.868,0.901,0.218,0.739,0.302,0.444,0.221,0.607,0.485,0.37,0.919,0.108,0.083,0.642,0.054,0.257,0.897,0.373,0.649,0.519,0.643,0.632,0.187,0.202,0.488,0.637,0.521,0.884,0.334,0.822,0.35,0.481,0.381,0.562,0.303,0.32,0.23,0.44,0.112,0.028,0.31,0.278,0.947,0.078,0.26,0.539,0.109,0.551,0.319,0.582,0.792,0.385,0.447,0.779,0.037,0.127,0.197,0.032,0.752,0.755
2020-02-01 19:55:27,0.111,0.337,0.739,0.343,0.017,0.337,0.75,0.577,0.212,0.093,0.057,0.803,0.824,0.952,0.632,0.144,0.62,0.192,0.712,0.546,0.642,0.836,0.842,0.993,0.434,0.191,0.69,0.596,0.763,0.737,0.865,0.793,0.89,0.811,0.954,0.581,0.87,0.125,0.155,0.4,0.683,0.086,0.507,0.981,0.526,0.98,0.154,0.024,0.681,0.924,0.326,0.52,0.588,0.071,0.202,0.791,0.585,0.511,0.819,0.986,0.1,0.17,0.05,0.812,0.526,0.202,0.699,0.756,0.318,0.193,0.163,0.626,0.893,0.966,0.548,0.192,0.656,0.896,0.623,0.598,0.163,0.803,0.239,0.707,0.736,0.42,0.283,0.359,0.644,0.469,0.252,0.641,0.6,0.922,0.224,0.835,0.712,0.878,0.823,0.097,0.699,0.68,0.704,0.799,0.627,0.307,0.708,0.431,0.74,0.719,0.882,0.345,0.998,0.791,0.611,0.898,0.474,0.594,0.63,0.325,0.99,0.822,0.322,0.752,0.276,0.821,0.692,0.615,0.217,0.688,0.081,0.48,0.468,0.849,0.491,0.007,0.225,0.415,0.887,0.812,0.907,0.07,0.024,0.422,0.539,0.243,0.43,0.242,0.863,0.782,0.364,0.57,0.33,0.142,0.61,0.206,0.632,0.037,0.117,0.491,0.634,0.733,0.189,0.045,0.437,0.75,0.523,0.867,0.535,0.956,0.723,0.302,0.01,0.306,0.124,0.802,0.376,0.154,0.969,0.262,0.749,0.18,0.446,0.0,0.85,0.272,0.229,0.616,0.76,0.054,0.241,0.586,0.703,0.099,0.057,0.432,0.308,0.047,0.328,0.589,0.696,0.213,0.642,0.617,0.295,0.184,0.4,0.271,0.822,0.588,0.263,0.364,0.43,0.766,0.118,0.613,0.938,0.273,0.679,0.048,0.914,0.517,0.416,0.177,0.821,0.556,0.88,0.292,0.643,0.037,0.332,0.119,0.917,0.465,0.326,0.363,0.976,0.387,0.708,0.495,0.745,0.869,0.446,0.965,0.198,0.223,0.689,0.204,0.493,0.306,0.906,0.429,0.267,0.372,0.961,0.48,0.834,0.914,0.334,0.214,0.377,0.566,0.401,0.417,0.147,0.198,0.48,0.074,0.881,0.361,0.387,0.041,0.9,0.855,0.071,0.362,0.713,0.962,0.88,0.788,0.35,0.92,0.18,0.34,0.165,0.598,0.314,0.566,0.708,0.106,0.608,0.209,0.827,0.265,0.604,0.043,0.564,0.501,0.021,0.929,0.979,0.038,0.503,0.338,0.937,0.055,0.447,0.028,0.485,0.993,0.265,0.131,0.208,0.72,0.547,0.354,0.251,0.071,0.596,0.476,0.475,0.516,0.645,0.732,0.946,0.947,0.296,0.476,0.484,0.265,0.046,0.291,0.674,0.208,0.605,0.828,0.816,0.392,0.387,0.255,0.444,0.231,0.794,0.927,0.829,0.863,0.613,0.12,0.738,0.284,0.901,0.023,0.274,0.315,0.64,0.631,0.016,0.271,0.14,0.48,0.313,0.24,0.744,0.584,0.417,0.984,0.046,0.196,0.723,0.405,0.409,0.169,0.383,0.303,0.957,0.569,0.849,0.569,0.751,0.774,0.868,0.318,0.443,0.774,0.025,0.694,0.53,0.624,0.004,0.549,0.06,0.323,0.391,0.723,0.729,0.164,0.248,0.55,0.983,0.397,0.154,0.433,0.417,0.911,0.951,0.926,0.512,0.403,0.189,0.129,0.673,0.513,0.671,0.396,0.251,0.841,0.705,0.98,0.622,0.767,0.09,0.653,0.933,0.161,0.55,0.095,0.321,0.714,0.531,0.085,0.214,0.76,0.41,0.706,0.249,0.399,0.929,0.135,0.896,0.628,0.492,0.92,0.173,0.521,0.288,0.578,0.021,0.198,0.915,0.734,0.656,0.844,0.046,0.783,0.52,0.162,0.303,0.097,0.876,0.87,0.387,0.796,0.314,0.562,0.325,0.713,0.477,0.415,0.571,0.196,0.146,0.543,0.788,0.651,0.285,0.613,0.051,0.8,0.397,0.812,0.216,0.643,0.727,0.991,0.06,0.645,0.266,0.655,0.783,0.486,0.561,0.47,0.721,0.496,0.601,0.011,0.192,0.318,0.378,0.464,0.844,0.716,0.734,0.743,0.17,0.108,0.838,0.423,0.702,0.131,0.452,0.742
2020-02-01 19:55:27,0.943,0.847,0.193,0.228,0.023,0.803,0.1,0.45,0.615,0.112,0.012,0.43,0.672,0.237,0.039,0.161,0.054,0.637,0.984,0.653,0.635,0.601,0.029,0.499,0.671,0.83,0.854,0.591,0.006,0.725,0.577,0.026,0.279,0.235,0.011,0.554,0.27,0.547,0.478,0.191,0.819,0.949,0.803,0.381,0.894,0.495,0.574,0.573,0.632,0.325,0.237,0.407,0.39,0.928,0.753,0.321,0.038,0.021,0.438,0.527,0.644,0.072,0.482,0.437,0.122,0.954,0.7,0.299,0.145,0.178,0.902,0.235,0.791,0.199,0.079,0.949,0.691,0.438,0.781,0.486,0.332,0.457,0.105,0.756,0.444,0.506,0.25,0.022,0.639,0.993,0.216,0.204,0.057,0.846,0.873,0.217,0.656,0.944,0.434,0.614,0.967,0.455,0.711,0.666,0.92,0.197,0.741,0.433,0.422,0.748,0.175,0.59,0.644,0.449,0.55,0.613,0.674,0.862,0.13,0.095,0.282,0.411,0.301,0.517,0.65,0.324,0.579,0.62,0.633,0.235,0.06,0.473,0.854,0.003,0.613,0.368,0.358,0.549,0.697,0.475,0.521,0.123,0.816,0.123,0.976,0.474,0.871,0.223,0.222,0.73,0.453,0.487,0.671,0.851,0.385,0.687,0.47,0.168,0.804,0.068,0.581,0.412,0.81,0.418,0.51,0.363,0.599,0.879,0.145,0.389,0.498,0.056,0.254,0.705,0.109,0.824,0.534,0.292,0.618,0.593,0.107,0.442,0.177,0.81,0.379,0.436,0.164,0.039,0.503,0.722,0.589,0.582,0.481,0.386,0.908,0.141,0.929,0.873,0.067,0.858,0.5,0.981,0.313,0.988,0.273,0.206,0.733,0.715,0.92,0.059,0.991,0.376,0.069,0.446,0.8,0.939,0.94,0.804,0.539,0.068,0.594,0.35,0.865,0.795,0.761,0.686,0.046,0.271,0.353,0.363,0.882,0.087,0.184,0.973,0.248,0.88,0.905,0.657,0.375,0.991,0.658,0.904,0.611,0.243,0.06,0.563,0.864,0.12,0.82,0.734,0.361,0.74,0.557,0.416,0.555,0.715,0.84,0.349,0.598,0.887,0.541,0.136,0.998,0.116,0.042,0.66,0.889,0.913,0.732,0.779,0.129,0.283,0.857,0.031,0.559,0.658,0.759,0.479,0.144,0.77,0.066,0.88,0.183,0.531,0.507,0.33,0.597,0.739,0.433,0.357,0.179,0.998,0.851,0.217,0.335,0.245,0.734,0.814,0.422,0.864,0.378,0.527,0.856,0.318,0.048,0.826,0.018,0.956,0.586,0.301,0.486,0.172,0.251,0.445,0.412,0.615,0.517,0.563,0.61,0.092,0.402,0.669,0.308,0.082,0.443,0.294,0.845,0.952,0.055,0.769,0.844,0.02,0.83,0.219,0.388,0.788,0.496,0.922,0.022,0.241,0.019,0.576,0.432,0.991,0.516,0.696,0.197,0.02,0.231,0.451,0.577,0.653,0.045,0.551,0.526,0.823,0.905,0.614,0.184,0.512,0.245,0.163,0.191,0.695,0.675,0.068,0.383,0.024,0.512,0.006,0.495,0.422,0.054,0.304,0.285,0.184,0.255,0.915,0.297,0.809,0.577,0.516,0.193,0.555,0.942,0.006,0.512,0.114,0.069,0.013,0.481,0.129,0.823,0.481,0.987,0.388,0.117,0.894,0.04,0.539,0.816,0.57,0.006,0.115,0.375,0.054,0.117,0.255,0.755,0.522,0.334,0.859,0.982,0.925,0.828,0.306,0.458,0.574,0.079,0.951,0.158,0.456,0.011,0.587,0.455,0.354,0.576,0.938,0.324,0.591,0.222,0.899,0.323,0.314,0.117,0.343,0.608,0.47,0.24,0.704,0.34,0.023,0.846,0.64,0.29,0.247,0.267,0.229,0.291,0.225,0.74,0.356,0.373,0.745,0.758,0.757,0.063,0.913,0.13,0.38,0.544,0.832,0.154,0.733,0.258,0.766,0.325,0.194,0.97,0.273,0.94,0.28,0.0,0.45,0.67,0.864,0.547,0.374,0.54,0.024,0.615,0.54,0.882,0.757,0.233,0.536,0.564,0.405,0.42,0.614,0.391,0.647,0.259,0.636,0.096,0.211,0.567,0.604,0.506,0.274,0.124,0.011,0.002,0.083,0.929,0.404,0.419,0.872,0.439,0.322,0.206,0.439
2020-02-01 19:55:27,0.497,0.504,0.801,0.976,0.279,0.414,0.219,0.147,0.894,0.763,0.908,0.237,0.466,0.559,0.326,0.822,0.81,0.944,0.85,0.897,0.123,0.469,0.922,0.602,0.297,0.314,0.442,0.748,0.193,0.228,0.007,0.306,0.075,0.661,0.368,0.611,0.227,0.908,0.407,0.294,0.127,0.334,0.509,0.419,0.462,0.414,0.2,0.815,0.059,0.351,0.816,0.345,0.997,0.494,0.851,0.684,0.117,0.326,0.836,0.425,0.906,0.645,0.653,0.898,0.828,0.404,0.291,0.102,0.18,0.187,0.054,0.991,0.008,0.876,0.145,0.39,0.86,0.66,0.921,0.29,0.198,0.625,0.851,0.153,0.757,0.439,0.929,0.745,0.926,0.066,0.865,0.69,0.37,0.347,0.545,0.146,0.857,0.723,0.677,0.926,0.126,0.554,0.264,0.458,0.601,0.493,0.989,0.534,0.353,0.214,0.881,0.903,0.394,0.726,0.867,0.471,0.823,0.372,0.314,0.829,0.567,0.069,0.448,0.341,0.812,0.514,0.367,0.783,0.253,0.846,0.55,0.023,0.568,0.794,0.334,0.913,0.146,0.145,0.319,0.822,0.907,0.3,0.01,0.077,0.524,0.017,0.241,0.443,0.681,0.255,0.616,0.789,0.252,0.016,0.201,0.545,0.622,0.227,0.96,0.858,0.523,0.565,0.968,0.699,0.252,0.467,0.863,0.561,0.793,0.388,0.975,0.597,0.167,0.914,0.968,0.114,0.711,0.942,0.688,0.454,0.472,0.231,0.431,0.95,0.038,0.806,0.68,0.551,0.065,0.652,0.956,0.072,0.989,0.354,0.962,0.549,0.263,0.516,0.896,0.861,0.522,0.059,0.14,0.91,0.521,0.194,0.773,0.724,0.62,0.231,0.239,0.658,0.591,0.078,0.887,0.706,0.213,0.262,0.605,0.635,0.502,0.525,0.072,0.269,0.346,0.249,0.21,0.657,0.553,0.02,0.102,0.628,0.414,0.78,0.609,0.014,0.134,0.244,0.137,0.082,0.841,0.495,0.538,0.896,0.437,0.806,0.829,0.032,0.28,0.141,0.864,0.407,0.311,0.444,0.874,0.47,0.992,0.725,0.806,0.607,0.927,0.749,0.581,0.992,0.711,0.692,0.19,0.493,0.76,0.928,0.137,0.274,0.501,0.211,0.003,0.321,0.242,0.388,0.22,0.409,0.413,0.725,0.04,0.71,0.487,0.172,0.164,0.672,0.571,0.537,0.376,0.463,0.8,0.235,0.746,0.086,0.591,0.201,0.386,0.02,0.585,0.208,0.015,0.734,0.904,0.017,0.951,0.008,0.46,0.238,0.629,0.551,0.315,0.992,0.784,0.455,0.476,0.325,0.861,0.315,0.689,0.838,0.572,0.33,0.243,0.755,0.502,0.42,0.971,0.81,0.33,0.268,0.232,0.694,0.965,0.164,0.846,0.627,0.47,0.678,0.571,0.449,0.299,0.812,0.627,0.699,0.785,0.053,0.743,0.979,0.878,0.563,0.122,0.942,0.3,0.315,0.045,0.636,0.43,0.154,0.191,0.544,0.198,0.718,0.542,0.511,0.802,0.144,0.186,0.268,0.675,0.467,0.765,0.005,0.707,0.469,0.61,0.217,0.565,0.195,0.408,0.91,0.842,0.548,0.691,0.185,0.051,0.077,0.216,0.515,0.673,0.487,0.204,0.393,0.613,0.293,0.809,0.231,0.183,0.289,0.917,0.215,0.963,0.234,0.36,0.036,0.302,0.692,0.515,0.887,0.895,0.893,0.1,0.088,0.069,0.13,0.865,0.694,0.16,0.814,0.428,0.944,0.323,0.975,0.381,0.156,0.988,0.223,0.972,0.901,0.756,0.393,0.002,0.149,0.495,0.024,0.215,0.521,0.223,0.649,0.009,0.747,0.533,0.659,0.243,0.038,0.766,0.64,0.947,0.447,0.113,0.864,0.16,0.206,0.683,0.519,0.192,0.37,0.74,0.578,0.936,0.993,0.255,0.007,0.108,0.234,0.05,0.619,0.958,0.886,0.736,0.832,0.718,0.547,0.386,0.405,0.585,0.741,0.265,0.304,0.553,0.863,0.647,0.495,0.955,0.638,0.99,0.928,0.578,0.315,0.169,0.074,0.034,0.912,0.534,0.359,0.276,0.975,0.891,0.359,0.544,0.798,0.478,0.003,0.626,0.655,0.694,0.596,0.515,0.614,0.318,0.949
2020-02-01 19:55:27,0.159,0.979,0.536,0.838,0.376,0.85,0.266,0.717,0.04,0.017,0.804,0.758,0.818,0.038,0.375,0.325,0.916,0.918,0.852,0.517,0.68,0.055,0.237,0.077,0.393,0.907,0.32,0.802,0.674,0.932,0.587,0.67,0.713,0.101,0.697,0.349,0.678,0.557,0.428,0.61,0.998,0.31,0.241,0.301,0.133,0.363,0.435,0.949,0.885,0.422,0.702,0.454,0.687,0.872,0.722,0.771,0.39,0.633,0.473,0.093,0.495,0.223,0.983,0.251,0.536,0.825,0.124,0.067,0.832,0.137,0.778,0.781,0.415,0.263,0.93,0.926,0.742,0.482,0.206,0.627,0.183,0.151,0.302,0.583,0.881,0.776,0.321,0.34,0.658,0.717,0.827,0.951,0.591,0.087,0.996,0.764,0.496,0.981,0.88,0.213,0.408,0.025,0.109,0.957,0.998,0.173,0.998,0.152,0.536,0.74,0.023,0.547,0.122,0.066,0.745,0.36,0.792,0.12,0.59,0.445,0.794,0.162,0.506,0.869,0.875,0.732,0.546,0.296,0.244,0.676,0.014,0.724,0.815,0.622,0.88,0.449,0.557,0.75,0.631,0.069,0.377,0.035,0.251,0.736,0.454,0.19,0.711,0.393,0.434,0.592,0.673,0.156,0.954,0.298,0.751,0.248,0.254,0.701,0.028,0.293,0.018,0.833,0.555,0.505,0.911,0.949,0.672,0.161,0.558,0.193,0.479,0.688,0.387,0.859,0.078,0.732,0.87,0.487,0.152,0.131,0.043,0.257,0.845,0.824,0.233,0.626,0.636,0.743,0.997,0.203,0.44,0.354,0.616,0.886,0.635,0.92,0.013,0.4,0.921,0.929,0.318,0.928,0.572,0.769,0.806,0.323,0.628,0.134,0.461,0.806,0.056,0.309,0.778,0.859,0.081,0.468,0.525,0.493,0.352,0.932,0.878,0.488,0.006,0.336,0.184,0.637,0.171,0.671,0.098,0.656,0.693,0.469,0.34,0.254,0.356,0.889,0.943,0.775,0.234,0.815,0.387,0.094,0.253,0.033,0.97,0.786,0.083,0.531,0.895,0.424,0.162,0.477,0.611,0.394,0.7,0.214,0.711,0.351,0.866,0.011,0.405,0.41,0.856,0.467,0.162,0.441,0.146,0.818,0.358,0.554,0.738,0.965,0.349,0.141,0.426,0.917,0.089,0.12,0.694,0.098,0.706,0.283,0.863,0.229,0.871,0.315,0.876,0.028,0.593,0.849,0.821,0.323,0.834,0.065,0.678,0.63,0.812,0.071,0.196,0.477,0.489,0.318,0.506,0.305,0.151,0.224,0.52,0.315,0.846,0.986,0.753,0.501,0.365,0.391,0.682,0.001,0.625,0.513,0.585,0.139,0.835,0.29,0.398,0.057,0.805,0.298,0.056,0.444,0.242,0.247,0.612,0.986,0.476,0.672,0.008,0.496,0.454,0.651,0.72,0.117,0.165,0.468,0.015,0.88,0.79,0.555,0.126,0.721,0.65,0.42,0.156,0.11,0.508,0.258,0.367,0.272,0.198,0.884,0.211,0.717,0.883,0.53,0.199,0.32,0.928,0.2,0.876,0.297,0.471,0.646,0.164,0.986,0.708,0.691,0.765,0.935,0.044,0.215,0.169,0.759,0.839,0.901,0.006,0.687,0.71,0.806,0.553,0.733,0.396,0.398,0.818,0.629,0.199,0.001,0.163,0.808,0.038,0.101,0.476,0.115,0.088,0.223,0.305,0.917,0.743,0.662,0.791,0.569,0.281,0.127,0.889,0.579,0.549,0.369,0.537,0.644,0.165,0.299,0.018,0.638,0.332,0.547,0.433,0.074,0.027,0.158,0.954,0.186,0.82,0.833,0.93,0.766,0.833,0.05,0.774,1.0,0.976,0.836,0.109,0.797,0.558,0.255,0.182,0.334,0.527,0.256,0.173,0.024,0.471,0.448,0.089,0.206,0.351,0.145,0.515,0.938,0.103,0.334,0.579,0.303,0.341,0.325,0.133,0.332,0.568,0.126,0.845,0.753,0.254,0.088,0.121,0.475,0.9,0.569,0.44,0.547,0.953,0.639,0.027,0.471,0.923,0.699,0.038,0.048,0.022,0.641,0.094,0.236,0.557,0.23,0.9,0.411,0.133,0.303,0.647,0.116,0.57,0.43,0.624,0.14,0.894,0.82,0.283,0.256,0.176,0.139,0.472,0.731,0.8,0.26,0.047,0.741
2020-02-01 19:55:27,0.462,0.787,0.764,0.474,0.067,0.532,0.441,0.271,0.292,0.308,0.934,0.391,0.218,0.056,0.008,0.676,0.321,0.758,0.52,0.389,0.61,0.059,0.198,0.881,0.198,0.473,0.917,0.029,0.433,0.308,0.719,0.705,0.227,0.178,0.851,0.496,0.6,0.944,0.834,0.114,0.707,0.784,0.654,0.697,0.479,0.869,0.977,0.965,0.246,0.363,0.32,0.321,0.856,0.6,0.614,0.062,0.634,0.811,0.136,0.447,0.365,0.71,0.621,0.404,0.962,0.203,0.193,0.219,0.272,0.349,0.274,0.223,0.639,0.966,0.238,0.427,0.294,0.723,0.7,0.233,0.216,0.901,0.387,0.482,0.263,0.529,0.737,0.057,0.839,0.296,0.792,0.319,0.826,0.205,0.674,0.072,0.536,0.45,0.335,0.036,0.584,0.787,0.455,0.781,0.454,0.214,0.463,0.547,0.967,0.161,0.224,0.676,0.32,0.035,0.542,0.745,0.434,0.781,0.438,0.384,0.198,0.345,0.016,0.711,0.847,0.67,0.292,0.858,0.706,0.306,0.786,0.285,0.52,0.178,0.861,0.058,0.452,0.412,0.812,0.55,0.107,0.448,0.399,0.945,0.51,0.528,0.907,0.744,0.138,0.723,0.229,0.175,0.165,0.018,0.531,0.771,0.451,0.321,0.223,0.992,0.532,0.126,0.167,0.877,0.164,0.53,0.038,0.81,0.079,0.575,0.592,0.274,0.131,0.394,0.688,0.172,0.185,0.555,0.985,0.206,0.636,0.952,0.606,0.819,0.166,0.304,0.086,0.57,0.367,0.657,0.512,0.511,0.612,0.982,0.936,0.264,0.649,0.26,0.04,0.073,0.086,0.906,0.899,0.471,0.389,0.346,0.468,0.972,0.21,0.18,0.974,0.765,0.472,0.045,0.728,0.522,0.801,0.424,0.901,0.389,0.721,0.869,0.221,0.307,0.79,0.53,0.057,0.649,0.112,0.906,0.896,0.952,0.514,0.813,0.929,0.892,0.242,0.516,0.703,0.299,0.09,0.155,0.059,0.751,0.02,0.567,0.375,0.723,0.873,0.149,0.742,0.691,0.094,0.193,0.295,0.529,0.481,0.26,0.232,0.665,0.284,0.164,0.955,0.391,0.433,0.299,0.418,0.791,0.285,0.895,0.403,0.205,0.472,0.897,0.222,0.701,0.491,0.687,0.105,0.265,0.459,0.515,0.76,0.185,0.189,0.157,0.067,0.041,0.688,0.224,0.744,0.057,0.65,0.227,0.742,0.783,0.181,0.741,0.878,0.054,0.341,0.893,0.447,0.683,0.019,0.964,0.913,0.415,0.698,0.814,0.031,0.556,1.0,0.259,0.279,0.523,0.972,0.112,0.955,0.584,0.323,0.503,0.836,0.228,0.297,0.055,0.91,0.242,0.746,0.587,0.438,0.838,0.683,0.186,0.264,0.035,0.217,0.033,0.709,0.412,0.698,0.56,0.812,0.292,0.674,0.304,0.343,0.125,0.699,0.058,0.262,0.139,0.914,0.962,0.711,0.245,0.418,0.177,0.285,0.985,0.683,0.512,0.234,0.629,0.863,0.343,0.726,0.28,0.576,0.739,0.644,0.447,0.576,0.117,0.329,0.657,0.121,0.138,0.333,0.945,0.616,0.819,0.365,0.455,0.514,0.593,0.632,0.857,0.505,0.771,0.079,0.017,0.807,0.178,0.437,0.029,0.372,0.731,0.052,0.048,0.111,0.238,0.791,0.938,0.407,0.115,0.165,0.258,0.423,0.225,0.234,0.672,0.624,0.249,0.991,0.159,0.865,0.416,0.814,0.256,0.22,0.963,0.855,0.937,0.854,0.853,0.832,0.521,0.976,0.574,0.337,0.576,0.616,0.158,0.256,0.669,0.221,0.003,0.963,0.949,0.86,0.037,0.44,0.028,0.364,0.763,0.454,0.934,0.113,0.456,0.078,0.105,0.048,0.23,0.245,0.679,0.415,0.127,0.715,0.007,0.615,0.647,0.378,0.223,0.605,0.203,0.172,0.723,0.209,0.637,0.239,0.305,0.819,0.134,0.212,0.802,0.551,0.127,0.503,0.135,0.112,0.774,0.919,0.633,0.524,0.989,0.437,0.946,0.494,0.41,0.586,0.061,0.128,0.29,0.894,0.026,0.867,0.227,0.062,0.76,0.523,0.104,0.89,0.223,0.734,0.909,0.297,0.694,0.684,0.417,0.777,0.994
2020-02-01 19:55:27,0.506,0.746,0.592,0.803,0.678,0.088,0.37,0.707,0.648,0.777,0.6,0.07,0.643,0.085,0.825,0.696,0.783,0.118,0.995,0.5,0.808,0.586,0.819,0.214,0.705,0.228,0.648,0.813,0.701,0.269,0.967,0.392,0.27,0.03,0.957,0.011,0.925,0.151,0.197,0.879,0.452,0.969,0.941,0.29,0.386,0.009,0.169,0.912,0.524,0.585,0.064,0.287,0.937,0.369,0.303,0.39,0.661,0.913,0.252,0.424,0.615,0.74,0.006,0.728,0.832,0.511,0.377,0.655,0.659,0.933,0.252,0.621,0.155,0.078,0.493,0.74,0.129,0.837,0.638,0.25,0.155,0.306,0.592,0.899,0.862,0.598,0.467,0.214,0.669,0.166,0.938,0.952,0.886,0.345,0.172,0.284,0.082,0.241,0.927,0.062,0.643,0.496,0.662,0.439,0.468,0.094,0.343,0.024,0.285,0.098,0.746,0.281,0.75,0.339,0.641,0.46,0.979,0.652,0.444,0.972,0.02,0.81,0.587,0.115,0.661,0.978,0.907,0.971,0.73,0.565,0.027,0.364,0.537,0.377,0.663,0.83,0.472,0.147,0.826,0.366,0.843,0.935,0.905,0.352,0.792,0.803,0.061,0.413,0.257,0.324,0.266,0.233,0.784,0.796,0.997,0.217,0.116,0.77,0.623,0.654,0.04,0.899,0.157,0.365,0.306,0.256,0.369,0.531,0.557,0.973,0.734,0.885,0.161,0.389,0.983,0.737,0.651,0.571,0.847,0.486,0.35,0.147,0.341,0.205,0.65,0.979,0.327,0.866,0.596,0.98,0.198,0.939,0.761,0.386,0.396,0.62,0.711,0.528,0.436,0.63,0.289,0.639,0.68,0.582,0.122,0.706,0.682,0.624,0.771,0.293,0.279,0.825,0.905,0.594,0.982,0.987,0.247,0.764,0.215,0.96,0.076,0.435,0.274,0.55,0.857,0.324,0.73,0.389,0.61,0.731,0.701,0.693,0.932,0.481,0.948,0.649,0.741,0.183,0.63,0.645,0.902,0.868,0.964,0.445,0.628,0.395,0.294,0.277,0.483,0.586,0.44,0.128,0.262,0.448,0.759,0.461,0.286,0.164,0.342,0.87,0.672,0.032,0.785,0.761,0.744,0.732,0.476,0.39,0.864,0.296,0.078,0.849,0.887,0.211,0.956,0.664,0.115,0.029,0.765,0.835,0.402,0.101,0.108,0.323,0.657,0.343,0.675,0.965,0.426,0.266,0.817,0.601,0.431,0.435,0.176,0.254,0.596,0.852,0.746,0.605,0.704,0.861,0.263,0.993,0.03,0.588,0.731,0.523,0.527,0.547,0.925,0.331,0.715,0.799,0.711,0.15,0.964,0.142,0.376,0.142,0.533,0.917,0.496,0.373,0.742,0.965,0.134,0.751,0.494,0.132,0.357,0.38,0.493,0.412,0.676,0.522,0.442,0.854,0.946,0.659,0.111,0.322,0.719,0.309,0.441,0.356,0.678,0.916,0.262,0.593,0.628,0.374,0.548,0.634,0.211,0.029,0.0,0.905,0.262,0.651,0.079,0.863,0.352,0.686,0.982,0.002,0.688,0.058,0.641,0.654,0.805,0.635,0.697,0.411,0.653,0.978,0.956,0.863,0.221,0.134,0.538,0.062,0.384,0.059,0.272,0.593,0.488,0.286,0.89,0.879,0.027,0.209,0.039,0.742,0.048,0.421,0.129,0.846,0.694,0.534,0.081,0.098,0.513,0.744,0.656,0.029,0.75,0.772,0.836,0.622,0.636,0.753,0.481,0.249,0.215,0.684,0.793,0.781,0.7,0.699,0.997,0.216,0.277,0.764,0.355,0.916,0.12,0.582,0.788,0.383,0.531,0.072,0.11,0.033,0.034,0.526,0.806,0.112,0.704,0.732,0.094,0.057,0.235,0.218,0.109,0.89,0.468,0.477,0.747,0.093,0.383,0.663,0.971,0.26,0.497,0.249,0.682,0.444,0.583,0.124,0.711,0.797,0.931,0.671,0.281,0.436,0.471,0.334,0.193,0.64,0.941,0.132,0.366,0.805,0.794,0.608,0.55,0.511,0.997,0.648,0.298,0.851,0.81,0.426,0.48,0.267,0.157,0.885,0.475,0.212,0.996,0.232,0.189,0.216,0.023,0.334,0.647,0.363,0.143,0.051,0.64,0.759,0.013,0.064,0.243,0.268,0.879,0.615,0.163,0.252,0.624,0.033
2020-02-01 19:55:27,0.265,0.369,0.079,0.733,0.783,0.438,0.657,0.586,0.683,0.488,0.413,0.176,0.764,0.149,0.766,0.85,0.289,0.616,0.74,0.478,0.151,0.062,0.378,0.736,0.016,0.396,0.866,0.44,0.512,0.096,0.591,0.009,0.65,0.859,0.49,0.632,0.757,0.459,0.453,0.699,0.16,0.86,0.618,0.377,0.524,0.223,0.754,0.389,0.434,0.658,0.162,0.135,0.916,0.934,0.966,0.735,0.271,0.085,0.539,0.498,0.843,0.549,0.116,0.362,0.439,0.65,0.619,0.393,0.213,0.549,0.214,0.225,0.903,0.929,0.199,0.618,0.666,0.691,0.472,0.873,0.25,0.864,0.702,0.072,0.374,0.916,0.291,0.898,0.14,0.915,0.568,0.999,0.924,0.199,0.668,0.996,0.665,0.534,0.939,0.155,0.03,0.138,0.505,0.389,0.026,0.403,0.268,0.513,0.013,0.346,0.884,0.803,0.94,0.483,0.913,0.239,0.457,0.789,0.185,0.844,0.088,0.945,0.273,0.627,0.915,0.675,0.493,0.031,0.468,0.46,0.424,0.217,0.216,0.026,0.852,0.885,0.206,0.653,0.027,0.531,0.951,0.608,0.148,0.834,0.712,0.621,0.123,0.304,0.961,0.017,0.342,0.398,0.529,0.632,0.378,0.703,0.921,0.407,0.509,0.266,0.941,0.51,0.196,0.131,0.557,0.432,0.846,0.342,0.876,0.259,0.899,0.925,0.924,0.133,0.514,0.571,0.682,0.424,0.663,0.94,0.179,0.227,0.306,0.801,0.554,0.932,0.862,0.09,0.682,0.322,0.236,0.38,0.68,0.387,0.239,0.497,0.932,0.765,0.4,0.947,0.157,0.916,0.072,0.927,0.469,0.336,0.67,0.007,0.819,0.495,0.384,0.293,0.411,0.974,0.987,0.784,0.539,0.216,0.949,0.882,0.271,0.471,0.174,0.368,0.33,0.564,0.665,0.718,0.136,0.674,0.476,0.445,0.773,0.36,0.601,0.325,0.293,0.57,0.348,0.178,0.082,0.852,0.377,0.893,0.368,0.308,0.488,0.761,0.095,0.018,0.156,0.328,0.936,0.36,0.176,0.144,0.177,0.194,0.715,0.92,0.32,0.087,0.278,0.217,0.696,0.38,0.093,0.84,0.215,0.243,0.592,0.895,0.699,0.361,0.046,0.647,0.947,0.659,0.228,0.187,0.872,0.812,0.651,0.908,0.79,0.47,0.536,0.199,0.523,0.712,0.572,0.807,0.51,0.996,0.078,0.733,0.461,0.04,0.653,0.352,0.382,0.867,0.054,0.984,0.508,0.366,0.421,0.635,0.628,0.181,0.972,0.458,0.136,0.125,0.228,0.021,0.812,0.632,0.132,0.324,0.308,0.062,0.917,0.197,0.108,0.45,0.584,0.694,0.343,0.972,0.121,0.696,0.957,0.074,0.724,0.165,0.442,0.638,0.212,0.858,0.171,0.631,0.839,0.184,0.327,0.277,0.624,0.864,0.97,0.287,0.634,0.308,0.746,0.849,0.048,0.458,0.185,0.235,0.882,0.077,0.254,0.012,0.674,0.966,0.792,0.473,0.511,0.355,0.881,0.964,0.849,0.494,0.274,0.097,0.041,0.863,0.527,0.317,0.455,0.529,0.548,0.016,0.27,0.343,0.007,0.298,0.14,0.317,0.893,0.732,0.997,0.998,0.355,0.188,0.52,0.779,0.32,0.834,0.836,0.516,0.35,0.166,0.496,0.733,0.315,0.874,0.999,0.334,0.184,0.464,0.605,0.452,0.967,0.718,0.711,0.142,0.775,0.012,0.023,0.592,0.036,0.271,0.452,0.403,0.156,0.595,0.204,0.951,0.793,0.824,0.728,0.139,0.957,0.458,0.11,0.701,0.614,0.375,0.809,0.939,0.498,0.092,0.186,0.584,0.005,0.35,0.889,0.313,0.516,0.854,0.995,0.386,0.934,0.464,0.267,0.176,0.572,0.716,0.945,0.131,0.582,0.431,0.771,0.245,0.206,0.605,0.487,0.776,0.399,0.613,0.658,0.661,0.935,0.751,0.461,0.468,0.96,0.357,0.783,0.838,0.061,0.021,0.028,0.197,0.388,0.165,0.207,0.403,0.011,0.835,0.922,0.034,0.621,0.793,0.174,0.291,0.264,0.716,0.671,0.184,0.88,0.258,0.137,0.024,0.732,0.919,0.516,0.782,0.93,0.155,0.624,0.606
2020-02-01 19:55:27,0.043,0.613,0.797,0.465,0.884,0.531,0.646,0.655,0.133,0.854,0.031,0.564,0.696,0.412,0.09,0.612,0.043,0.916,0.544,0.075,0.917,0.158,0.562,0.458,0.486,0.318,0.009,0.39,0.616,0.004,0.783,0.016,0.252,0.085,0.472,0.669,0.829,0.571,0.763,0.58,0.803,0.214,0.902,0.39,0.824,0.902,0.299,0.656,0.532,0.667,0.732,0.134,0.547,0.499,0.867,0.955,0.238,0.182,0.848,0.454,0.951,0.866,0.222,0.378,0.834,0.047,0.226,0.539,0.206,0.161,0.285,0.087,0.003,0.985,0.881,0.429,0.478,0.524,0.724,0.166,0.54,0.261,0.683,0.41,0.515,0.177,0.55,0.227,0.536,0.866,0.019,0.068,0.6,0.452,0.47,0.968,0.332,0.974,0.553,0.844,0.926,0.7,0.436,0.51,0.914,0.502,0.409,0.053,0.122,0.387,0.477,0.655,0.566,0.594,0.231,0.932,0.532,0.916,0.112,0.583,0.805,0.1,0.642,0.405,0.833,0.573,0.462,0.714,0.007,0.574,0.417,0.755,0.105,0.167,0.568,0.967,0.689,0.626,0.201,0.609,0.839,0.435,0.345,0.808,0.574,0.646,0.001,0.71,0.871,0.147,0.433,0.504,0.44,0.59,0.55,0.782,0.387,0.387,0.957,0.496,0.239,0.336,0.401,0.613,0.207,0.1,0.388,0.47,0.218,0.546,0.5,0.606,0.949,0.912,0.409,0.848,0.209,0.872,0.056,0.741,0.46,0.55,0.566,0.617,0.917,0.169,0.632,0.752,0.049,0.309,0.055,0.367,0.07,0.007,0.775,0.11,0.584,0.333,0.41,0.007,0.777,0.216,0.099,0.895,0.487,0.671,0.81,0.505,0.52,0.01,0.171,0.499,0.16,0.772,0.802,0.037,0.807,0.785,0.742,0.354,0.315,0.962,0.357,0.526,0.68,0.011,0.94,0.211,0.525,0.904,0.804,0.976,0.514,0.21,0.743,0.398,0.16,0.341,0.845,0.489,0.825,0.429,0.482,0.551,0.504,0.856,0.068,0.599,0.653,0.78,0.631,0.029,0.267,0.906,0.786,0.825,0.096,0.787,0.112,0.628,0.835,0.285,0.177,0.738,0.207,0.475,0.497,0.343,0.941,0.261,0.242,0.041,0.645,0.24,0.435,0.323,0.746,0.212,0.084,0.543,0.26,0.904,0.592,0.793,0.391,0.128,0.328,0.619,0.172,0.418,0.64,0.839,0.099,0.165,0.051,0.886,0.428,0.081,0.549,0.148,0.464,0.199,0.79,0.485,0.609,0.455,0.435,0.791,0.006,0.278,0.693,0.65,0.371,0.797,0.055,0.45,0.016,0.75,0.098,0.382,0.926,0.366,0.435,0.946,0.798,0.455,0.016,0.457,0.512,0.416,0.865,0.194,0.01,0.725,0.325,0.198,0.387,0.279,0.011,0.568,0.605,0.284,0.937,0.4,0.261,0.846,0.396,0.518,0.364,0.108,0.382,0.048,0.18,0.663,0.178,0.315,0.303,0.882,0.738,0.838,0.416,0.869,0.986,0.421,0.549,0.126,0.647,0.912,0.927,0.953,0.174,0.133,0.589,0.569,0.489,0.496,0.92,0.625,0.017,0.943,0.362,0.198,0.478,0.704,0.99,0.405,0.201,0.537,0.991,0.221,0.874,0.541,0.105,0.379,0.502,0.489,0.753,0.859,0.359,0.641,0.197,0.507,0.792,0.842,0.522,0.052,0.91,0.697,0.391,0.817,0.968,0.595,0.911,0.296,0.277,0.45,0.739,0.343,0.867,0.153,0.143,0.312,0.395,0.225,0.744,0.683,0.738,0.061,0.497,0.65,0.182,0.944,0.632,0.611,0.064,0.122,0.651,0.331,0.67,0.228,0.108,0.327,0.269,0.5,0.939,0.44,0.794,0.053,0.681,0.65,0.624,0.33,0.414,0.126,0.99,0.013,0.96,0.254,0.155,0.559,0.298,0.042,0.106,0.14,0.135,0.935,0.085,0.78,0.194,0.971,0.142,0.134,0.029,0.468,0.748,0.955,0.674,0.523,0.894,0.579,0.835,0.172,0.47,0.655,0.317,0.793,0.651,0.341,0.774,0.88,0.444,0.795,0.896,0.595,0.503,0.869,0.631,0.062,0.867,0.764,0.205,0.307,0.227,0.104,0.696,0.296,0.013,0.842,0.457,0.341,0.904,0.339
2020-02-01 19:55:27,0.351,0.256,0.182,0.139,0.352,0.144,0.097,0.478,0.626,0.913,0.344,0.122,0.247,0.893,0.603,0.728,0.197,0.239,0.754,0.181,0.563,0.084,0.464,0.617,0.598,0.781,0.202,0.459,0.355,0.584,0.621,0.682,0.809,0.731,0.61,0.082,0.397,0.718,0.599,0.207,0.42,0.554,0.67,0.446,0.126,0.637,0.715,0.777,0.214,0.912,0.656,0.744,0.963,0.558,0.266,0.863,0.537,0.22,0.954,0.691,0.57,0.19,0.365,0.273,0.665,0.549,0.13,0.801,0.218,0.106,0.216,0.613,0.414,0.469,0.479,0.826,0.585,0.705,0.798,0.974,0.961,0.133,0.338,0.855,0.819,0.68,0.507,0.688,0.433,0.399,0.987,0.337,0.159,0.403,0.263,0.304,0.245,0.435,0.984,0.965,0.128,0.064,0.997,0.056,0.013,0.383,0.555,0.41,0.692,0.048,0.126,0.38,0.435,0.27,0.968,0.601,0.768,0.585,0.068,0.948,0.847,0.238,0.062,0.965,0.998,0.383,0.234,0.397,0.646,0.713,0.725,0.853,0.382,0.813,0.141,0.662,0.694,0.658,0.164,0.822,0.85,0.963,0.917,0.219,0.65,0.869,0.128,0.565,0.969,0.018,0.387,0.722,0.451,0.245,0.842,0.564,0.912,0.203,0.659,0.665,0.711,0.407,0.405,0.323,0.71,0.012,0.055,0.973,0.236,0.014,0.837,0.396,0.577,0.073,0.216,0.872,0.989,0.63,0.817,0.585,0.822,0.582,0.454,0.13,0.683,0.745,0.412,0.335,0.018,0.177,0.021,0.123,0.257,0.11,0.57,0.549,0.55,0.134,0.971,0.486,0.047,0.63,0.025,0.213,0.6,0.455,0.91,0.685,0.001,0.763,0.297,0.653,0.84,0.08,0.038,0.867,0.531,0.491,0.364,0.221,0.741,0.533,0.878,0.779,0.082,0.214,0.349,0.455,0.497,0.479,0.742,0.187,0.511,0.797,0.462,0.685,0.893,0.486,0.992,0.429,0.048,0.309,0.959,0.87,0.043,0.457,0.812,0.18,0.404,0.3,0.667,0.115,0.172,0.485,0.117,0.356,0.688,0.14,0.414,0.442,0.326,0.061,0.613,0.652,0.318,0.149,0.734,0.521,0.709,0.099,0.284,0.312,0.422,0.343,0.998,0.65,0.793,0.197,0.169,0.156,0.295,0.328,0.493,0.979,0.18,0.852,0.188,0.261,0.273,0.039,0.89,0.575,0.522,0.485,0.289,0.671,0.552,0.511,0.179,0.292,0.887,0.447,0.512,0.708,0.143,0.542,0.964,0.129,0.234,0.678,0.515,0.627,0.295,0.118,0.339,0.129,0.744,0.215,0.319,0.924,0.716,0.304,0.116,0.18,0.776,0.744,0.865,0.714,0.911,0.804,0.547,0.806,0.792,0.567,0.025,0.524,0.163,0.675,0.591,0.668,0.399,0.173,0.481,0.635,0.159,0.067,0.794,0.968,0.712,0.548,0.84,0.69,0.011,0.2,0.336,0.862,0.033,0.589,0.104,0.505,0.606,0.745,0.432,0.937,0.904,0.89,0.663,0.012,0.204,0.372,0.106,0.176,0.395,0.764,0.927,0.366,0.458,0.035,0.145,0.814,0.196,0.471,0.347,0.927,0.297,0.154,0.712,0.647,0.173,0.278,0.999,0.121,0.962,0.017,0.279,0.669,0.23,0.992,0.525,0.978,0.887,0.91,0.524,0.214,0.406,0.068,0.24,0.178,0.37,0.015,0.072,0.68,0.506,0.153,0.484,0.671,0.627,0.562,0.552,0.102,0.329,0.756,0.575,0.835,0.815,0.094,0.4,0.563,0.479,0.378,0.205,0.431,0.849,0.642,0.757,0.997,0.112,0.91,0.571,0.399,0.57,0.343,0.103,0.432,0.848,0.24,0.285,0.252,0.739,0.577,0.301,0.393,0.248,0.341,0.449,0.883,0.456,0.791,0.708,0.181,0.728,0.253,0.697,0.906,0.871,0.412,0.167,0.184,0.671,0.347,0.988,0.617,0.626,0.135,0.733,0.643,0.469,0.471,0.461,0.907,0.397,0.574,0.465,0.477,0.251,0.893,0.09,0.151,0.533,0.0,0.46,0.186,0.144,0.647,0.201,0.944,0.267,0.06,0.396,0.231,0.945,0.543,0.71,0.148,0.335,0.466,0.92,0.418,0.331,0.837,0.764,0.057
2020-02-01 19:55:27,0.65,0.302,0.586,0.814,0.919,0.29,0.579,0.394,0.045,0.306,0.16,0.057,0.991,0.407,0.749,0.503,0.757,0.253,0.502,0.191,0.05,0.552,0.992,0.971,0.263,0.609,0.285,0.67,0.658,0.879,0.813,0.273,0.653,0.648,0.803,0.945,0.717,0.859,0.14,0.246,0.343,0.301,0.003,0.967,0.97,0.58,0.452,0.183,0.732,0.267,0.159,0.578,0.02,0.905,0.17,0.882,0.619,0.629,0.973,0.919,0.845,0.157,0.05,0.667,0.175,0.461,0.0,0.812,0.493,0.272,0.2,0.395,0.089,0.53,0.643,0.746,0.203,0.303,0.516,0.375,0.31,0.353,0.773,0.893,0.131,0.048,0.584,0.34,0.956,0.772,0.498,0.875,0.755,0.863,0.931,0.586,0.919,0.312,0.307,0.802,0.601,0.788,0.457,0.845,0.474,0.01,0.311,0.269,0.091,0.943,0.653,0.387,0.43,0.591,0.501,0.894,0.817,0.075,0.289,0.063,0.58,0.756,0.259,0.174,0.761,0.958,0.193,0.307,0.696,0.096,0.84,0.116,0.958,0.82,0.904,0.16,0.605,0.595,0.127,0.553,0.897,0.199,0.772,0.932,0.733,0.014,0.871,0.944,0.249,0.749,0.627,0.06,0.143,0.133,0.206,0.081,0.715,0.374,0.239,0.017,0.742,0.83,0.283,0.92,0.22,0.192,0.101,0.911,0.043,0.411,0.093,0.559,0.901,0.074,0.733,0.124,0.73,0.172,0.372,0.536,0.09,0.926,0.441,0.698,0.482,0.389,0.785,0.596,0.539,0.074,0.145,0.434,0.291,0.811,0.339,0.302,0.726,0.56,0.79,0.467,0.241,0.99,0.983,0.606,0.598,0.653,0.98,0.892,0.552,0.885,0.533,0.538,0.045,0.398,0.262,0.852,0.847,0.755,0.763,0.583,0.659,0.652,0.919,0.676,0.785,0.894,0.843,0.876,0.083,0.255,0.25,0.66,0.112,0.354,0.16,0.346,0.896,0.051,0.488,0.082,0.173,0.459,0.708,0.517,0.261,0.06,0.322,0.682,0.108,0.181,0.618,0.488,0.467,0.049,0.205,0.159,0.839,0.325,0.855,0.094,0.927,0.897,0.769,0.148,0.435,0.006,0.129,0.665,0.117,0.184,0.865,0.937,0.335,0.077,0.571,0.663,0.752,0.365,0.853,0.603,0.928,0.2,0.588,0.123,0.216,0.948,0.184,0.191,0.885,0.157,0.461,0.434,0.056,0.589,0.17,0.099,0.656,0.03,0.471,0.673,0.619,0.318,0.761,0.359,0.34,0.481,0.454,0.667,0.267,0.693,0.297,0.788,0.83,0.678,0.064,0.475,0.585,0.295,0.939,0.4,0.875,0.392,0.925,0.204,0.058,0.44,0.597,0.226,0.152,0.806,0.917,0.568,0.317,0.861,0.46,0.414,0.305,0.506,0.741,0.899,0.082,0.918,0.85,0.019,0.549,0.033,0.691,0.504,0.472,0.624,0.249,0.281,0.052,0.978,0.83,0.011,0.289,0.523,0.999,0.672,0.257,0.328,0.675,0.639,0.939,0.582,0.437,0.09,0.224,0.687,0.041,0.669,0.321,0.007,0.77,0.233,0.011,0.58,0.496,0.941,0.77,0.49,0.955,0.549,0.551,0.476,0.544,0.112,0.331,0.105,0.825,0.112,0.225,0.784,0.957,0.409,0.143,0.541,0.898,0.053,0.216,0.479,0.287,0.14,0.805,0.748,0.495,0.074,0.349,0.627,0.488,0.232,0.908,0.603,0.092,0.282,0.38,0.853,0.573,0.564,0.536,0.695,0.812,0.243,0.589,0.387,0.808,0.147,0.59,0.687,0.159,0.553,0.577,0.869,0.091,0.92,0.375,0.283,0.889,0.808,0.594,0.016,0.078,0.427,0.643,0.73,0.054,0.808,0.621,0.904,0.174,0.424,0.991,0.01,0.12,0.508,0.718,0.877,0.192,0.616,0.403,0.974,0.012,0.085,0.384,0.554,0.514,0.601,0.637,0.556,0.838,0.894,0.992,0.41,0.694,0.507,0.17,0.419,0.358,0.601,0.249,0.268,0.549,0.799,0.023,0.717,0.039,0.785,0.884,0.455,0.326,0.342,0.179,0.701,0.522,0.74,0.247,0.436,0.36,0.285,0.359,0.524,0.768,0.799,0.506,0.414,0.799,0.484,0.332,0.254,0.585,0.534
2020-02-01 19:55:27,0.147,0.99,0.889,0.536,0.207,0.501,0.73,0.894,0.047,0.662,0.766,0.917,0.481,0.519,0.386,0.324,0.496,0.969,0.017,0.377,0.167,0.07,0.627,0.322,0.096,0.587,0.468,0.693,0.409,0.684,0.204,0.808,0.265,0.822,0.499,0.273,0.255,0.755,0.851,0.501,0.544,0.8,0.682,0.035,0.472,0.21,0.74,0.393,0.298,0.67,0.586,0.656,0.553,0.681,0.454,0.948,0.862,0.744,0.616,0.212,0.66,0.815,0.016,0.108,0.082,0.253,0.759,0.241,0.776,0.455,0.083,0.711,0.246,0.29,0.965,0.094,0.148,0.068,0.044,0.782,0.864,0.111,0.16,0.902,0.291,0.995,0.175,0.983,0.489,0.345,0.513,0.62,0.295,0.512,0.313,0.562,0.215,0.585,0.178,0.148,0.293,0.144,0.646,0.143,0.324,0.367,0.049,0.591,0.825,0.665,0.393,0.174,0.32,0.446,0.645,0.399,0.941,0.877,0.597,0.117,0.886,0.99,0.88,0.421,0.714,0.675,0.456,0.949,0.507,0.204,0.381,0.486,0.006,0.193,0.468,0.207,0.171,0.404,0.112,0.608,0.073,0.165,0.831,0.977,0.377,0.153,0.064,0.107,0.923,0.77,0.438,0.049,0.544,0.184,0.552,0.923,0.514,0.426,0.394,0.102,0.67,0.06,0.791,0.494,0.933,0.629,0.019,0.15,0.348,0.81,0.501,0.273,0.578,0.584,0.709,0.67,0.827,0.181,0.922,0.269,0.5,0.544,0.57,0.644,0.959,0.542,0.024,0.558,0.124,0.767,0.598,0.66,0.509,0.118,0.368,0.037,0.927,0.488,0.972,0.308,0.544,0.915,0.53,0.151,0.682,0.915,0.582,0.187,0.577,0.689,0.584,0.334,0.129,0.569,0.252,0.981,0.576,0.379,0.903,0.172,0.99,0.129,0.071,0.48,0.401,0.96,0.341,0.086,0.004,0.872,0.981,0.588,0.159,0.909,0.729,0.028,0.31,0.927,0.464,0.553,0.667,0.982,0.175,0.919,0.488,0.568,0.152,0.932,0.841,0.933,0.228,0.587,0.248,0.218,0.199,0.96,0.476,0.868,0.991,0.639,0.952,0.655,0.206,0.252,0.189,0.376,0.432,0.202,0.239,0.303,0.235,0.045,0.517,0.368,0.723,0.798,0.153,0.704,0.484,0.295,0.381,0.145,0.256,0.272,0.488,0.17,0.455,0.218,0.873,0.95,0.15,0.445,0.955,0.808,0.083,0.829,0.393,0.73,0.231,0.765,0.353,0.765,0.444,0.48,0.043,0.048,0.565,0.575,0.325,0.888,0.662,0.694,0.775,0.176,0.257,0.289,0.36,0.661,0.571,0.616,0.708,0.921,0.694,0.872,0.866,0.838,0.77,0.976,0.19,0.586,0.412,0.82,0.246,0.431,0.07,0.657,0.976,0.517,0.168,0.091,0.002,0.304,0.642,0.25,0.018,0.613,0.437,0.493,0.673,0.119,0.791,0.039,0.384,0.513,0.592,0.013,0.272,0.862,0.999,0.504,0.381,0.728,0.629,0.514,0.216,0.357,0.367,0.149,0.636,0.347,0.531,0.106,0.634,0.073,0.572,0.995,0.75,0.515,0.444,0.107,0.497,0.682,0.202,0.582,0.385,0.72,0.834,0.479,0.754,0.227,0.432,0.392,0.351,0.939,0.346,0.98,0.157,0.977,0.766,0.72,0.827,0.586,0.682,0.273,0.034,0.257,0.33,0.367,0.542,0.242,0.214,0.56,0.341,0.409,0.223,0.541,0.358,0.606,0.271,0.683,0.624,0.162,0.78,0.955,0.392,0.141,0.018,0.145,0.493,0.022,0.147,0.177,0.96,0.947,0.854,0.557,0.774,0.385,0.593,0.971,0.106,0.416,0.906,0.481,0.962,0.049,0.094,0.932,0.574,0.162,0.475,0.858,0.518,0.101,0.819,0.856,0.799,0.64,0.543,0.659,0.483,0.557,0.133,0.882,0.547,0.151,0.711,0.778,0.7,0.829,0.17,0.363,0.981,0.536,0.01,0.407,0.366,0.957,0.94,0.143,0.673,0.294,0.939,0.334,0.608,0.028,0.839,0.1,0.614,0.274,0.051,0.821,0.155,0.548,0.523,0.801,0.15,0.251,0.334,0.518,0.262,0.064,0.229,0.611,0.605,0.013,0.456,0.769,0.645,0.941,0.229,0.887
2020-02-01 19:55:27,0.781,0.294,0.331,0.287,0.743,0.439,0.517,0.932,0.524,0.113,0.895,0.105,0.109,0.362,0.609,0.18,0.097,0.912,0.061,0.475,0.122,0.369,0.77,0.525,0.823,0.635,0.116,0.102,0.301,0.218,0.46,0.734,0.885,0.431,0.838,0.381,0.655,0.695,0.625,0.657,0.614,0.002,0.401,0.448,0.605,0.795,0.336,0.299,0.509,0.066,0.563,0.201,0.835,0.774,0.357,0.99,0.259,0.523,0.555,0.557,0.877,0.134,0.598,0.816,0.83,0.556,0.04,0.759,0.469,0.22,0.387,0.36,0.335,0.046,0.512,0.985,0.029,0.359,0.404,0.509,0.159,0.141,0.715,0.062,0.694,0.629,0.792,0.373,0.99,0.49,0.837,0.786,0.753,0.591,0.457,0.114,0.095,0.626,0.578,0.01,0.613,0.843,0.146,0.811,0.065,0.791,0.605,0.743,0.947,0.171,0.861,0.294,0.766,0.977,0.833,0.056,0.426,0.873,0.818,0.488,0.997,0.151,0.605,0.468,0.775,0.102,0.476,0.079,0.697,0.685,0.924,0.935,0.374,0.646,0.493,0.595,0.196,0.859,0.994,0.456,0.024,0.24,0.358,0.645,0.49,0.436,0.076,0.684,0.004,0.189,0.99,0.368,0.31,0.73,0.385,0.459,0.823,0.733,0.025,0.738,0.85,0.486,0.82,0.945,0.791,0.855,0.458,0.491,0.068,0.715,0.714,0.485,0.766,0.765,0.198,0.445,0.532,0.23,0.857,0.688,0.826,0.724,0.67,0.558,0.29,0.358,0.427,0.23,0.234,0.804,0.388,0.935,0.075,0.33,0.17,0.811,0.132,0.509,0.288,0.157,0.297,0.589,0.553,0.136,0.441,0.678,0.081,0.825,0.815,0.298,0.019,0.828,0.053,0.923,0.692,0.599,0.873,0.397,0.205,0.174,0.596,0.349,0.271,0.735,0.718,0.673,0.148,0.729,0.579,0.273,0.268,0.966,0.112,0.052,0.712,0.713,0.013,0.32,0.32,0.828,0.743,0.378,0.585,0.083,0.414,0.498,0.304,0.27,0.216,0.097,0.531,0.13,0.859,0.347,0.056,0.885,0.589,0.796,0.297,0.662,0.614,0.66,0.172,0.999,0.449,0.393,0.585,0.548,0.871,0.744,0.861,0.924,0.132,0.073,0.682,0.946,0.478,0.572,0.994,0.869,0.062,0.25,0.659,0.574,0.164,0.743,0.35,0.336,0.944,0.982,0.95,0.671,0.525,0.46,0.19,0.76,0.963,0.873,0.007,0.386,0.317,0.298,0.671,0.793,0.969,0.364,0.004,0.922,0.489,0.225,0.215,0.612,0.232,0.925,0.233,0.811,0.802,0.462,0.878,0.253,0.931,0.976,0.861,0.054,0.178,0.144,0.434,0.863,0.578,0.315,0.792,0.714,0.121,0.343,0.168,0.679,0.921,0.662,0.026,0.724,0.615,0.004,0.157,0.738,0.021,0.731,0.594,0.143,0.106,0.45,0.777,0.814,0.074,0.747,0.409,0.304,0.565,0.771,0.294,0.588,0.758,0.188,0.171,0.442,0.678,0.901,0.43,0.906,0.462,0.441,0.684,0.848,0.372,0.248,0.511,0.06,0.949,0.121,0.757,0.544,0.027,0.692,0.006,0.735,0.267,0.486,0.038,0.011,0.884,0.411,0.122,0.071,0.107,0.045,0.512,0.099,0.843,0.58,0.103,0.286,0.355,0.811,0.646,0.611,0.732,0.611,0.439,0.864,0.744,0.198,0.544,0.29,0.476,0.591,0.174,0.576,0.733,0.514,0.56,0.886,0.564,0.742,0.543,0.765,0.44,0.328,0.868,0.003,0.163,0.242,0.453,0.407,0.465,0.087,0.773,0.723,0.751,0.589,0.681,0.729,0.32,0.155,0.783,0.13,0.532,0.016,0.606,0.732,0.644,0.361,0.013,0.399,0.081,0.587,0.706,0.357,0.807,0.824,0.438,0.729,0.933,0.69,0.475,0.887,0.009,0.505,0.223,0.167,0.776,0.012,0.369,0.643,0.699,0.979,0.145,0.572,0.736,0.998,0.623,0.188,0.897,0.892,0.99,0.498,0.674,0.795,0.43,0.456,0.281,0.439,0.416,0.998,0.14,0.273,0.472,0.524,0.505,0.947,0.861,0.63,0.782,0.015,0.059,0.769,0.0,0.552,0.705,0.739,0.858,0.601,0.352,0.06
2020-02-01 19:55:27,0.184,0.57,0.47,0.442,0.304,0.849,0.856,0.594,0.022,0.827,0.515,0.026,0.762,0.043,0.339,0.999,0.283,0.342,0.437,0.677,0.253,0.324,0.164,0.466,0.899,0.405,0.406,0.511,0.809,0.939,0.569,0.17,0.569,0.759,0.283,0.178,0.158,0.905,0.731,0.375,0.765,0.183,0.154,0.494,0.308,0.362,0.328,0.539,0.45,0.739,0.452,0.749,0.015,0.868,0.219,0.16,0.789,0.763,0.583,0.663,0.445,0.066,0.141,0.138,0.553,0.955,0.439,0.673,0.879,0.922,0.24,0.946,0.131,0.794,0.501,0.544,0.354,0.322,0.751,0.613,0.171,0.598,0.632,0.133,0.842,0.39,0.114,0.507,0.681,0.328,0.321,0.598,0.748,0.662,0.531,0.108,0.871,0.424,0.429,0.92,0.561,0.553,0.281,0.927,0.99,0.206,0.572,0.666,0.866,0.355,0.849,0.655,0.076,0.144,0.583,0.048,0.4,0.978,0.61,0.467,0.943,0.686,0.283,0.094,0.51,0.413,0.217,0.527,0.28,0.916,0.204,0.501,0.528,0.201,0.776,0.778,0.952,0.769,0.806,0.369,0.661,0.341,0.35,0.836,0.586,0.308,0.363,0.903,0.415,0.443,0.667,0.909,0.065,0.78,0.989,0.153,0.959,0.129,0.385,0.172,0.234,0.334,0.106,0.549,0.166,0.396,0.621,0.311,0.158,0.772,0.876,0.839,0.885,0.033,0.547,0.075,0.297,0.411,0.437,0.489,0.731,0.946,0.601,0.272,0.616,0.255,0.987,0.78,0.034,0.022,0.755,0.358,0.243,0.2,0.07,0.557,0.862,0.088,0.019,0.06,0.005,0.631,0.38,0.817,0.089,0.184,0.563,0.909,0.289,0.255,0.242,0.151,0.076,0.111,0.799,0.785,0.464,0.066,0.966,0.987,0.228,0.235,0.342,0.372,0.654,0.725,0.054,0.981,0.475,0.787,0.416,0.871,0.746,0.862,0.749,0.109,0.457,0.07,0.461,0.421,0.905,0.147,0.238,0.941,0.902,0.333,0.844,0.364,0.029,0.728,0.404,0.674,0.416,0.302,0.274,0.001,0.141,0.25,0.247,0.387,0.265,0.16,0.96,0.224,0.09,0.457,0.437,0.583,0.56,0.111,0.762,0.712,0.661,0.144,0.845,0.11,0.115,0.756,0.156,0.634,0.401,0.128,0.735,0.084,0.684,0.564,0.218,0.218,0.734,0.289,0.64,0.112,0.266,0.825,0.064,0.349,0.812,0.673,0.208,0.064,0.543,0.11,0.429,0.895,0.795,0.211,0.027,0.044,0.601,0.226,0.431,0.242,0.186,0.356,0.05,0.549,0.954,0.329,0.655,0.067,0.05,0.867,0.471,0.421,0.369,0.637,0.314,0.551,0.651,0.719,0.611,0.922,0.859,0.143,0.664,0.219,0.676,0.645,0.039,0.547,0.235,0.773,0.415,0.72,0.163,0.588,0.797,0.713,0.876,0.282,0.119,0.376,0.416,0.23,0.123,0.571,0.441,0.357,0.668,0.834,0.745,0.381,0.605,0.129,0.593,0.671,0.508,0.815,0.464,0.354,0.278,0.056,0.539,0.953,0.391,0.474,0.355,0.701,0.117,0.53,0.588,0.361,0.482,0.462,0.997,0.016,0.262,0.841,0.166,0.259,0.481,0.482,0.128,0.234,0.105,0.032,0.399,0.787,0.445,0.024,0.18,0.149,0.943,0.38,0.64,0.731,0.861,0.682,0.704,0.312,0.5,0.895,0.311,0.272,0.107,0.944,0.975,0.632,0.889,0.893,0.294,0.253,0.058,0.666,0.126,0.82,0.332,0.634,0.519,0.665,0.11,0.037,0.612,0.545,0.63,0.978,0.716,0.044,0.427,0.497,0.289,0.716,0.643,0.001,0.873,0.217,0.37,0.965,0.797,0.298,0.515,0.091,0.596,0.231,0.882,0.992,0.826,0.168,0.881,0.132,0.638,0.57,0.416,0.38,0.262,0.526,0.177,0.915,0.22,0.983,0.39,0.689,0.512,0.71,0.488,0.071,0.191,0.714,0.508,0.936,0.005,0.049,0.819,0.136,0.763,0.793,0.037,0.414,0.562,0.704,0.025,0.903,0.993,0.268,0.784,0.193,0.67,0.962,0.523,0.001,0.528,0.336,0.026,0.155,0.211,0.242,0.075,0.361,0.197,0.562,0.156,0.367
2020-02-01 19:55:27,0.706,0.362,0.329,0.816,0.304,0.833,0.212,0.462,0.133,0.912,0.113,0.466,0.876,0.494,0.324,0.219,0.914,0.654,0.264,0.696,0.719,0.874,0.598,0.618,0.386,0.313,0.92,0.943,0.831,0.75,0.486,0.267,0.517,0.957,0.054,0.561,0.134,0.516,0.938,0.659,0.116,0.068,0.062,0.328,0.421,0.113,0.499,0.519,0.393,0.825,0.614,0.037,0.429,0.532,0.528,0.973,0.704,0.025,0.786,0.567,0.34,0.328,0.176,0.238,0.755,0.123,0.066,0.193,0.045,0.629,0.808,0.315,0.506,0.017,0.366,0.816,0.473,0.259,0.45,0.388,0.956,0.889,0.512,0.902,0.647,0.015,0.292,0.601,0.785,0.394,0.52,0.717,0.045,0.97,0.708,0.284,0.278,0.524,0.232,0.835,0.712,0.792,0.687,0.995,0.624,0.083,0.667,0.227,0.508,0.691,0.428,0.646,0.781,0.861,0.234,0.247,0.714,0.698,0.58,0.81,0.783,0.916,0.905,0.2,0.412,0.155,0.42,0.64,0.149,0.75,0.424,0.649,0.263,0.284,0.3,0.811,0.65,0.895,0.249,0.511,0.628,0.815,0.362,0.981,0.12,0.71,0.162,0.156,0.305,0.357,0.495,0.524,0.962,0.314,0.698,0.196,0.471,0.732,0.986,0.75,0.491,0.321,0.627,0.372,0.848,0.3,0.697,0.463,0.494,0.918,0.141,0.809,0.747,0.919,0.686,0.256,0.995,0.34,0.547,0.111,0.727,0.529,0.125,0.741,0.545,0.957,0.459,0.213,0.658,0.256,0.478,0.699,0.866,0.046,0.359,0.038,0.815,0.615,0.864,0.526,0.024,0.053,0.328,0.72,0.282,0.598,0.565,0.588,0.548,0.691,0.588,0.091,0.385,0.533,0.534,0.723,0.961,0.794,0.465,0.255,0.553,0.73,0.177,0.479,0.888,0.347,0.314,0.999,0.434,0.657,0.704,0.586,0.228,0.643,0.701,0.574,0.924,0.601,0.885,0.527,0.593,0.617,0.371,0.53,0.542,0.38,0.058,0.884,0.626,0.512,0.408,0.14,0.566,0.764,0.318,0.353,0.633,0.268,0.633,0.249,0.61,0.866,0.405,0.256,0.939,0.831,0.17,0.583,0.002,0.28,0.979,0.029,0.651,0.624,0.155,0.845,0.593,0.003,0.773,0.187,0.803,0.535,0.961,0.095,0.852,0.591,0.431,0.693,0.804,0.466,0.339,0.42,0.139,0.079,0.364,0.336,0.582,0.26,0.137,0.633,0.464,0.037,0.604,0.953,0.553,0.268,0.659,0.139,0.284,0.64,0.348,0.332,0.559,0.703,0.254,0.32,0.493,0.703,0.678,0.603,0.679,0.459,0.088,0.033,0.415,0.603,0.096,0.278,0.739,0.021,0.912,0.344,0.794,0.35,0.738,0.429,0.823,0.674,0.611,0.024,0.435,0.221,0.206,0.908,0.527,0.632,0.499,0.092,0.238,0.353,0.111,0.057,0.084,0.642,0.783,0.318,0.712,0.905,0.22,0.846,0.221,0.546,0.306,0.644,0.47,0.256,0.101,0.287,0.566,0.141,0.766,0.697,0.53,0.347,0.225,0.794,0.284,0.604,0.619,0.767,0.904,0.374,0.826,0.732,0.873,0.867,0.861,0.887,0.728,0.681,0.419,0.281,0.09,0.45,0.108,0.909,0.635,0.673,0.895,0.975,0.575,0.911,0.932,0.365,0.431,0.42,0.055,0.093,0.578,0.047,0.581,0.053,0.597,0.084,0.91,0.936,0.522,0.653,0.314,0.767,0.123,0.658,0.4,0.799,0.078,0.156,0.531,0.63,0.189,0.62,0.209,0.246,0.396,0.773,0.823,0.073,0.29,0.001,0.933,0.112,0.076,0.277,0.98,0.442,0.881,0.782,0.765,0.369,0.64,0.778,0.391,0.36,0.255,0.71,0.311,0.858,0.575,0.757,0.647,0.845,0.526,0.515,0.339,0.629,0.515,0.022,0.799,0.631,0.115,0.307,0.204,0.622,0.817,0.624,0.55,0.318,0.2,0.191,0.666,0.705,0.406,0.95,0.719,0.256,0.181,0.572,0.288,0.233,0.629,0.436,0.132,0.756,0.914,0.985,0.144,0.89,0.618,0.697,0.325,0.005,0.351,0.476,0.057,0.782,0.329,0.637,0.7,0.232,0.668,0.667,0.012,0.843
2020-02-01 19:55:27,0.987,0.249,0.622,0.84,0.402,0.884,0.159,0.987,0.48,0.87,0.741,0.498,0.498,0.048,0.004,0.147,0.755,0.625,0.331,0.101,0.173,0.538,0.78,0.261,0.961,0.2,0.909,0.435,0.379,0.471,0.168,0.304,0.893,0.582,0.988,0.621,0.317,0.526,0.646,0.725,0.169,0.992,0.473,0.192,0.241,0.096,0.997,0.778,0.868,0.406,0.594,0.516,0.809,0.969,0.617,0.78,0.038,0.702,0.227,0.643,0.788,0.275,0.185,0.645,0.959,0.75,0.492,0.055,0.641,0.566,0.731,0.42,0.575,0.486,0.682,0.74,0.499,0.518,0.557,0.524,0.231,0.952,0.852,0.425,0.022,0.297,0.504,0.125,0.458,0.705,0.81,0.965,0.716,0.201,0.29,0.519,0.861,0.259,0.488,0.698,0.862,0.357,0.069,0.946,0.491,0.833,0.312,0.676,0.603,0.281,0.448,0.945,0.538,0.418,0.445,0.892,0.496,0.294,0.295,0.305,0.887,0.974,0.826,0.214,0.656,0.537,0.388,0.581,0.839,0.32,0.547,0.794,0.545,0.537,0.976,0.758,0.097,0.873,0.056,0.677,0.554,0.011,0.51,0.795,0.213,0.254,0.477,0.442,0.982,0.277,0.058,0.92,0.374,0.847,0.315,0.752,0.676,0.243,0.979,0.36,0.861,0.089,0.329,0.637,0.198,0.812,0.097,0.051,0.545,0.572,0.05,0.905,0.161,0.357,0.152,0.523,0.21,0.706,0.596,0.052,0.493,0.409,0.714,0.978,0.131,0.704,0.9,0.824,0.156,0.196,0.051,0.479,0.371,0.568,0.015,0.133,0.811,0.745,0.184,0.895,0.188,0.329,0.347,0.084,0.92,0.928,0.587,0.093,0.825,0.535,0.079,0.595,0.838,0.733,0.33,0.2,0.016,0.198,0.873,0.46,0.811,0.311,0.1,0.803,0.651,0.961,0.691,0.052,0.058,0.516,0.905,0.692,0.287,0.051,0.884,0.01,0.594,0.643,0.411,0.223,0.336,0.626,0.168,0.531,0.086,0.571,0.898,0.279,0.867,0.27,0.248,0.48,0.51,0.409,0.807,0.769,0.893,0.552,0.975,0.016,0.215,0.691,0.464,0.064,0.277,0.065,0.661,0.414,0.243,0.404,0.338,0.474,0.879,0.591,0.393,0.029,0.226,0.396,0.989,0.724,0.681,0.72,0.583,0.499,0.394,0.538,0.874,0.8,0.221,0.786,0.554,0.127,0.302,0.497,0.121,0.515,0.436,0.975,0.097,0.895,0.674,0.179,0.235,0.586,0.479,0.749,0.303,0.529,0.929,0.286,0.762,0.846,0.142,0.099,0.728,0.433,0.281,0.792,0.693,0.735,0.941,0.033,0.17,0.983,0.012,0.476,0.795,0.95,0.721,0.861,0.446,0.122,0.385,0.183,0.189,0.92,0.768,0.699,0.586,0.924,0.247,0.434,0.123,0.578,0.98,0.563,0.082,0.105,0.419,0.387,0.368,0.431,0.816,0.33,0.82,0.351,0.269,0.369,0.832,0.361,0.519,0.999,0.48,0.088,0.862,0.071,0.915,0.706,0.886,0.711,0.236,0.339,0.918,0.371,0.875,0.29,0.18,0.915,0.002,0.503,0.362,0.178,0.423,0.733,0.45,0.662,0.052,0.526,0.31,0.765,0.907,0.59,0.143,0.018,0.307,0.31,0.551,0.072,0.092,0.97,0.67,0.752,0.987,0.623,0.468,0.054,0.619,0.136,0.987,0.472,0.35,0.552,0.355,0.199,0.103,0.69,0.744,0.512,0.493,0.712,0.141,0.983,0.222,0.524,0.898,0.148,0.03,0.281,0.733,0.921,0.671,0.228,0.988,0.856,0.055,0.651,0.933,0.047,0.324,0.824,0.681,0.544,0.147,0.734,0.379,0.607,0.756,0.234,0.558,0.454,0.224,0.266,0.165,0.237,0.08,0.39,0.618,0.893,0.725,0.031,0.369,0.735,0.004,0.739,0.344,0.495,0.587,0.97,0.852,0.3,0.334,0.333,0.659,0.24,0.593,0.213,0.905,0.611,0.354,0.559,0.014,0.909,0.496,0.179,0.708,0.131,0.102,0.738,0.425,0.836,0.008,0.493,0.515,0.466,0.371,0.146,0.983,0.787,0.785,0.847,0.906,0.734,0.24,0.696,0.627,0.394,0.258,0.972,0.622,0.413,0.079,0.316
2020-02-01 19:55:27,0.481,0.075,0.826,0.721,0.493,0.09,0.946,0.364,0.528,0.202,0.284,0.184,0.908,0.682,0.546,0.327,0.726,0.823,0.585,0.832,0.887,0.238,0.675,0.186,0.568,0.18,0.239,0.923,0.942,0.328,0.595,0.566,0.733,0.488,0.243,0.587,0.757,0.941,0.771,0.109,0.756,0.797,0.036,0.5,0.746,0.475,0.806,0.917,0.364,0.178,0.73,0.872,0.717,0.448,0.449,0.495,0.82,0.024,0.792,0.393,0.095,0.397,0.563,0.876,0.226,0.453,0.532,0.804,0.041,0.698,0.929,0.034,0.81,0.943,0.157,0.85,0.202,0.639,0.992,0.894,0.817,0.785,0.387,0.716,0.404,0.111,0.024,0.736,0.053,0.926,0.499,0.533,0.831,0.624,0.743,0.409,0.104,0.602,0.551,0.687,0.516,0.469,0.73,0.974,0.265,0.541,0.349,0.484,0.405,0.179,0.407,0.353,0.257,0.221,0.932,0.771,0.995,0.103,0.339,0.718,0.62,0.402,0.148,0.664,0.905,0.075,0.784,0.075,0.498,0.152,0.629,0.486,0.319,0.052,0.508,0.182,0.64,0.903,0.722,0.715,0.108,0.88,0.999,0.569,0.146,0.541,0.496,0.801,0.07,0.724,0.867,0.989,0.478,0.214,0.798,0.031,0.782,0.262,0.739,0.967,0.945,0.645,0.893,0.462,0.655,0.483,0.236,0.005,0.026,0.807,0.101,0.271,0.814,0.852,0.157,0.848,0.807,0.773,0.299,0.769,0.406,0.925,0.772,0.947,0.294,0.806,0.341,0.978,0.046,0.934,0.127,0.101,0.237,0.129,0.92,0.374,0.619,0.787,0.354,0.022,0.427,0.737,0.365,0.857,0.439,0.174,0.268,0.666,0.129,0.784,0.037,0.633,0.42,0.728,0.944,0.988,0.268,0.554,0.142,0.899,0.301,0.542,0.158,0.047,0.951,0.267,0.043,0.158,0.104,0.171,0.32,0.626,0.955,0.555,0.681,0.895,0.867,0.52,0.679,0.227,0.44,0.455,0.426,0.176,0.231,0.536,0.872,0.473,0.287,0.325,0.876,0.426,0.158,0.722,0.614,0.387,0.71,0.692,0.781,0.687,0.188,0.064,0.683,0.342,0.915,0.878,0.353,0.611,0.562,0.086,0.211,0.292,0.173,0.407,0.882,0.474,0.424,0.043,0.736,0.95,0.544,0.304,0.797,0.976,0.164,0.915,0.816,0.263,0.505,0.869,0.247,0.879,0.268,0.694,0.007,0.794,0.62,0.001,0.791,0.619,0.265,0.842,0.987,0.492,0.05,0.097,0.068,0.936,0.046,0.097,0.149,0.303,0.59,0.985,0.128,0.253,0.375,0.189,0.344,0.599,0.132,0.852,0.592,0.198,0.378,0.411,0.558,0.056,0.76,0.79,0.602,0.484,0.497,0.141,0.331,0.362,0.56,0.202,0.208,0.665,0.243,0.068,0.913,0.218,0.223,0.568,0.72,0.419,0.277,0.858,0.286,0.089,0.071,0.934,0.782,0.166,0.948,0.068,0.067,0.395,0.009,0.032,0.888,0.904,0.264,0.152,0.247,0.326,0.01,0.817,0.567,0.151,0.912,0.949,0.732,0.798,0.555,0.114,0.937,0.155,0.786,0.797,0.763,0.773,0.95,0.273,0.925,0.336,0.582,0.499,0.132,0.395,0.331,0.736,0.486,0.203,0.908,0.556,0.392,0.077,0.459,0.036,0.489,0.175,0.248,0.659,0.278,0.841,0.231,0.804,0.775,0.296,0.075,0.938,0.816,0.689,0.324,0.809,0.948,0.171,0.463,0.241,0.861,0.413,0.223,0.95,0.419,0.508,0.059,0.386,0.409,0.696,0.498,0.436,0.043,0.192,0.064,0.069,0.877,0.826,0.141,0.508,0.844,0.714,0.448,0.994,0.496,0.471,0.604,0.567,0.474,0.015,0.999,0.309,0.04,0.877,0.358,0.05,0.409,0.668,0.824,0.116,0.185,0.209,0.997,0.408,0.493,0.314,0.239,0.139,0.328,0.454,0.279,0.455,0.695,0.109,0.889,0.653,0.708,0.537,0.226,0.071,0.313,0.872,0.58,0.523,0.036,0.32,0.959,0.207,0.35,0.491,0.86,0.11,0.417,0.965,0.952,0.956,0.659,0.193,0.772,0.343,0.208,0.051,0.061,0.721,0.187,0.841,0.703,0.043,0.549,0.399
2020-02-01 19:55:27,0.966,0.738,0.071,0.418,0.379,0.031,0.268,0.855,0.549,0.806,0.048,0.041,0.622,0.614,0.803,0.072,0.53,0.094,0.43,0.337,0.884,0.275,0.765,0.998,0.332,0.757,0.021,0.868,0.644,0.689,0.633,0.158,0.006,0.95,0.892,0.182,0.256,0.687,0.542,0.508,0.896,0.664,0.225,0.75,0.385,0.197,0.238,0.706,0.585,0.282,0.605,0.937,0.797,0.539,0.147,0.329,0.967,0.691,0.95,0.256,0.463,0.134,0.785,0.798,0.218,0.26,0.151,0.863,0.218,0.137,0.899,0.744,0.085,0.433,0.839,0.031,0.378,0.949,0.449,0.003,0.063,0.76,0.428,0.8,0.426,0.429,0.06,0.123,0.467,0.315,0.497,0.69,0.459,0.665,0.968,0.618,0.341,0.495,0.485,0.017,0.838,0.206,0.768,0.469,0.462,0.968,0.974,0.073,0.926,0.251,0.314,0.755,0.068,0.517,0.024,0.14,0.127,0.252,0.048,0.622,0.01,0.728,0.941,0.21,0.725,0.991,0.215,0.541,0.048,0.708,0.111,0.09,0.894,0.973,0.774,0.981,0.008,0.232,0.615,0.854,0.075,0.324,0.721,0.987,0.769,0.482,0.29,0.761,0.549,0.764,0.438,0.735,0.895,0.55,0.164,0.909,0.156,0.662,0.312,0.505,0.047,0.338,0.978,0.641,0.586,0.69,0.501,0.168,0.564,0.154,0.89,0.303,0.462,0.679,0.568,0.222,0.932,0.039,0.047,0.091,0.622,0.856,0.352,0.393,0.281,0.471,0.58,0.67,0.659,0.219,0.099,0.859,0.5,0.998,0.567,0.077,0.127,0.125,0.051,0.829,0.336,0.53,0.742,0.259,0.554,0.973,0.131,0.95,0.757,0.75,0.836,0.678,0.756,0.061,0.902,0.195,0.603,0.59,0.091,0.056,0.147,0.505,0.816,0.583,0.707,0.466,0.591,0.504,0.156,0.381,0.068,0.993,0.139,0.807,0.058,0.252,0.087,0.826,0.07,0.852,0.24,0.48,0.38,0.283,0.553,0.628,0.07,0.919,0.075,0.834,0.421,0.543,0.189,0.743,0.593,0.802,0.263,0.596,0.832,0.994,0.753,0.796,0.5,0.969,0.642,0.492,0.056,0.132,0.603,0.306,0.558,0.469,0.559,0.914,0.372,0.241,0.451,0.986,0.107,0.955,0.223,0.931,0.153,0.151,0.262,0.875,0.902,0.521,0.948,0.919,0.423,0.791,0.19,0.227,0.183,0.858,0.041,0.593,0.549,0.114,0.693,0.665,0.136,0.937,0.443,0.177,0.795,0.981,0.874,0.588,0.489,0.493,0.464,0.964,0.433,0.985,0.241,0.106,0.976,0.98,0.063,0.18,0.933,0.976,0.182,0.962,0.432,0.731,0.811,0.595,0.011,0.948,0.31,0.204,0.266,0.55,0.78,0.009,0.188,0.537,0.725,0.768,0.134,0.5,0.321,0.866,0.016,0.079,0.594,0.956,0.459,0.638,0.453,0.052,0.807,0.576,0.646,0.903,0.816,0.587,0.808,0.911,0.709,0.345,0.859,0.217,0.204,0.135,0.485,0.757,0.038,0.656,0.168,0.456,0.518,0.802,0.785,0.409,0.595,0.291,0.971,0.956,0.679,0.685,0.178,0.512,0.878,0.508,0.623,0.111,0.051,0.181,0.29,0.329,0.605,0.136,0.774,0.569,0.074,0.312,0.659,0.822,0.417,0.576,0.768,0.065,0.018,0.472,0.24,0.004,0.677,0.161,0.295,0.982,0.727,0.144,0.303,0.063,0.277,0.395,0.455,0.892,0.015,0.747,0.037,0.612,0.569,0.213,0.229,0.862,0.469,0.784,0.328,0.925,0.952,0.71,0.864,0.055,0.248,0.202,0.295,0.227,0.257,0.412,0.67,0.679,0.337,0.764,0.722,0.016,0.365,0.709,0.841,0.956,0.041,0.973,0.946,0.551,0.235,0.999,0.953,0.501,0.621,0.8,0.328,0.535,0.726,0.501,0.132,0.12,0.262,0.146,0.737,0.977,0.503,0.485,0.316,0.151,0.746,0.196,0.225,0.352,0.163,0.156,0.422,0.329,0.828,0.997,0.139,0.148,0.997,0.869,0.334,0.669,0.326,0.546,0.866,0.06,0.749,0.606,0.13,0.469,0.42,0.169,0.116,0.992,0.023,0.035,0.636,0.139,0.259,0.913
2020-02-01 19:55:27,0.408,0.486,0.853,0.59,0.027,0.46,0.327,0.846,0.524,0.406,0.872,0.819,0.547,0.978,0.916,0.605,0.153,0.871,0.103,0.546,0.398,0.193,0.385,0.981,0.037,0.009,0.002,0.322,0.912,0.345,0.756,0.633,0.372,0.725,0.124,0.54,0.695,0.622,0.197,0.426,0.216,0.052,0.717,0.537,0.204,0.799,0.495,0.808,0.84,0.97,0.601,0.499,0.633,0.929,0.456,0.763,0.064,0.7,0.333,0.268,0.364,0.818,0.939,0.535,0.212,0.501,0.398,0.871,0.073,0.239,0.565,0.87,0.788,0.27,0.827,0.414,0.028,0.06,0.696,0.429,0.847,0.208,0.106,0.73,0.555,0.78,0.652,0.022,0.0,0.148,0.015,0.64,0.144,0.614,0.734,0.255,0.128,0.24,0.437,0.194,0.835,0.083,0.997,0.918,0.881,0.821,0.611,0.569,0.284,0.874,0.597,0.756,0.019,0.807,0.301,0.204,0.382,0.514,0.749,0.364,0.615,0.004,0.76,0.46,0.381,0.326,0.064,0.871,0.76,0.17,0.087,0.433,0.55,0.468,0.659,0.074,0.054,0.366,0.472,0.284,0.036,0.874,0.269,0.443,0.303,0.728,0.172,0.946,0.988,0.38,0.746,0.176,0.962,0.175,0.204,0.629,0.578,0.329,0.94,0.573,0.246,0.989,0.668,0.899,0.31,0.725,0.606,0.077,0.752,0.858,0.118,0.451,0.351,0.747,0.666,0.466,0.714,0.453,0.543,0.898,0.747,0.27,0.101,0.819,0.183,0.62,0.909,0.166,0.784,0.83,0.962,0.475,0.935,0.308,0.077,0.621,0.496,0.447,0.138,0.952,0.439,0.113,0.215,0.379,0.637,0.257,0.806,0.993,0.928,0.309,0.517,0.554,0.728,0.332,0.174,0.226,0.759,0.48,0.833,0.146,0.794,0.773,0.94,0.309,0.269,0.37,0.082,0.89,0.045,0.819,0.346,0.146,0.644,0.624,0.674,0.635,0.876,0.079,0.162,0.26,0.585,0.343,0.379,0.34,0.316,0.022,0.89,0.354,0.613,0.919,0.876,0.678,0.718,0.361,0.139,0.49,0.85,0.364,0.863,0.523,0.676,0.523,0.803,0.499,0.556,0.494,0.621,0.632,0.669,0.045,0.084,0.025,0.143,0.061,0.111,0.153,0.734,0.461,0.857,0.16,0.395,0.126,0.778,0.472,0.519,0.582,0.758,0.227,0.399,0.023,0.145,0.556,0.867,0.395,0.656,0.448,0.232,0.743,0.61,0.839,0.295,0.101,0.359,0.307,0.902,0.694,0.926,0.667,0.457,0.861,0.295,0.467,0.076,0.455,0.827,0.449,0.508,0.195,0.643,0.6,0.941,0.489,0.267,0.992,0.501,0.959,0.968,0.212,0.862,0.39,0.526,0.183,0.087,0.42,0.132,0.457,0.836,0.448,0.516,0.236,0.668,0.413,0.338,0.098,0.464,0.845,0.372,0.827,0.593,0.986,0.822,0.981,0.882,0.25,0.633,0.487,0.198,0.299,0.615,0.266,0.636,0.778,0.406,0.042,0.077,0.952,0.869,0.287,0.866,0.107,0.239,0.532,0.58,0.282,0.096,0.998,0.024,0.843,0.507,0.863,0.208,0.062,0.64,0.448,0.515,0.515,0.617,0.3,0.42,0.741,0.863,0.327,0.527,0.153,0.929,0.66,0.098,0.151,0.524,0.109,0.731,0.046,0.759,0.446,0.064,0.292,0.025,0.431,0.297,0.618,0.507,0.895,0.626,0.49,0.408,0.126,0.648,0.759,0.535,0.45,0.836,0.535,0.065,0.411,0.334,0.343,0.188,0.272,0.259,0.576,0.61,0.098,0.137,0.995,0.087,0.541,0.753,0.76,0.519,0.271,0.412,0.982,0.693,0.704,0.202,0.039,0.537,0.562,0.041,0.289,0.993,0.001,0.161,0.271,0.765,0.194,0.502,0.72,0.917,0.882,0.986,0.211,0.655,0.576,0.149,0.658,0.604,0.478,0.891,1.0,0.167,0.277,0.479,0.812,0.662,0.507,0.88,0.988,0.865,0.799,0.969,0.543,0.12,0.274,0.641,0.178,0.532,0.99,0.144,0.344,0.697,0.112,0.746,0.124,0.605,0.354,0.112,0.067,0.326,0.105,0.648,0.337,0.975,0.247,0.426,0.87,0.2,0.71,0.71,0.809,0.509,0.181
2020-02-01 19:55:27,0.447,0.436,0.669,0.98,0.506,0.104,0.779,0.736,0.259,0.884,0.194,0.886,0.863,0.815,0.177,0.801,0.793,0.041,0.019,0.694,0.839,0.06,0.898,0.172,0.558,0.423,0.746,0.867,0.49,0.055,0.718,0.536,0.768,0.224,0.631,0.561,0.152,0.151,0.032,0.584,0.781,0.706,0.24,0.504,0.971,0.425,0.701,0.713,0.59,0.102,0.242,0.53,0.638,0.616,0.027,0.416,0.249,0.229,0.919,0.229,0.682,0.391,0.83,0.894,0.646,0.309,0.849,0.227,0.452,0.135,0.36,0.745,0.016,0.508,0.863,0.177,0.278,0.093,0.658,0.878,0.857,0.326,0.979,0.665,0.733,0.287,0.043,0.605,0.126,0.54,0.906,0.249,0.475,0.768,0.632,0.313,0.651,0.685,0.858,0.344,0.308,0.036,0.394,0.803,0.39,0.442,0.892,0.726,0.529,0.578,0.409,0.075,0.104,0.164,0.965,0.358,0.342,0.278,0.311,0.956,0.282,0.538,0.66,0.731,0.342,0.893,0.565,0.36,0.723,0.415,0.547,0.788,0.535,0.507,0.496,0.822,0.538,0.417,0.555,0.277,0.601,0.868,0.946,0.833,0.258,0.978,0.105,0.064,0.54,0.517,0.985,0.481,0.084,0.724,0.075,0.255,0.532,0.855,0.356,0.702,0.062,0.766,0.336,0.754,0.357,0.799,0.417,0.491,0.935,0.622,0.391,0.654,0.414,0.758,0.178,0.202,0.87,0.948,0.138,0.193,0.261,0.763,0.69,0.529,0.573,0.286,0.061,0.52,0.246,0.919,0.346,0.928,0.497,0.304,0.899,0.22,0.702,0.171,0.602,0.172,0.942,0.335,0.968,0.781,0.719,0.033,0.447,0.126,0.566,0.807,0.558,0.837,0.146,0.22,0.707,0.46,0.345,0.313,0.508,0.754,0.053,0.461,0.132,0.346,0.721,0.602,0.936,0.545,0.382,0.483,0.827,0.015,0.466,0.216,0.339,0.339,0.822,0.96,0.937,0.579,0.418,0.636,0.661,0.672,0.247,0.043,0.618,0.123,0.601,0.009,0.244,0.453,0.034,0.083,0.589,0.074,0.795,0.264,0.279,0.681,0.535,0.657,0.345,0.289,0.438,0.402,0.367,0.92,0.671,0.711,0.221,0.409,0.03,0.651,0.072,0.331,0.875,0.489,0.885,0.611,0.561,0.752,0.686,0.743,0.78,0.974,0.934,0.918,0.134,0.313,0.166,0.339,0.197,0.437,0.515,0.07,0.389,0.948,0.065,0.077,0.135,0.241,0.876,0.797,0.015,0.646,0.314,0.616,0.33,0.636,0.681,0.326,0.796,0.871,0.741,0.401,0.834,0.509,0.027,0.736,0.9,0.319,0.517,0.643,0.142,0.309,0.979,0.68,0.045,0.86,0.835,0.812,0.219,0.855,0.613,0.514,0.755,0.049,0.072,0.389,0.27,0.187,0.032,0.782,0.211,0.595,0.628,0.837,0.984,0.951,0.341,0.7,0.763,0.486,0.227,0.714,0.033,0.561,0.238,0.989,0.362,0.619,0.919,0.851,0.121,0.948,0.865,0.479,0.765,0.181,0.352,0.052,0.491,0.27,0.502,0.202,0.406,0.658,0.105,0.081,0.607,0.581,0.355,0.46,0.848,0.764,0.146,0.875,0.503,0.748,0.984,0.492,0.593,0.012,0.48,0.935,0.875,0.829,0.227,0.417,0.451,0.377,0.615,0.265,0.832,0.338,0.307,0.577,0.54,0.858,0.574,0.502,0.103,0.678,0.59,0.267,0.962,0.821,0.549,0.998,0.901,0.246,0.419,0.003,0.45,0.736,0.199,0.379,0.683,0.077,0.665,0.649,0.35,0.681,0.907,0.524,0.146,0.589,0.509,0.237,0.759,0.358,0.345,0.165,0.848,0.54,0.709,0.626,0.36,0.793,0.178,0.969,0.62,0.045,0.787,0.927,0.929,0.296,0.443,0.318,0.565,0.222,0.133,0.792,0.705,0.181,0.576,0.517,0.857,0.089,0.331,0.989,0.087,0.885,0.962,0.876,0.465,0.555,0.536,0.378,0.151,0.972,0.885,0.667,0.162,0.251,0.093,0.452,0.665,0.741,0.667,0.516,0.277,0.572,0.907,0.03,0.323,0.412,0.95,0.687,0.225,0.152,0.613,0.422,0.865,0.451,0.962,0.016,0.881,0.875,0.437,0.107
2020-02-01 19:55:27,0.663,0.19,0.735,0.556,0.061,0.847,0.507,0.301,0.349,0.444,0.462,0.192,0.212,0.088,0.135,0.758,0.529,0.092,0.809,0.68,0.757,0.312,0.764,0.792,0.814,0.16,0.399,0.238,0.308,0.321,0.668,0.476,0.873,0.375,0.303,0.404,0.438,0.662,0.163,0.839,0.533,0.285,0.735,0.772,0.377,0.284,0.941,0.757,0.624,0.343,0.946,0.334,0.272,0.458,0.872,0.372,0.251,0.181,0.832,0.427,0.34,0.91,0.431,0.499,0.295,0.318,0.922,0.812,0.778,0.248,0.912,0.25,0.502,0.908,0.833,0.622,0.454,0.5,0.281,0.331,0.12,0.509,0.558,0.286,0.867,0.806,0.305,0.512,0.308,0.824,0.196,0.518,0.971,0.588,0.103,0.551,0.033,0.821,0.326,0.123,0.107,0.414,0.473,0.445,0.719,0.093,0.501,0.013,0.414,0.636,0.726,0.44,0.034,0.726,0.512,0.893,0.18,0.976,0.63,0.891,0.383,0.829,0.727,0.188,0.23,0.16,0.945,0.778,0.736,0.879,0.958,0.218,0.734,0.815,0.583,0.61,0.943,0.182,0.637,0.056,0.287,0.254,0.564,0.371,0.375,0.439,0.313,0.634,0.158,0.501,0.499,0.436,0.359,0.777,0.482,0.366,0.821,0.108,0.366,0.682,0.066,0.329,0.854,0.799,0.093,0.148,0.734,0.696,0.571,0.665,0.538,0.404,0.005,0.541,0.069,0.352,0.791,0.002,0.081,0.864,0.146,0.692,0.58,0.484,0.081,0.824,0.065,0.94,0.899,0.7,0.42,0.334,0.683,0.712,0.328,0.288,0.883,0.251,0.796,0.398,0.855,0.18,0.834,0.702,0.8,0.178,0.647,0.188,0.878,0.73,0.548,0.756,0.057,0.415,0.086,0.731,0.135,0.381,0.203,0.32,0.676,0.308,0.076,0.031,0.161,0.69,0.102,0.145,0.577,0.622,0.039,0.067,0.863,0.962,0.523,0.673,0.898,0.71,0.302,0.02,0.697,0.002,0.999,0.313,0.151,0.503,0.483,0.443,0.38,0.889,0.907,0.193,0.099,0.613,0.295,0.96,0.332,0.157,0.089,0.59,0.574,0.731,0.449,0.28,0.838,0.436,0.576,0.669,0.376,0.88,0.353,0.723,0.863,0.286,0.848,0.861,0.623,0.028,0.997,0.068,0.468,0.057,0.226,0.479,0.191,0.771,0.755,0.812,0.731,0.812,0.98,0.868,0.519,0.005,0.797,0.071,0.344,0.5,0.028,0.911,0.592,0.151,0.669,0.023,0.305,0.239,0.975,0.181,0.15,0.397,0.417,0.219,0.675,0.854,0.587,0.108,0.036,0.05,0.773,0.013,0.053,0.368,0.248,0.087,0.302,0.422,0.205,0.442,0.072,0.524,0.206,0.361,0.699,0.379,0.304,0.579,0.156,0.631,0.104,0.921,0.048,0.553,0.881,0.805,0.835,0.958,0.971,0.364,0.671,0.578,0.574,0.235,0.306,0.303,0.31,0.673,0.488,0.158,0.576,0.37,0.494,0.155,0.141,0.747,0.354,0.05,0.882,0.449,0.826,0.086,0.779,0.924,0.763,0.988,0.052,0.844,0.672,0.555,0.759,0.222,0.611,0.032,0.078,0.666,0.16,0.999,0.686,0.632,0.585,0.237,0.253,0.569,0.295,0.788,0.497,0.203,0.634,0.396,0.67,0.732,0.731,0.236,0.285,0.074,0.786,0.007,0.135,0.561,0.628,0.337,0.897,0.544,0.435,0.229,0.616,0.457,0.984,0.681,0.343,0.43,0.525,0.275,0.497,0.741,0.081,0.93,0.872,0.734,0.868,0.453,0.034,0.095,0.942,0.313,0.74,0.492,0.459,0.743,0.977,0.327,0.812,0.011,0.585,0.565,0.717,0.86,0.572,0.069,0.609,0.109,0.901,0.589,0.915,0.202,0.492,0.515,0.928,0.49,0.839,0.439,0.877,0.309,0.384,0.149,0.534,0.489,0.697,0.472,0.291,0.849,0.933,0.188,0.217,0.365,0.668,0.924,0.46,0.233,0.832,0.07,0.554,0.724,0.871,0.65,0.458,0.846,0.391,0.938,0.543,0.504,0.623,0.278,0.478,0.969,0.305,0.086,0.638,0.487,0.351,0.863,0.777,0.856,0.094,0.24,0.292,0.959,0.56,0.808,0.569,0.948,0.903,0.951
2020-02-01 19:55:27,0.884,0.399,0.768,0.493,0.847,0.992,0.286,0.364,0.852,0.206,0.817,0.961,0.528,0.515,0.575,0.884,0.705,0.257,0.514,0.704,0.445,0.09,0.533,0.982,0.016,0.696,0.697,0.028,0.006,0.814,0.604,0.808,0.989,0.7,0.142,0.447,0.745,0.345,0.718,0.235,0.116,0.498,0.379,0.826,0.2,0.226,0.848,0.096,0.227,0.378,0.766,0.044,0.32,0.303,0.961,0.783,0.554,0.902,0.951,0.257,0.847,0.999,0.142,0.944,0.104,0.116,0.711,0.467,0.96,0.511,0.714,0.145,0.939,0.26,0.974,0.035,0.77,0.95,0.281,0.242,0.069,0.807,0.343,0.078,0.377,0.958,0.753,0.118,0.402,0.469,0.024,0.798,0.45,0.743,0.923,0.989,0.364,0.493,0.269,0.281,0.948,0.204,0.039,0.601,0.273,0.268,0.731,0.434,0.311,0.471,0.913,0.199,0.291,0.879,0.816,0.481,0.204,0.941,0.312,0.7,0.826,1.0,0.23,0.964,0.181,0.864,0.938,0.718,0.685,0.809,0.198,0.078,0.134,0.087,0.365,0.933,0.879,0.552,0.734,0.197,0.254,0.218,0.462,0.149,0.194,0.238,0.669,0.793,0.637,0.616,0.738,0.986,0.989,0.069,0.725,0.127,0.814,0.877,0.471,0.78,0.14,0.24,0.098,0.84,0.914,0.081,0.448,0.501,0.745,0.959,0.863,0.811,0.017,0.258,0.435,0.027,0.846,0.997,0.627,0.387,0.158,0.058,0.189,0.776,0.149,0.664,0.479,0.239,0.325,0.714,0.678,0.058,0.098,0.655,0.257,0.574,0.692,0.726,0.274,0.572,0.179,0.245,0.204,0.488,0.893,0.934,0.283,0.314,0.226,0.791,0.992,0.815,0.581,0.916,0.924,0.709,0.308,0.819,0.341,0.103,0.479,0.235,0.04,0.552,0.855,0.049,0.233,0.144,0.341,0.225,0.936,0.075,0.874,0.504,0.253,0.302,0.497,0.157,0.938,0.681,0.053,0.983,0.892,0.995,0.971,0.68,0.177,0.962,0.02,0.854,0.83,0.591,0.312,0.3,0.996,0.24,0.213,0.57,0.085,0.126,0.032,0.918,0.727,0.516,0.187,0.912,0.229,0.607,0.64,0.751,0.189,0.599,0.496,0.142,0.815,0.254,0.846,0.5,0.215,0.235,0.742,0.264,0.326,0.062,0.23,0.896,0.211,0.622,0.651,0.841,0.221,0.586,0.57,0.562,0.256,0.001,0.411,0.067,0.324,0.597,0.915,0.091,0.986,0.456,0.109,0.207,0.02,0.231,0.024,0.983,0.356,0.484,0.514,0.931,0.153,0.256,0.773,0.689,0.282,0.403,0.462,0.748,0.387,0.975,0.662,0.864,0.026,0.514,0.058,0.043,0.564,0.61,0.9,0.275,0.043,0.917,0.781,0.92,0.026,0.986,0.44,0.712,0.445,0.933,0.806,0.451,0.546,0.591,0.992,0.272,0.907,0.533,0.599,0.293,0.646,0.021,0.153,0.309,0.304,0.53,0.162,0.535,0.39,0.918,0.757,0.73,0.775,0.041,0.714,0.81,0.954,0.405,0.833,0.513,0.563,0.796,0.705,0.131,0.46,0.53,0.429,0.572,0.457,0.031,0.637,0.106,0.159,0.903,0.96,0.337,0.715,0.096,0.019,0.043,0.734,0.295,0.091,0.592,0.617,0.097,0.64,0.656,0.972,0.947,0.033,0.431,0.407,0.282,0.651,0.013,0.481,0.882,0.334,0.341,0.632,0.764,0.973,0.854,0.266,0.41,0.221,0.206,0.813,0.325,0.577,0.329,0.047,0.321,0.982,0.02,0.039,0.201,0.604,0.525,0.463,0.942,0.267,0.776,0.94,0.061,0.406,0.016,0.978,0.021,0.767,0.877,0.753,0.277,0.214,0.871,0.938,0.257,0.746,0.304,0.634,0.275,0.755,0.588,0.912,0.635,0.266,0.697,0.434,0.031,0.862,0.371,0.014,0.297,0.159,0.85,0.982,0.332,0.354,0.517,0.092,0.409,0.737,0.489,0.217,0.061,0.556,0.89,0.388,0.43,0.13,0.302,0.929,0.81,0.838,0.241,0.496,0.884,0.501,0.423,0.441,0.005,0.618,0.392,0.807,0.652,0.24,0.463,0.318,0.36,0.682,0.931,0.826,0.083,0.435,0.684,0.582,0.576
2020-02-01 19:55:27,0.198,0.926,0.646,0.305,0.623,0.168,0.923,0.19,0.501,0.532,0.532,0.064,0.173,0.488,0.295,0.011,0.372,0.453,0.076,0.013,0.365,0.176,0.58,0.101,0.282,0.028,0.465,0.909,0.5,0.647,0.786,0.468,0.049,0.762,0.517,0.13,0.345,0.809,0.768,0.754,0.905,0.755,0.476,0.006,0.199,0.187,0.119,0.928,0.394,0.473,0.98,0.623,0.992,0.052,0.918,0.743,0.911,0.292,0.752,0.888,0.335,0.085,0.748,0.37,0.138,0.878,0.566,0.84,0.285,0.856,0.257,0.55,0.13,0.872,0.272,0.486,0.06,0.765,0.526,0.318,0.209,0.141,0.349,0.068,0.212,0.866,0.875,0.363,0.829,0.5,0.681,0.96,0.494,0.594,0.462,0.774,0.7,0.999,0.134,0.391,0.125,0.178,0.317,0.438,0.314,0.982,0.17,0.362,0.427,0.322,0.913,0.981,0.655,0.465,0.356,0.634,0.263,0.876,0.155,0.314,0.366,0.922,0.209,0.391,0.462,0.082,0.304,0.005,0.651,0.616,0.88,0.7,0.084,0.086,0.534,0.084,0.864,0.611,0.053,0.692,0.323,0.671,0.234,0.782,0.562,0.032,0.389,0.311,0.724,0.598,0.107,0.961,0.724,0.393,0.887,0.659,0.067,0.456,0.452,0.907,0.126,0.013,0.507,0.929,0.902,0.784,0.016,0.721,0.224,0.055,0.778,0.109,0.175,0.091,0.102,0.366,0.772,0.972,0.812,0.151,0.123,0.122,0.511,0.874,0.406,0.513,0.56,0.479,0.24,0.918,0.804,0.328,0.048,0.524,0.51,0.298,0.588,0.29,0.088,0.155,0.064,0.816,0.387,0.471,0.241,0.959,0.329,0.626,0.628,0.426,0.427,0.33,0.674,0.402,0.866,0.019,0.005,0.789,0.25,0.392,0.652,0.43,0.164,0.095,0.344,0.57,0.988,0.441,0.528,0.137,0.659,0.854,0.238,0.393,0.935,0.437,0.483,0.113,0.81,0.907,0.099,0.847,0.087,0.226,0.939,0.987,0.075,0.635,0.483,0.574,0.34,0.072,0.427,0.193,0.146,0.215,0.965,0.823,0.385,0.352,0.354,0.135,0.866,0.104,0.061,0.548,0.437,0.46,0.239,0.04,0.978,0.701,0.887,0.065,0.363,0.557,0.432,0.522,0.052,0.612,0.527,0.596,0.975,0.361,0.014,0.48,0.497,0.776,0.038,0.431,0.876,0.023,0.513,0.211,0.051,0.548,0.848,0.527,0.7,0.341,0.327,0.651,0.07,0.127,0.808,0.721,0.98,0.2,0.306,0.926,0.673,0.206,0.027,0.681,0.846,0.17,0.193,0.725,0.332,0.324,0.442,0.06,0.797,0.65,0.927,0.391,0.668,0.184,0.66,0.078,0.177,0.025,0.034,0.706,0.278,0.675,0.495,0.583,0.274,0.065,0.552,0.728,0.02,0.742,0.769,0.949,0.734,0.358,0.893,0.836,0.304,0.911,0.613,0.44,0.136,0.195,0.814,0.694,0.172,0.688,0.3,0.685,0.678,0.6,0.597,0.139,0.515,0.463,0.432,0.076,0.578,0.97,0.323,0.347,0.861,0.175,0.563,0.515,0.616,0.619,0.885,0.075,0.008,0.906,0.554,0.406,0.072,0.098,0.328,0.798,0.721,0.467,0.202,0.187,0.474,0.612,0.092,0.474,0.919,0.85,0.269,0.748,0.776,0.972,0.709,0.451,0.467,0.05,0.593,0.301,0.241,0.866,0.298,0.268,0.766,0.287,0.145,0.059,0.741,0.705,0.806,0.903,0.495,0.182,0.991,0.544,0.937,0.944,0.226,0.825,0.532,0.774,0.428,0.336,0.654,0.434,0.476,0.459,0.35,0.54,0.811,0.794,0.927,0.67,0.546,0.743,0.666,0.993,0.265,0.662,0.685,0.165,0.964,0.537,0.972,0.868,0.314,0.388,0.665,0.719,0.11,0.479,0.202,0.6,0.467,0.75,0.845,0.96,0.352,0.239,0.609,0.682,0.484,0.337,0.237,0.424,0.954,0.678,0.854,0.392,0.936,0.455,0.243,0.149,0.665,0.006,0.653,0.96,0.802,0.349,0.98,0.079,0.971,0.022,0.682,0.597,0.619,0.974,0.595,0.115,0.979,0.458,0.443,0.152,0.438,0.971,0.345,0.306,0.805,0.226,0.034,0.624
2020-02-01 19:55:27,0.27,0.811,0.244,0.074,0.405,0.511,0.429,0.309,0.268,0.802,0.682,0.216,0.36,0.83,0.429,0.994,0.599,0.632,0.316,0.979,0.608,0.468,0.016,0.198,0.732,0.968,0.135,0.576,0.615,0.8,0.756,0.971,0.634,0.168,0.124,0.473,0.941,0.297,0.06,0.567,0.517,0.786,0.09,0.132,0.132,0.043,0.53,0.24,0.552,0.213,0.721,0.854,0.997,0.415,0.119,0.756,0.673,0.697,0.541,0.099,0.25,0.962,0.122,0.187,0.11,0.515,0.003,0.333,0.955,0.318,0.67,0.147,0.797,0.596,0.825,0.111,0.51,0.718,0.4,0.502,0.469,0.044,0.656,0.162,0.854,0.35,0.768,0.852,0.173,0.157,0.474,0.139,0.617,0.256,0.985,0.889,0.934,0.505,0.121,0.332,0.267,0.554,0.635,0.074,0.329,0.868,0.161,0.133,0.985,0.507,0.451,0.311,0.639,0.614,0.532,0.035,0.555,0.533,0.683,0.281,0.798,0.395,0.291,0.322,0.722,0.897,0.548,0.771,0.453,0.77,0.033,0.351,0.492,0.065,0.971,0.545,0.562,0.518,0.954,0.759,0.738,0.311,0.627,0.286,0.513,0.605,0.374,0.811,0.92,0.384,0.973,0.421,0.06,0.118,0.91,0.548,0.782,0.301,0.98,0.288,0.559,0.003,0.632,0.362,0.669,0.821,0.134,0.069,0.104,0.09,0.14,0.926,0.036,0.456,0.615,0.086,0.117,0.144,0.698,0.231,0.158,0.964,0.879,0.336,0.596,0.016,0.05,0.169,0.942,0.433,0.053,0.84,0.838,0.51,0.94,0.221,0.322,0.088,0.308,0.371,0.13,0.096,0.021,0.518,0.855,0.356,0.682,0.741,0.705,0.307,0.063,0.534,0.237,0.788,0.558,0.682,0.247,0.969,0.725,0.485,0.509,0.585,0.547,0.245,0.473,0.585,0.174,0.223,0.418,0.061,0.871,0.737,0.774,0.725,0.371,0.278,0.374,0.841,0.699,0.705,0.544,0.918,0.472,0.323,0.241,0.586,0.98,0.803,0.647,0.928,0.761,0.654,0.706,0.355,0.121,0.11,0.862,0.187,0.098,0.791,0.424,0.205,0.13,0.577,0.339,0.971,0.67,0.176,0.691,0.541,0.085,0.952,0.625,0.169,0.368,0.418,0.831,0.271,0.318,0.15,0.596,0.956,0.474,0.636,0.106,0.54,0.888,0.911,0.027,0.842,0.995,0.451,0.057,0.211,0.057,0.232,0.162,0.35,0.67,0.101,0.642,0.637,0.385,0.784,0.533,0.555,0.236,0.196,0.579,0.283,0.139,0.432,0.415,0.787,0.431,0.689,0.078,0.341,0.243,0.21,0.93,0.462,0.3,0.946,0.171,0.421,0.766,0.048,0.826,0.65,0.712,0.398,0.212,0.924,0.317,0.779,0.946,0.284,0.142,0.436,0.071,0.65,0.372,0.626,0.557,0.748,0.831,0.291,0.629,0.185,0.002,0.369,0.008,0.435,0.486,0.666,0.903,0.963,0.301,0.314,0.112,0.884,0.605,0.009,0.981,0.549,0.524,0.196,0.631,0.383,0.344,0.259,0.698,0.028,0.631,0.695,0.638,0.296,0.718,0.987,0.808,0.263,0.87,0.438,0.787,0.938,0.056,0.471,0.389,0.422,0.3,0.888,0.226,0.79,0.063,0.672,0.528,0.722,0.214,0.91,0.752,0.369,0.198,0.363,0.962,0.187,0.961,0.337,0.182,0.792,0.843,0.634,0.447,0.368,0.24,0.464,0.193,0.675,0.107,0.728,0.915,0.274,0.849,0.46,0.877,0.139,0.191,0.298,0.969,0.466,0.678,0.613,0.242,0.698,0.979,0.11,0.239,0.036,0.473,0.429,0.793,0.712,0.345,0.636,0.144,0.546,0.04,0.35,0.471,0.489,0.763,0.011,0.045,0.948,0.607,0.935,0.662,0.021,0.106,0.887,0.197,0.983,0.188,0.455,0.408,0.361,0.246,0.748,0.74,0.8,0.132,0.853,0.65,0.552,0.072,0.322,0.027,0.512,0.674,0.836,0.573,0.292,0.141,0.851,0.158,0.827,0.064,0.571,0.952,0.273,0.941,0.806,0.079,0.864,0.195,0.155,0.438,0.356,0.388,0.851,0.312,0.51,0.678,0.506,0.674,0.816,0.674,0.85,0.198,0.73,0.281,0.147
2020-02-01 19:55:27,0.86,0.607,0.776,0.96,0.545,0.885,0.51,0.996,0.236,0.915,0.631,0.952,0.701,0.674,0.671,0.845,0.389,0.422,0.04,0.441,0.099,0.694,0.947,0.574,0.309,0.767,0.299,0.036,0.023,0.383,0.479,0.891,0.913,0.994,0.504,0.154,0.749,0.782,0.906,0.972,0.234,0.918,0.999,0.751,0.271,0.12,0.74,0.688,0.208,0.679,0.21,0.699,0.531,0.797,0.545,0.174,0.49,0.803,0.034,0.99,0.785,0.846,0.009,0.909,0.785,0.738,0.206,0.958,0.665,0.039,0.498,0.032,0.73,0.879,0.851,0.585,0.341,0.759,0.238,0.166,0.267,0.356,0.698,0.691,0.039,0.144,0.488,0.762,0.098,0.772,0.427,0.269,0.987,0.55,0.702,0.023,0.9,0.305,0.076,0.713,0.853,0.153,0.659,0.709,0.817,0.428,0.159,0.764,0.914,0.565,0.468,0.526,0.782,0.083,0.03,0.033,0.07,0.189,0.511,0.508,0.775,0.379,0.648,0.244,0.858,0.078,0.954,0.331,0.154,0.202,0.897,0.917,0.94,0.553,0.268,0.092,0.629,0.19,0.211,0.431,0.826,0.31,0.599,0.863,0.315,0.254,0.035,0.116,0.189,0.343,0.95,0.637,0.005,0.052,0.116,0.635,0.591,0.439,0.937,0.861,0.815,0.883,0.011,0.316,0.519,0.415,0.246,0.946,0.259,0.656,0.694,0.431,0.32,0.593,0.299,0.221,0.223,0.592,0.286,0.303,0.48,0.386,0.552,0.935,0.829,0.818,0.272,0.39,0.559,0.432,0.317,0.166,0.604,0.878,0.446,0.229,0.464,0.193,0.33,0.442,0.149,0.023,0.224,0.14,0.465,0.86,0.76,0.484,0.637,0.486,0.728,0.183,0.021,0.241,0.609,0.031,0.333,0.769,0.305,0.724,0.442,0.622,0.191,0.286,0.692,0.385,0.623,0.816,0.182,0.193,0.639,0.191,0.964,0.629,0.055,0.409,0.461,0.2,0.07,0.943,0.467,0.389,0.266,0.215,0.516,0.333,0.001,0.428,0.748,0.013,0.18,0.629,0.717,0.005,0.432,0.87,0.912,0.117,0.351,0.912,0.455,0.753,0.681,0.097,0.879,0.495,0.868,0.159,0.313,0.021,0.974,0.888,0.285,0.964,0.482,0.138,0.284,0.947,0.589,0.245,0.008,0.306,0.171,0.507,0.562,1.0,0.106,0.464,0.324,0.361,0.699,0.953,0.077,0.376,0.026,0.055,0.001,0.809,0.441,0.686,0.642,0.393,0.734,0.812,0.133,0.022,0.259,0.773,0.167,0.646,0.065,0.859,0.138,0.063,0.347,0.101,0.24,0.177,0.909,0.979,0.163,0.868,0.371,0.256,0.234,0.018,0.056,0.299,0.021,0.97,0.18,0.774,0.353,0.084,0.227,0.816,0.656,0.005,0.06,0.956,0.429,0.924,0.42,0.509,0.769,0.958,0.323,0.012,0.313,0.626,0.879,0.584,0.953,0.361,0.188,0.352,0.067,0.917,0.113,0.422,0.336,0.075,0.723,0.811,0.4,0.296,0.282,0.489,0.951,0.398,0.674,0.984,0.746,0.031,0.916,0.526,0.535,0.139,0.87,0.769,0.377,0.09,0.928,0.383,0.683,0.747,0.784,0.878,0.601,0.521,0.166,0.044,0.394,0.152,0.89,0.685,0.827,0.806,0.139,0.852,0.817,0.155,0.017,0.498,0.543,0.206,0.369,0.856,0.066,0.349,0.193,0.114,0.496,0.581,0.912,0.911,0.447,0.273,0.501,0.903,0.855,0.225,0.062,0.125,0.256,0.99,0.763,0.505,0.624,0.061,0.052,0.853,0.632,0.307,0.191,0.481,0.463,0.008,0.438,0.625,0.679,0.607,0.153,0.225,0.223,0.745,0.328,0.861,0.466,0.22,0.197,0.338,0.203,0.475,0.801,0.829,0.906,0.797,0.626,0.726,0.251,0.86,0.44,0.327,0.063,0.84,0.976,0.342,0.888,0.313,0.712,0.871,0.229,0.106,0.767,0.433,0.42,0.617,0.113,0.657,0.697,0.403,0.526,0.562,0.19,0.996,0.109,0.802,0.831,0.162,0.845,0.247,0.103,0.286,0.979,0.929,0.058,0.568,0.752,0.78,0.744,0.029,0.453,0.955,0.835,0.155,0.525,0.628,0.421,0.754,0.113,0.348
2020-02-01 19:55:27,0.186,0.504,0.072,0.475,0.266,0.879,0.68,0.064,0.277,0.895,0.13,0.87,0.921,0.939,0.239,0.119,0.963,0.698,0.75,0.48,0.667,0.643,0.292,0.163,0.951,0.556,0.099,0.594,0.581,0.43,0.744,0.747,0.397,0.927,0.096,0.257,0.182,0.457,0.061,0.566,0.12,0.629,0.581,0.696,0.085,0.82,0.536,0.634,0.044,0.015,0.19,0.201,0.468,0.917,0.128,0.983,0.075,0.779,0.809,0.968,0.475,0.395,0.229,0.934,0.34,0.447,0.106,0.097,0.072,0.097,0.853,0.932,0.301,0.853,0.425,0.34,0.308,0.511,0.455,0.799,0.743,0.718,0.478,0.461,0.714,0.293,0.453,0.761,0.93,0.881,0.684,0.334,0.886,0.705,0.017,0.692,0.034,0.749,0.796,0.098,0.384,0.873,0.888,0.069,0.359,0.626,0.696,0.684,0.742,0.831,0.393,0.857,0.454,0.151,0.659,0.457,0.901,0.646,0.686,0.881,0.751,0.151,0.439,0.94,0.998,0.015,0.076,0.438,0.768,0.111,0.843,0.959,0.18,0.057,0.604,0.783,0.76,0.413,0.173,0.359,0.208,0.011,0.039,0.48,0.036,0.708,0.661,0.743,0.236,0.039,0.298,0.599,0.274,0.081,0.635,0.569,0.479,0.078,0.883,0.955,0.566,0.86,0.26,0.716,0.115,0.125,0.888,0.669,0.527,0.655,0.697,0.231,0.838,0.807,0.302,0.808,0.35,0.69,0.637,0.901,0.559,0.757,0.822,0.809,0.408,0.252,0.657,0.99,0.604,0.535,0.142,0.912,0.066,0.802,0.883,0.965,0.714,0.088,0.414,0.496,0.508,0.059,0.754,0.362,0.386,0.459,0.777,0.93,0.808,0.535,0.568,0.51,0.778,0.786,0.663,0.248,0.864,0.668,0.549,0.988,0.747,0.637,0.605,0.485,0.644,0.851,0.759,0.99,0.92,0.015,0.305,0.117,0.039,0.05,0.259,0.221,0.824,0.962,0.82,0.549,0.936,0.728,0.401,0.502,0.084,0.017,0.217,0.435,0.263,0.32,0.945,0.355,0.816,0.392,0.894,0.266,0.422,0.159,0.088,0.505,0.989,0.626,0.176,0.825,0.88,0.701,0.489,0.72,0.396,0.932,0.117,0.408,0.732,0.479,0.282,0.878,0.45,0.341,0.585,0.052,0.963,0.527,0.417,0.143,0.105,0.357,0.563,0.349,0.124,0.183,0.977,0.018,0.531,0.511,0.52,0.48,0.819,0.888,0.672,0.315,0.148,0.343,0.077,0.292,0.181,0.519,0.862,0.342,0.4,0.97,0.657,0.067,0.682,0.072,0.351,0.769,0.797,0.948,0.76,0.687,0.194,0.031,0.481,0.994,0.201,0.862,0.086,0.982,0.717,0.143,0.721,0.632,0.024,0.814,0.051,0.73,0.085,0.619,0.887,0.989,0.21,0.956,0.099,0.192,0.046,0.053,0.172,0.375,0.676,0.134,0.783,0.065,0.901,0.168,0.842,0.913,0.981,0.809,0.364,0.206,0.603,0.661,0.35,0.383,0.741,0.191,0.32,0.284,0.812,0.794,0.097,0.351,0.994,0.646,0.616,0.552,0.845,0.23,0.871,0.317,0.383,0.437,0.626,0.547,0.646,0.378,0.175,0.554,0.946,0.806,0.687,0.542,0.993,0.229,0.986,0.047,0.524,0.782,0.366,0.55,0.866,0.435,0.895,0.796,0.369,0.06,0.776,0.535,0.986,0.314,0.185,0.363,0.589,0.257,0.265,0.971,0.239,0.046,0.257,0.99,0.428,0.426,0.891,0.033,0.824,0.076,0.389,0.463,0.616,0.489,0.264,0.378,0.958,0.22,0.438,0.872,0.204,0.249,0.033,0.66,0.806,0.6,0.429,0.019,0.855,0.336,0.782,0.066,0.512,0.298,0.483,0.091,0.126,0.461,0.979,0.912,0.545,0.201,0.052,0.503,0.054,0.494,0.232,0.593,0.31,0.286,0.665,0.89,0.144,0.769,0.184,0.651,0.323,0.629,0.032,0.62,0.52,0.387,0.084,0.528,0.527,0.846,0.924,0.674,0.352,0.587,0.089,0.86,0.101,0.489,0.037,0.966,0.758,0.6,0.956,0.928,0.713,0.328,0.719,0.264,0.704,0.337,0.939,0.147,0.633,0.868,0.066,0.166,0.551,0.172,0.224,0.452
2020-02-01 19:55:27,0.941,0.131,0.658,0.692,0.783,0.0,0.363,0.143,0.187,0.482,0.876,0.951,0.935,0.463,0.931,0.323,0.201,0.626,0.828,0.958,0.984,0.479,0.045,0.8,0.76,0.955,0.717,0.254,0.288,0.622,0.902,0.258,0.569,0.434,0.577,0.697,0.302,0.528,0.948,0.781,0.41,0.633,0.637,0.023,0.175,0.033,0.07,0.777,0.083,0.201,0.573,0.243,0.972,0.754,0.474,0.177,0.267,0.841,0.857,0.84,0.808,0.262,0.783,0.586,0.1,0.297,0.017,0.077,0.644,0.825,0.612,0.415,0.88,0.957,0.13,0.386,0.872,0.778,0.699,0.377,0.812,0.182,0.69,0.804,0.592,0.345,0.5,0.236,0.537,0.75,0.52,0.696,0.959,0.858,0.489,0.376,0.28,0.902,0.264,0.645,0.651,0.904,0.257,0.07,0.521,0.064,0.707,0.887,0.413,0.052,0.288,0.381,0.234,0.107,0.764,0.407,0.631,0.802,0.939,0.498,0.62,0.804,0.386,0.682,0.089,0.641,0.817,0.859,0.822,0.82,0.674,0.433,0.351,0.997,0.807,0.55,0.691,0.733,0.346,0.526,0.045,0.91,0.292,0.49,0.256,0.778,0.921,0.195,0.009,0.211,0.978,0.772,0.162,0.128,0.052,0.996,0.424,0.012,0.627,0.623,0.261,0.129,0.675,0.58,0.083,0.311,0.884,0.292,0.232,0.008,0.114,0.865,0.189,0.811,0.22,0.002,0.374,0.895,0.008,0.827,0.87,0.462,0.915,0.279,0.959,0.465,0.796,0.133,0.902,0.209,0.648,0.7,0.474,0.364,0.565,0.691,0.293,0.808,0.383,0.927,0.913,0.913,0.52,0.654,0.49,0.814,0.83,0.531,0.364,0.664,0.522,0.056,0.654,0.583,0.314,0.257,0.712,0.41,0.983,0.85,0.518,0.329,0.679,0.559,0.899,0.797,0.983,0.197,0.323,0.892,0.116,0.841,0.802,0.59,0.135,0.636,0.053,0.73,0.625,0.74,0.797,0.862,0.231,0.77,0.467,0.005,0.459,0.303,0.621,0.463,0.551,0.976,0.366,0.02,0.928,0.243,0.82,0.122,0.403,0.092,0.564,0.162,0.814,1.0,0.652,0.895,0.197,0.762,0.86,0.049,0.82,0.616,0.772,0.098,0.542,0.732,0.879,0.807,0.447,0.879,0.479,0.324,0.298,0.155,0.494,0.681,0.951,0.542,0.059,0.409,0.929,0.285,0.38,0.444,0.524,0.422,0.2,0.022,0.701,0.413,0.129,0.758,0.821,0.498,0.896,0.506,0.612,0.505,0.628,0.094,0.476,0.614,0.758,0.767,0.894,0.525,0.561,0.016,0.287,0.65,0.137,0.519,0.895,0.894,0.295,0.202,0.673,0.025,0.052,0.541,0.361,0.38,0.81,0.146,0.404,0.191,0.362,0.2,0.81,0.861,0.636,0.906,0.72,0.403,0.96,0.117,0.747,0.922,0.612,0.646,0.247,0.408,0.297,0.213,0.311,0.987,0.312,0.643,0.416,0.49,0.599,0.43,0.969,0.749,0.961,0.683,0.354,0.16,0.36,0.87,0.95,0.651,0.538,0.281,0.105,0.575,0.95,0.716,0.715,0.181,0.177,0.244,0.018,0.188,0.676,0.117,0.99,0.187,0.176,0.652,0.97,0.403,0.068,0.963,0.08,0.824,0.427,0.971,0.648,0.872,0.834,0.424,0.359,0.97,0.004,0.816,0.84,0.203,0.927,0.7,0.716,0.336,0.887,0.572,0.837,0.447,0.242,0.792,0.322,0.519,0.269,0.581,0.824,0.585,0.972,0.317,0.465,0.155,0.197,0.282,0.728,0.861,0.437,0.34,0.914,0.664,0.207,0.655,0.005,0.549,0.523,0.761,0.003,0.94,0.203,0.796,0.863,0.457,0.392,0.971,0.916,0.241,0.54,0.602,0.745,0.373,0.072,0.258,0.03,0.47,0.809,0.114,0.309,0.777,0.213,0.559,0.279,0.77,0.423,0.029,0.006,0.138,0.397,0.631,0.348,0.98,0.022,0.435,0.367,0.22,0.31,0.816,0.85,0.363,0.502,0.277,0.166,0.335,0.344,0.332,0.326,0.391,0.652,0.969,0.231,0.097,0.417,0.541,0.442,0.647,0.017,0.072,0.193,0.917,0.717,0.146,0.227,0.438,0.41,0.847,0.514,0.079
2020-02-01 19:55:27,0.584,0.505,0.121,0.216,0.145,0.173,0.692,0.333,0.016,0.841,0.398,0.732,0.225,0.78,0.255,0.443,0.501,0.035,0.017,0.97,0.666,0.119,0.497,0.724,0.619,0.68,0.726,0.891,0.281,0.902,0.624,0.885,0.319,0.699,0.732,0.335,0.461,0.356,0.871,0.413,0.185,0.175,0.292,0.828,0.851,0.689,0.551,0.864,0.366,0.315,0.8,0.441,0.016,0.528,0.34,0.071,0.135,0.866,0.178,0.741,0.713,0.502,0.308,0.86,0.259,0.727,0.608,0.916,0.616,0.371,0.08,0.947,0.813,0.559,0.188,0.837,0.383,0.702,0.468,0.321,0.103,0.186,0.599,0.718,0.203,0.112,0.633,0.094,0.092,0.663,0.599,0.587,0.046,0.891,0.22,0.865,0.462,0.439,0.659,0.522,0.97,0.353,0.352,0.894,0.415,0.389,0.776,0.445,0.687,0.134,0.559,0.802,0.877,0.945,0.496,0.377,0.222,0.537,0.119,0.191,0.357,0.425,0.029,0.197,0.897,0.65,0.554,0.245,0.889,0.958,0.01,0.234,0.814,0.009,0.799,0.697,0.803,0.823,0.538,0.739,0.318,0.958,0.023,0.529,0.444,0.786,0.902,0.789,0.771,0.681,0.971,0.543,0.429,0.026,0.888,0.359,0.691,0.07,0.317,0.498,0.603,0.079,0.915,0.878,0.029,0.34,0.496,0.647,0.746,0.156,0.617,0.153,0.41,0.459,0.76,0.508,0.512,0.138,0.282,0.613,0.203,0.1,0.21,0.378,0.501,0.181,0.681,0.656,0.57,0.3,0.338,0.093,0.771,0.406,0.362,0.334,0.244,0.925,0.224,0.444,0.188,0.78,0.196,0.57,0.35,0.253,0.89,0.071,0.651,0.136,0.812,0.74,0.757,0.713,0.596,0.778,0.955,0.137,0.402,0.264,0.517,0.021,0.984,0.197,0.409,0.722,0.679,0.052,0.807,0.795,0.147,0.31,0.854,0.063,0.138,0.102,0.927,0.044,0.737,0.129,0.735,0.941,0.991,0.054,0.368,0.799,0.144,0.688,0.976,0.716,0.497,0.427,0.643,0.994,0.483,0.304,0.274,0.605,0.243,0.844,0.804,0.982,0.752,0.43,0.547,0.597,0.018,0.793,0.289,0.835,0.18,0.308,0.059,0.492,0.523,0.544,0.811,0.903,0.19,0.28,0.736,0.671,0.74,0.067,0.963,0.531,0.896,0.107,0.508,0.326,0.548,0.356,0.231,0.17,0.035,0.943,0.833,0.347,0.614,0.685,0.459,0.912,0.515,0.033,0.384,0.015,0.618,0.963,0.326,0.962,0.685,0.103,0.651,0.852,0.977,0.419,0.466,0.821,0.652,0.733,0.701,0.098,0.142,0.581,0.056,0.803,0.756,0.997,0.339,0.938,0.574,0.66,0.761,0.211,0.989,0.25,0.598,0.172,0.515,0.762,0.051,0.131,0.079,0.58,0.262,0.901,0.662,0.691,0.133,0.944,0.766,0.939,0.695,0.629,0.306,0.356,0.973,0.591,0.02,0.175,0.173,0.251,0.832,0.485,0.877,0.111,0.344,0.28,0.244,0.462,0.257,0.606,0.082,0.963,0.823,0.476,0.083,0.476,0.475,0.178,0.658,0.85,0.063,0.038,0.832,0.135,0.056,0.568,0.121,0.727,0.003,0.813,0.152,0.874,0.169,0.44,0.643,0.98,0.579,0.55,0.139,0.985,0.704,0.784,0.207,0.521,0.263,0.057,0.719,0.919,0.835,0.872,0.387,0.251,0.347,0.114,0.131,0.946,0.768,0.693,0.72,0.937,0.06,0.921,0.796,0.04,0.598,0.654,0.348,0.264,0.736,0.319,0.327,0.068,0.904,0.345,0.445,0.08,0.114,0.051,0.917,0.096,0.848,0.249,0.724,0.218,0.011,0.836,0.397,0.298,0.666,0.998,0.066,0.339,0.412,0.294,0.912,0.267,0.667,0.793,0.739,0.871,0.284,0.388,0.08,0.327,0.614,0.198,0.057,0.987,0.087,0.26,0.913,0.727,0.751,0.593,0.435,0.709,0.228,0.206,0.613,0.104,0.121,0.046,0.393,0.689,0.155,0.472,0.77,0.826,0.177,0.925,0.043,0.757,0.319,0.354,0.038,0.957,0.279,0.488,0.656,0.376,0.319,0.188,0.793,0.802,0.774,0.113,0.534,0.413,0.007,0.056
2020-02-01 19:55:27,0.307,0.525,0.283,0.94,0.223,0.495,0.516,0.802,0.315,0.136,0.221,0.145,0.335,0.599,0.931,0.268,0.765,0.6,0.86,0.072,0.561,0.971,0.413,0.655,0.188,0.023,0.973,0.004,0.689,0.442,0.712,0.206,0.237,0.309,0.095,0.357,0.949,0.061,0.926,0.797,0.732,0.737,0.207,0.122,0.052,0.214,0.49,0.838,0.494,0.962,0.862,0.543,0.927,0.568,0.589,0.302,0.618,0.791,0.116,0.856,0.828,0.181,0.557,0.891,0.062,0.387,0.774,0.783,0.711,0.772,0.464,0.433,0.369,0.453,0.309,0.085,0.045,0.433,0.724,0.542,0.897,0.466,0.144,0.5,0.172,0.573,0.064,0.591,0.471,0.931,0.934,0.531,0.024,0.302,0.239,0.177,0.632,0.503,0.7,0.11,0.936,0.841,0.667,0.262,0.319,0.742,0.174,0.071,0.397,0.592,0.202,0.75,0.192,0.547,0.571,0.12,0.884,0.29,0.575,0.673,0.922,0.994,0.67,0.983,0.042,0.168,0.423,0.394,0.813,0.311,0.658,0.262,0.369,0.991,0.057,0.563,0.502,0.025,0.714,0.89,0.317,0.634,0.058,0.425,0.548,0.263,0.127,0.039,0.166,0.894,0.873,0.51,0.902,0.854,0.669,0.528,0.564,0.063,0.814,0.874,0.029,0.267,0.618,0.855,0.606,0.388,0.65,0.646,0.877,0.957,0.794,0.706,0.976,0.212,0.761,0.738,0.404,0.056,0.327,0.261,0.254,0.174,0.771,0.178,0.735,0.017,0.864,0.539,0.649,0.69,0.096,0.251,0.081,0.58,0.091,0.119,0.834,0.775,0.498,0.079,0.543,0.33,0.638,0.271,0.002,0.476,0.272,0.53,0.063,0.368,0.331,0.607,0.431,0.203,0.459,0.348,0.332,0.792,0.107,0.796,0.909,0.455,0.352,0.311,0.655,0.315,0.807,0.34,0.531,0.932,0.436,0.625,0.837,0.453,0.744,0.97,0.008,0.819,0.802,0.808,0.698,0.072,0.392,0.982,0.312,0.724,0.515,0.792,0.913,0.36,0.07,0.274,0.88,0.49,0.461,0.681,0.682,0.729,0.615,0.187,0.358,0.417,0.84,0.228,0.032,0.463,0.269,0.3,0.236,0.931,0.928,0.391,0.037,0.207,0.363,0.579,0.91,0.528,0.456,0.678,0.71,0.96,0.717,0.21,0.373,0.713,0.587,0.29,0.378,0.666,0.807,0.723,0.255,0.603,0.422,0.366,0.132,0.659,0.435,0.656,0.916,0.695,0.28,0.772,0.821,0.753,0.56,0.846,0.645,0.142,0.609,0.835,0.505,0.232,0.275,0.013,0.366,0.341,0.343,0.607,0.428,0.384,0.55,0.202,0.956,0.057,0.923,0.462,0.627,0.607,0.943,0.385,0.984,0.14,0.761,0.044,0.57,0.743,0.456,0.658,0.723,0.929,0.653,0.483,0.618,0.22,0.278,0.773,0.194,0.216,0.483,0.657,0.188,0.639,0.052,0.008,0.008,0.788,0.704,0.778,0.428,0.242,0.085,0.377,0.843,0.743,0.13,0.767,0.399,0.802,0.688,0.562,0.559,0.509,0.008,0.988,0.613,0.999,0.24,0.733,0.428,0.239,0.273,0.556,0.969,0.852,0.202,0.26,0.363,0.458,0.388,0.741,0.203,0.298,0.469,0.6,0.597,0.532,0.846,0.321,0.326,0.81,0.822,0.49,0.797,0.626,0.68,0.724,0.218,0.915,0.462,0.794,0.045,0.597,0.63,0.898,0.517,0.034,0.492,0.721,0.37,0.12,0.292,0.484,0.8,0.403,0.263,0.552,0.628,0.093,0.785,0.038,0.875,0.403,0.671,0.703,0.531,0.771,0.97,0.573,0.069,0.219,0.751,0.368,0.369,0.384,0.408,0.24,0.671,0.346,0.233,0.329,0.505,0.664,0.371,0.705,0.065,0.913,0.229,0.574,0.057,0.385,0.168,0.588,0.538,0.238,0.081,0.525,0.965,0.428,0.619,0.583,0.895,0.35,0.944,0.072,0.782,0.281,0.384,0.12,0.113,0.03,0.502,0.776,0.035,0.928,0.737,0.427,0.419,0.806,0.923,0.09,0.185,0.414,0.365,0.301,0.402,0.109,0.685,0.673,0.76,0.218,0.583,0.431,0.594,0.036,0.769,0.14,0.289,0.755,0.179,0.158
